"config_id","job_type_id","job_type_code","process_id","subprocess_id","process_code","subprocess_code","department_id","event_type_code","event_label","approval_type_id","approval_level","recipient_type","notify_assignee","notify_dept_head","notify_supervisor","notify_approver","notify_client_sms","notify_client_whatsapp","notify_client_email","notify_internal_sms","notify_internal_whatsapp","notify_internal_email","notify_push","notify_topup_alert","template_code","subject_template","body_template","sla_hours","escalate_after_hours","escalate_to","overdue_reminder_interval_hours","trigger_on_status","auto_trigger","trigger_condition","payload_config","ai_config","meta","priority","is_mandatory","is_active","sequence_no","created_by","created_on","modified_by","modified_on"
"1577",1001,"FULL_OFFSET",2,2,"ENQ_JOB","ENQ_JOB","9999","PROC_START","Enquiry Creation Started",NULL,1,"PARTY",True,True,False,True,False,True,True,False,False,True,True,False,"P_ENQ_JOB","[FULL_OFFSET] Enquiry Workflow [PROC_START] - {job_no}","Process: Enquiry Creation (ENQ_JOB)
Event: PROC_START
Job No: {job_no}
Work Note: Update step status and part-wise completion in workspace.","2.00","2.00","DEPT_HEAD","2.00","PENDING",True,NULL,"{""channels"": {""push"": true, ""email"": true, ""workspace"": true}, ""eventType"": ""PROC_START"", ""jobTypeCode"": ""FULL_OFFSET"", ""jobTypeName"": ""Full Job – Offset Printing"", ""processCode"": ""ENQ_JOB"", ""printingMode"": ""OFFSET"", ""isFullProcess"": true, ""isOutsourceJob"": false, ""isSingleProcess"": false, ""isInhouseMaterial"": true, ""isCustomerMaterial"": false, ""allowAdvancePayment"": true, ""requireCostingApproval"": true}","{""model"": ""agentic-workspace-v1"", ""enabled"": true, ""purpose"": ""process-work-guidance""}","{""seededFrom"": ""mst_process + mst_job_type + mst_department"", ""taskTypeLogic"": ""process.isapprovalrequired + client approval + job-type nature"", ""partyRoutingDepartment"": 9999}","HIGH",True,True,21,"SYSTEM","2026-04-16 08:57:33.887592",NULL,"2026-04-16 08:57:33.887592"
"1578",1001,"FULL_OFFSET",2,2,"ENQ_JOB","ENQ_JOB","9999","TASK_ASSIGNED","Enquiry Creation Assigned",NULL,1,"PARTY",True,True,False,True,False,True,True,False,False,True,True,False,"P_ENQ_JOB","[FULL_OFFSET] Enquiry Workflow [TASK_ASSIGNED] - {job_no}","Process: Enquiry Creation (ENQ_JOB)
Event: TASK_ASSIGNED
Job No: {job_no}
Work Note: Update step status and part-wise completion in workspace.","2.00","2.00","DEPT_HEAD","2.00","PENDING",True,NULL,"{""channels"": {""push"": true, ""email"": true, ""workspace"": true}, ""eventType"": ""TASK_ASSIGNED"", ""jobTypeCode"": ""FULL_OFFSET"", ""jobTypeName"": ""Full Job – Offset Printing"", ""processCode"": ""ENQ_JOB"", ""printingMode"": ""OFFSET"", ""isFullProcess"": true, ""isOutsourceJob"": false, ""isSingleProcess"": false, ""isInhouseMaterial"": true, ""isCustomerMaterial"": false, ""allowAdvancePayment"": true, ""requireCostingApproval"": true}","{""model"": ""agentic-workspace-v1"", ""enabled"": true, ""purpose"": ""process-work-guidance""}","{""seededFrom"": ""mst_process + mst_job_type + mst_department"", ""taskTypeLogic"": ""process.isapprovalrequired + client approval + job-type nature"", ""partyRoutingDepartment"": 9999}","HIGH",True,True,22,"SYSTEM","2026-04-16 08:57:33.887592",NULL,"2026-04-16 08:57:33.887592"
"1579",1001,"FULL_OFFSET",2,2,"ENQ_JOB","ENQ_JOB","9999","TASK_OVERDUE","Enquiry Creation Overdue",NULL,1,"PARTY",True,True,False,True,False,True,True,False,False,True,True,False,"P_ENQ_JOB","[FULL_OFFSET] Enquiry Workflow [TASK_OVERDUE] - {job_no}","Process: Enquiry Creation (ENQ_JOB)
Event: TASK_OVERDUE
Job No: {job_no}
Work Note: Update step status and part-wise completion in workspace.","2.00","2.00","DEPT_HEAD","2.00","OVERDUE",False,NULL,"{""channels"": {""push"": true, ""email"": true, ""workspace"": true}, ""eventType"": ""TASK_OVERDUE"", ""jobTypeCode"": ""FULL_OFFSET"", ""jobTypeName"": ""Full Job – Offset Printing"", ""processCode"": ""ENQ_JOB"", ""printingMode"": ""OFFSET"", ""isFullProcess"": true, ""isOutsourceJob"": false, ""isSingleProcess"": false, ""isInhouseMaterial"": true, ""isCustomerMaterial"": false, ""allowAdvancePayment"": true, ""requireCostingApproval"": true}","{""model"": ""agentic-workspace-v1"", ""enabled"": true, ""purpose"": ""process-work-guidance""}","{""seededFrom"": ""mst_process + mst_job_type + mst_department"", ""taskTypeLogic"": ""process.isapprovalrequired + client approval + job-type nature"", ""partyRoutingDepartment"": 9999}","HIGH",True,True,23,"SYSTEM","2026-04-16 08:57:33.887592",NULL,"2026-04-16 08:57:33.887592"
"1580",1001,"FULL_OFFSET",2,2,"ENQ_JOB","ENQ_JOB","9999","TASK_COMPLETED","Enquiry Creation Completed",NULL,1,"PARTY",True,True,False,True,False,True,True,False,False,True,True,False,"P_ENQ_JOB","[FULL_OFFSET] Enquiry Workflow [TASK_COMPLETED] - {job_no}","Process: Enquiry Creation (ENQ_JOB)
Event: TASK_COMPLETED
Job No: {job_no}
Work Note: Update step status and part-wise completion in workspace.","2.00","2.00","DEPT_HEAD","2.00","COMPLETED",False,NULL,"{""channels"": {""push"": true, ""email"": true, ""workspace"": true}, ""eventType"": ""TASK_COMPLETED"", ""jobTypeCode"": ""FULL_OFFSET"", ""jobTypeName"": ""Full Job – Offset Printing"", ""processCode"": ""ENQ_JOB"", ""printingMode"": ""OFFSET"", ""isFullProcess"": true, ""isOutsourceJob"": false, ""isSingleProcess"": false, ""isInhouseMaterial"": true, ""isCustomerMaterial"": false, ""allowAdvancePayment"": true, ""requireCostingApproval"": true}","{""model"": ""agentic-workspace-v1"", ""enabled"": true, ""purpose"": ""process-work-guidance""}","{""seededFrom"": ""mst_process + mst_job_type + mst_department"", ""taskTypeLogic"": ""process.isapprovalrequired + client approval + job-type nature"", ""partyRoutingDepartment"": 9999}","HIGH",True,True,24,"SYSTEM","2026-04-16 08:57:33.887592",NULL,"2026-04-16 08:57:33.887592"
"1581",1001,"FULL_OFFSET",3,3,"ENQ_EST","ENQ_EST","1008","PROC_START","Estimation / Costing Started",NULL,1,"INTERNAL",True,True,False,True,False,False,False,False,False,True,True,False,"P_EST","[FULL_OFFSET] Estimation [PROC_START] - {job_no}","Process: Estimation / Costing (ENQ_EST)
Event: PROC_START
Job No: {job_no}
Work Note: Update step status and part-wise completion in workspace.","6.00","2.00","DEPT_HEAD","2.00","PENDING",True,NULL,"{""channels"": {""push"": true, ""email"": true, ""workspace"": true}, ""eventType"": ""PROC_START"", ""jobTypeCode"": ""FULL_OFFSET"", ""jobTypeName"": ""Full Job – Offset Printing"", ""processCode"": ""ENQ_EST"", ""printingMode"": ""OFFSET"", ""isFullProcess"": true, ""isOutsourceJob"": false, ""isSingleProcess"": false, ""isInhouseMaterial"": true, ""isCustomerMaterial"": false, ""allowAdvancePayment"": true, ""requireCostingApproval"": true}","{""model"": ""agentic-workspace-v1"", ""enabled"": true, ""purpose"": ""process-work-guidance""}","{""seededFrom"": ""mst_process + mst_job_type + mst_department"", ""taskTypeLogic"": ""process.isapprovalrequired + client approval + job-type nature"", ""partyRoutingDepartment"": 9999}","HIGH",True,True,31,"SYSTEM","2026-04-16 08:57:33.887592",NULL,"2026-04-16 08:57:33.887592"
"1582",1001,"FULL_OFFSET",3,3,"ENQ_EST","ENQ_EST","1008","TASK_ASSIGNED","Estimation / Costing Assigned",NULL,1,"INTERNAL",True,True,False,True,False,False,False,False,False,True,True,False,"P_EST","[FULL_OFFSET] Estimation [TASK_ASSIGNED] - {job_no}","Process: Estimation / Costing (ENQ_EST)
Event: TASK_ASSIGNED
Job No: {job_no}
Work Note: Update step status and part-wise completion in workspace.","6.00","2.00","DEPT_HEAD","2.00","PENDING",True,NULL,"{""channels"": {""push"": true, ""email"": true, ""workspace"": true}, ""eventType"": ""TASK_ASSIGNED"", ""jobTypeCode"": ""FULL_OFFSET"", ""jobTypeName"": ""Full Job – Offset Printing"", ""processCode"": ""ENQ_EST"", ""printingMode"": ""OFFSET"", ""isFullProcess"": true, ""isOutsourceJob"": false, ""isSingleProcess"": false, ""isInhouseMaterial"": true, ""isCustomerMaterial"": false, ""allowAdvancePayment"": true, ""requireCostingApproval"": true}","{""model"": ""agentic-workspace-v1"", ""enabled"": true, ""purpose"": ""process-work-guidance""}","{""seededFrom"": ""mst_process + mst_job_type + mst_department"", ""taskTypeLogic"": ""process.isapprovalrequired + client approval + job-type nature"", ""partyRoutingDepartment"": 9999}","HIGH",True,True,32,"SYSTEM","2026-04-16 08:57:33.887592",NULL,"2026-04-16 08:57:33.887592"
"1583",1001,"FULL_OFFSET",3,3,"ENQ_EST","ENQ_EST","1008","TASK_OVERDUE","Estimation / Costing Overdue",NULL,1,"INTERNAL",True,True,False,True,False,False,False,False,False,True,True,False,"P_EST","[FULL_OFFSET] Estimation [TASK_OVERDUE] - {job_no}","Process: Estimation / Costing (ENQ_EST)
Event: TASK_OVERDUE
Job No: {job_no}
Work Note: Update step status and part-wise completion in workspace.","6.00","2.00","DEPT_HEAD","2.00","OVERDUE",False,NULL,"{""channels"": {""push"": true, ""email"": true, ""workspace"": true}, ""eventType"": ""TASK_OVERDUE"", ""jobTypeCode"": ""FULL_OFFSET"", ""jobTypeName"": ""Full Job – Offset Printing"", ""processCode"": ""ENQ_EST"", ""printingMode"": ""OFFSET"", ""isFullProcess"": true, ""isOutsourceJob"": false, ""isSingleProcess"": false, ""isInhouseMaterial"": true, ""isCustomerMaterial"": false, ""allowAdvancePayment"": true, ""requireCostingApproval"": true}","{""model"": ""agentic-workspace-v1"", ""enabled"": true, ""purpose"": ""process-work-guidance""}","{""seededFrom"": ""mst_process + mst_job_type + mst_department"", ""taskTypeLogic"": ""process.isapprovalrequired + client approval + job-type nature"", ""partyRoutingDepartment"": 9999}","HIGH",True,True,33,"SYSTEM","2026-04-16 08:57:33.887592",NULL,"2026-04-16 08:57:33.887592"
"1584",1001,"FULL_OFFSET",3,3,"ENQ_EST","ENQ_EST","1008","TASK_COMPLETED","Estimation / Costing Completed",NULL,1,"INTERNAL",True,True,False,True,False,False,False,False,False,True,True,False,"P_EST","[FULL_OFFSET] Estimation [TASK_COMPLETED] - {job_no}","Process: Estimation / Costing (ENQ_EST)
Event: TASK_COMPLETED
Job No: {job_no}
Work Note: Update step status and part-wise completion in workspace.","6.00","2.00","DEPT_HEAD","2.00","COMPLETED",False,NULL,"{""channels"": {""push"": true, ""email"": true, ""workspace"": true}, ""eventType"": ""TASK_COMPLETED"", ""jobTypeCode"": ""FULL_OFFSET"", ""jobTypeName"": ""Full Job – Offset Printing"", ""processCode"": ""ENQ_EST"", ""printingMode"": ""OFFSET"", ""isFullProcess"": true, ""isOutsourceJob"": false, ""isSingleProcess"": false, ""isInhouseMaterial"": true, ""isCustomerMaterial"": false, ""allowAdvancePayment"": true, ""requireCostingApproval"": true}","{""model"": ""agentic-workspace-v1"", ""enabled"": true, ""purpose"": ""process-work-guidance""}","{""seededFrom"": ""mst_process + mst_job_type + mst_department"", ""taskTypeLogic"": ""process.isapprovalrequired + client approval + job-type nature"", ""partyRoutingDepartment"": 9999}","HIGH",True,True,34,"SYSTEM","2026-04-16 08:57:33.887592",NULL,"2026-04-16 08:57:33.887592"
"1585",1001,"FULL_OFFSET",4,4,"QUOT","QUOT","9999","PROC_START","Quotation Generation Started",NULL,1,"PARTY",True,True,False,True,False,True,True,False,False,True,True,False,"P_QUOT","[FULL_OFFSET] Quotation [PROC_START] - {job_no}","Process: Quotation Generation (QUOT)
Event: PROC_START
Job No: {job_no}
Work Note: Update step status and part-wise completion in workspace.","4.00","2.00","DEPT_HEAD","2.00","PENDING",True,NULL,"{""channels"": {""push"": true, ""email"": true, ""workspace"": true}, ""eventType"": ""PROC_START"", ""jobTypeCode"": ""FULL_OFFSET"", ""jobTypeName"": ""Full Job – Offset Printing"", ""processCode"": ""QUOT"", ""printingMode"": ""OFFSET"", ""isFullProcess"": true, ""isOutsourceJob"": false, ""isSingleProcess"": false, ""isInhouseMaterial"": true, ""isCustomerMaterial"": false, ""allowAdvancePayment"": true, ""requireCostingApproval"": true}","{""model"": ""agentic-workspace-v1"", ""enabled"": true, ""purpose"": ""process-work-guidance""}","{""seededFrom"": ""mst_process + mst_job_type + mst_department"", ""taskTypeLogic"": ""process.isapprovalrequired + client approval + job-type nature"", ""partyRoutingDepartment"": 9999}","HIGH",True,True,41,"SYSTEM","2026-04-16 08:57:33.887592",NULL,"2026-04-16 08:57:33.887592"
"1586",1001,"FULL_OFFSET",4,4,"QUOT","QUOT","9999","TASK_ASSIGNED","Quotation Generation Assigned",NULL,1,"PARTY",True,True,False,True,False,True,True,False,False,True,True,False,"P_QUOT","[FULL_OFFSET] Quotation [TASK_ASSIGNED] - {job_no}","Process: Quotation Generation (QUOT)
Event: TASK_ASSIGNED
Job No: {job_no}
Work Note: Update step status and part-wise completion in workspace.","4.00","2.00","DEPT_HEAD","2.00","PENDING",True,NULL,"{""channels"": {""push"": true, ""email"": true, ""workspace"": true}, ""eventType"": ""TASK_ASSIGNED"", ""jobTypeCode"": ""FULL_OFFSET"", ""jobTypeName"": ""Full Job – Offset Printing"", ""processCode"": ""QUOT"", ""printingMode"": ""OFFSET"", ""isFullProcess"": true, ""isOutsourceJob"": false, ""isSingleProcess"": false, ""isInhouseMaterial"": true, ""isCustomerMaterial"": false, ""allowAdvancePayment"": true, ""requireCostingApproval"": true}","{""model"": ""agentic-workspace-v1"", ""enabled"": true, ""purpose"": ""process-work-guidance""}","{""seededFrom"": ""mst_process + mst_job_type + mst_department"", ""taskTypeLogic"": ""process.isapprovalrequired + client approval + job-type nature"", ""partyRoutingDepartment"": 9999}","HIGH",True,True,42,"SYSTEM","2026-04-16 08:57:33.887592",NULL,"2026-04-16 08:57:33.887592"
"1587",1001,"FULL_OFFSET",4,4,"QUOT","QUOT","9999","TASK_OVERDUE","Quotation Generation Overdue",NULL,1,"PARTY",True,True,False,True,False,True,True,False,False,True,True,False,"P_QUOT","[FULL_OFFSET] Quotation [TASK_OVERDUE] - {job_no}","Process: Quotation Generation (QUOT)
Event: TASK_OVERDUE
Job No: {job_no}
Work Note: Update step status and part-wise completion in workspace.","4.00","2.00","DEPT_HEAD","2.00","OVERDUE",False,NULL,"{""channels"": {""push"": true, ""email"": true, ""workspace"": true}, ""eventType"": ""TASK_OVERDUE"", ""jobTypeCode"": ""FULL_OFFSET"", ""jobTypeName"": ""Full Job – Offset Printing"", ""processCode"": ""QUOT"", ""printingMode"": ""OFFSET"", ""isFullProcess"": true, ""isOutsourceJob"": false, ""isSingleProcess"": false, ""isInhouseMaterial"": true, ""isCustomerMaterial"": false, ""allowAdvancePayment"": true, ""requireCostingApproval"": true}","{""model"": ""agentic-workspace-v1"", ""enabled"": true, ""purpose"": ""process-work-guidance""}","{""seededFrom"": ""mst_process + mst_job_type + mst_department"", ""taskTypeLogic"": ""process.isapprovalrequired + client approval + job-type nature"", ""partyRoutingDepartment"": 9999}","HIGH",True,True,43,"SYSTEM","2026-04-16 08:57:33.887592",NULL,"2026-04-16 08:57:33.887592"
"1588",1001,"FULL_OFFSET",4,4,"QUOT","QUOT","9999","TASK_COMPLETED","Quotation Generation Completed",NULL,1,"PARTY",True,True,False,True,False,True,True,False,False,True,True,False,"P_QUOT","[FULL_OFFSET] Quotation [TASK_COMPLETED] - {job_no}","Process: Quotation Generation (QUOT)
Event: TASK_COMPLETED
Job No: {job_no}
Work Note: Update step status and part-wise completion in workspace.","4.00","2.00","DEPT_HEAD","2.00","COMPLETED",False,NULL,"{""channels"": {""push"": true, ""email"": true, ""workspace"": true}, ""eventType"": ""TASK_COMPLETED"", ""jobTypeCode"": ""FULL_OFFSET"", ""jobTypeName"": ""Full Job – Offset Printing"", ""processCode"": ""QUOT"", ""printingMode"": ""OFFSET"", ""isFullProcess"": true, ""isOutsourceJob"": false, ""isSingleProcess"": false, ""isInhouseMaterial"": true, ""isCustomerMaterial"": false, ""allowAdvancePayment"": true, ""requireCostingApproval"": true}","{""model"": ""agentic-workspace-v1"", ""enabled"": true, ""purpose"": ""process-work-guidance""}","{""seededFrom"": ""mst_process + mst_job_type + mst_department"", ""taskTypeLogic"": ""process.isapprovalrequired + client approval + job-type nature"", ""partyRoutingDepartment"": 9999}","HIGH",True,True,44,"SYSTEM","2026-04-16 08:57:33.887592",NULL,"2026-04-16 08:57:33.887592"
"1589",1001,"FULL_OFFSET",5,5,"QUOT_APPR","QUOT_APPR","1001","PROC_START","Quotation Approval Started",NULL,1,"INTERNAL",True,True,False,True,False,False,False,False,False,True,True,False,"P_QUOT_APPR","[FULL_OFFSET] Quotation Approval [PROC_START] - {job_no}","Process: Quotation Approval (QUOT_APPR)
Event: PROC_START
Job No: {job_no}
Work Note: Update step status and part-wise completion in workspace.","8.00","2.00","DEPT_HEAD","2.00","PENDING",True,NULL,"{""channels"": {""push"": true, ""email"": true, ""workspace"": true}, ""eventType"": ""PROC_START"", ""jobTypeCode"": ""FULL_OFFSET"", ""jobTypeName"": ""Full Job – Offset Printing"", ""processCode"": ""QUOT_APPR"", ""printingMode"": ""OFFSET"", ""isFullProcess"": true, ""isOutsourceJob"": false, ""isSingleProcess"": false, ""isInhouseMaterial"": true, ""isCustomerMaterial"": false, ""allowAdvancePayment"": true, ""requireCostingApproval"": true}","{""model"": ""agentic-workspace-v1"", ""enabled"": true, ""purpose"": ""process-work-guidance""}","{""seededFrom"": ""mst_process + mst_job_type + mst_department"", ""taskTypeLogic"": ""process.isapprovalrequired + client approval + job-type nature"", ""partyRoutingDepartment"": 9999}","HIGH",True,True,51,"SYSTEM","2026-04-16 08:57:33.887592",NULL,"2026-04-16 08:57:33.887592"
"1590",1001,"FULL_OFFSET",5,5,"QUOT_APPR","QUOT_APPR","1001","TASK_ASSIGNED","Quotation Approval Assigned",NULL,1,"INTERNAL",True,True,False,True,False,False,False,False,False,True,True,False,"P_QUOT_APPR","[FULL_OFFSET] Quotation Approval [TASK_ASSIGNED] - {job_no}","Process: Quotation Approval (QUOT_APPR)
Event: TASK_ASSIGNED
Job No: {job_no}
Work Note: Update step status and part-wise completion in workspace.","8.00","2.00","DEPT_HEAD","2.00","PENDING",True,NULL,"{""channels"": {""push"": true, ""email"": true, ""workspace"": true}, ""eventType"": ""TASK_ASSIGNED"", ""jobTypeCode"": ""FULL_OFFSET"", ""jobTypeName"": ""Full Job – Offset Printing"", ""processCode"": ""QUOT_APPR"", ""printingMode"": ""OFFSET"", ""isFullProcess"": true, ""isOutsourceJob"": false, ""isSingleProcess"": false, ""isInhouseMaterial"": true, ""isCustomerMaterial"": false, ""allowAdvancePayment"": true, ""requireCostingApproval"": true}","{""model"": ""agentic-workspace-v1"", ""enabled"": true, ""purpose"": ""process-work-guidance""}","{""seededFrom"": ""mst_process + mst_job_type + mst_department"", ""taskTypeLogic"": ""process.isapprovalrequired + client approval + job-type nature"", ""partyRoutingDepartment"": 9999}","HIGH",True,True,52,"SYSTEM","2026-04-16 08:57:33.887592",NULL,"2026-04-16 08:57:33.887592"
"1591",1001,"FULL_OFFSET",5,5,"QUOT_APPR","QUOT_APPR","1001","TASK_OVERDUE","Quotation Approval Overdue",NULL,1,"INTERNAL",True,True,False,True,False,False,False,False,False,True,True,False,"P_QUOT_APPR","[FULL_OFFSET] Quotation Approval [TASK_OVERDUE] - {job_no}","Process: Quotation Approval (QUOT_APPR)
Event: TASK_OVERDUE
Job No: {job_no}
Work Note: Update step status and part-wise completion in workspace.","8.00","2.00","DEPT_HEAD","2.00","OVERDUE",False,NULL,"{""channels"": {""push"": true, ""email"": true, ""workspace"": true}, ""eventType"": ""TASK_OVERDUE"", ""jobTypeCode"": ""FULL_OFFSET"", ""jobTypeName"": ""Full Job – Offset Printing"", ""processCode"": ""QUOT_APPR"", ""printingMode"": ""OFFSET"", ""isFullProcess"": true, ""isOutsourceJob"": false, ""isSingleProcess"": false, ""isInhouseMaterial"": true, ""isCustomerMaterial"": false, ""allowAdvancePayment"": true, ""requireCostingApproval"": true}","{""model"": ""agentic-workspace-v1"", ""enabled"": true, ""purpose"": ""process-work-guidance""}","{""seededFrom"": ""mst_process + mst_job_type + mst_department"", ""taskTypeLogic"": ""process.isapprovalrequired + client approval + job-type nature"", ""partyRoutingDepartment"": 9999}","HIGH",True,True,53,"SYSTEM","2026-04-16 08:57:33.887592",NULL,"2026-04-16 08:57:33.887592"
"1592",1001,"FULL_OFFSET",5,5,"QUOT_APPR","QUOT_APPR","1001","TASK_COMPLETED","Quotation Approval Completed",NULL,1,"INTERNAL",True,True,False,True,False,False,False,False,False,True,True,False,"P_QUOT_APPR","[FULL_OFFSET] Quotation Approval [TASK_COMPLETED] - {job_no}","Process: Quotation Approval (QUOT_APPR)
Event: TASK_COMPLETED
Job No: {job_no}
Work Note: Update step status and part-wise completion in workspace.","8.00","2.00","DEPT_HEAD","2.00","COMPLETED",False,NULL,"{""channels"": {""push"": true, ""email"": true, ""workspace"": true}, ""eventType"": ""TASK_COMPLETED"", ""jobTypeCode"": ""FULL_OFFSET"", ""jobTypeName"": ""Full Job – Offset Printing"", ""processCode"": ""QUOT_APPR"", ""printingMode"": ""OFFSET"", ""isFullProcess"": true, ""isOutsourceJob"": false, ""isSingleProcess"": false, ""isInhouseMaterial"": true, ""isCustomerMaterial"": false, ""allowAdvancePayment"": true, ""requireCostingApproval"": true}","{""model"": ""agentic-workspace-v1"", ""enabled"": true, ""purpose"": ""process-work-guidance""}","{""seededFrom"": ""mst_process + mst_job_type + mst_department"", ""taskTypeLogic"": ""process.isapprovalrequired + client approval + job-type nature"", ""partyRoutingDepartment"": 9999}","HIGH",True,True,54,"SYSTEM","2026-04-16 08:57:33.887592",NULL,"2026-04-16 08:57:33.887592"
"1593",1001,"FULL_OFFSET",6,6,"JOB_CREATE","JOB_CREATE","1007","PROC_START","Job Creation Started",NULL,1,"INTERNAL",True,True,False,True,False,False,False,False,False,True,True,False,"P_JOB_CREATE","[FULL_OFFSET] Job Creation [PROC_START] - {job_no}","Process: Job Creation (JOB_CREATE)
Event: PROC_START
Job No: {job_no}
Work Note: Update step status and part-wise completion in workspace.","2.00","2.00","DEPT_HEAD","2.00","PENDING",True,NULL,"{""channels"": {""push"": true, ""email"": true, ""workspace"": true}, ""eventType"": ""PROC_START"", ""jobTypeCode"": ""FULL_OFFSET"", ""jobTypeName"": ""Full Job – Offset Printing"", ""processCode"": ""JOB_CREATE"", ""printingMode"": ""OFFSET"", ""isFullProcess"": true, ""isOutsourceJob"": false, ""isSingleProcess"": false, ""isInhouseMaterial"": true, ""isCustomerMaterial"": false, ""allowAdvancePayment"": true, ""requireCostingApproval"": true}","{""model"": ""agentic-workspace-v1"", ""enabled"": true, ""purpose"": ""process-work-guidance""}","{""seededFrom"": ""mst_process + mst_job_type + mst_department"", ""taskTypeLogic"": ""process.isapprovalrequired + client approval + job-type nature"", ""partyRoutingDepartment"": 9999}","HIGH",True,True,61,"SYSTEM","2026-04-16 08:57:33.887592",NULL,"2026-04-16 08:57:33.887592"
"1594",1001,"FULL_OFFSET",6,6,"JOB_CREATE","JOB_CREATE","1007","TASK_ASSIGNED","Job Creation Assigned",NULL,1,"INTERNAL",True,True,False,True,False,False,False,False,False,True,True,False,"P_JOB_CREATE","[FULL_OFFSET] Job Creation [TASK_ASSIGNED] - {job_no}","Process: Job Creation (JOB_CREATE)
Event: TASK_ASSIGNED
Job No: {job_no}
Work Note: Update step status and part-wise completion in workspace.","2.00","2.00","DEPT_HEAD","2.00","PENDING",True,NULL,"{""channels"": {""push"": true, ""email"": true, ""workspace"": true}, ""eventType"": ""TASK_ASSIGNED"", ""jobTypeCode"": ""FULL_OFFSET"", ""jobTypeName"": ""Full Job – Offset Printing"", ""processCode"": ""JOB_CREATE"", ""printingMode"": ""OFFSET"", ""isFullProcess"": true, ""isOutsourceJob"": false, ""isSingleProcess"": false, ""isInhouseMaterial"": true, ""isCustomerMaterial"": false, ""allowAdvancePayment"": true, ""requireCostingApproval"": true}","{""model"": ""agentic-workspace-v1"", ""enabled"": true, ""purpose"": ""process-work-guidance""}","{""seededFrom"": ""mst_process + mst_job_type + mst_department"", ""taskTypeLogic"": ""process.isapprovalrequired + client approval + job-type nature"", ""partyRoutingDepartment"": 9999}","HIGH",True,True,62,"SYSTEM","2026-04-16 08:57:33.887592",NULL,"2026-04-16 08:57:33.887592"
"1595",1001,"FULL_OFFSET",6,6,"JOB_CREATE","JOB_CREATE","1007","TASK_OVERDUE","Job Creation Overdue",NULL,1,"INTERNAL",True,True,False,True,False,False,False,False,False,True,True,False,"P_JOB_CREATE","[FULL_OFFSET] Job Creation [TASK_OVERDUE] - {job_no}","Process: Job Creation (JOB_CREATE)
Event: TASK_OVERDUE
Job No: {job_no}
Work Note: Update step status and part-wise completion in workspace.","2.00","2.00","DEPT_HEAD","2.00","OVERDUE",False,NULL,"{""channels"": {""push"": true, ""email"": true, ""workspace"": true}, ""eventType"": ""TASK_OVERDUE"", ""jobTypeCode"": ""FULL_OFFSET"", ""jobTypeName"": ""Full Job – Offset Printing"", ""processCode"": ""JOB_CREATE"", ""printingMode"": ""OFFSET"", ""isFullProcess"": true, ""isOutsourceJob"": false, ""isSingleProcess"": false, ""isInhouseMaterial"": true, ""isCustomerMaterial"": false, ""allowAdvancePayment"": true, ""requireCostingApproval"": true}","{""model"": ""agentic-workspace-v1"", ""enabled"": true, ""purpose"": ""process-work-guidance""}","{""seededFrom"": ""mst_process + mst_job_type + mst_department"", ""taskTypeLogic"": ""process.isapprovalrequired + client approval + job-type nature"", ""partyRoutingDepartment"": 9999}","HIGH",True,True,63,"SYSTEM","2026-04-16 08:57:33.887592",NULL,"2026-04-16 08:57:33.887592"
"1596",1001,"FULL_OFFSET",6,6,"JOB_CREATE","JOB_CREATE","1007","TASK_COMPLETED","Job Creation Completed",NULL,1,"INTERNAL",True,True,False,True,False,False,False,False,False,True,True,False,"P_JOB_CREATE","[FULL_OFFSET] Job Creation [TASK_COMPLETED] - {job_no}","Process: Job Creation (JOB_CREATE)
Event: TASK_COMPLETED
Job No: {job_no}
Work Note: Update step status and part-wise completion in workspace.","2.00","2.00","DEPT_HEAD","2.00","COMPLETED",False,NULL,"{""channels"": {""push"": true, ""email"": true, ""workspace"": true}, ""eventType"": ""TASK_COMPLETED"", ""jobTypeCode"": ""FULL_OFFSET"", ""jobTypeName"": ""Full Job – Offset Printing"", ""processCode"": ""JOB_CREATE"", ""printingMode"": ""OFFSET"", ""isFullProcess"": true, ""isOutsourceJob"": false, ""isSingleProcess"": false, ""isInhouseMaterial"": true, ""isCustomerMaterial"": false, ""allowAdvancePayment"": true, ""requireCostingApproval"": true}","{""model"": ""agentic-workspace-v1"", ""enabled"": true, ""purpose"": ""process-work-guidance""}","{""seededFrom"": ""mst_process + mst_job_type + mst_department"", ""taskTypeLogic"": ""process.isapprovalrequired + client approval + job-type nature"", ""partyRoutingDepartment"": 9999}","HIGH",True,True,64,"SYSTEM","2026-04-16 08:57:33.887592",NULL,"2026-04-16 08:57:33.887592"
"1597",1001,"FULL_OFFSET",7,7,"JOB_APPROVAL","JOB_APPROVAL","9999","PROC_START","Job Approval Started",NULL,1,"PARTY",True,True,False,True,False,True,True,False,False,True,True,False,"P_PRE_DES","[FULL_OFFSET] Job Approval [PROC_START] - {job_no}","Process: Job Approval (JOB_APPROVAL)
Event: PROC_START
Job No: {job_no}
Work Note: Update step status and part-wise completion in workspace.","4.00","2.00","DEPT_HEAD","2.00","PENDING",True,NULL,"{""channels"": {""push"": true, ""email"": true, ""workspace"": true}, ""eventType"": ""PROC_START"", ""jobTypeCode"": ""FULL_OFFSET"", ""jobTypeName"": ""Full Job – Offset Printing"", ""processCode"": ""JOB_APPROVAL"", ""printingMode"": ""OFFSET"", ""isFullProcess"": true, ""isOutsourceJob"": false, ""isSingleProcess"": false, ""isInhouseMaterial"": true, ""isCustomerMaterial"": false, ""allowAdvancePayment"": true, ""requireCostingApproval"": true}","{""model"": ""agentic-workspace-v1"", ""enabled"": true, ""purpose"": ""process-work-guidance""}","{""seededFrom"": ""mst_process + mst_job_type + mst_department"", ""taskTypeLogic"": ""process.isapprovalrequired + client approval + job-type nature"", ""partyRoutingDepartment"": 9999}","HIGH",False,True,71,"SYSTEM","2026-04-16 08:57:33.887592",NULL,"2026-04-16 08:57:33.887592"
"1598",1001,"FULL_OFFSET",7,7,"JOB_APPROVAL","JOB_APPROVAL","9999","TASK_ASSIGNED","Job Approval Assigned",NULL,1,"PARTY",True,True,False,True,False,True,True,False,False,True,True,False,"P_PRE_DES","[FULL_OFFSET] Job Approval [TASK_ASSIGNED] - {job_no}","Process: Job Approval (JOB_APPROVAL)
Event: TASK_ASSIGNED
Job No: {job_no}
Work Note: Update step status and part-wise completion in workspace.","4.00","2.00","DEPT_HEAD","2.00","PENDING",True,NULL,"{""channels"": {""push"": true, ""email"": true, ""workspace"": true}, ""eventType"": ""TASK_ASSIGNED"", ""jobTypeCode"": ""FULL_OFFSET"", ""jobTypeName"": ""Full Job – Offset Printing"", ""processCode"": ""JOB_APPROVAL"", ""printingMode"": ""OFFSET"", ""isFullProcess"": true, ""isOutsourceJob"": false, ""isSingleProcess"": false, ""isInhouseMaterial"": true, ""isCustomerMaterial"": false, ""allowAdvancePayment"": true, ""requireCostingApproval"": true}","{""model"": ""agentic-workspace-v1"", ""enabled"": true, ""purpose"": ""process-work-guidance""}","{""seededFrom"": ""mst_process + mst_job_type + mst_department"", ""taskTypeLogic"": ""process.isapprovalrequired + client approval + job-type nature"", ""partyRoutingDepartment"": 9999}","HIGH",False,True,72,"SYSTEM","2026-04-16 08:57:33.887592",NULL,"2026-04-16 08:57:33.887592"
"1599",1001,"FULL_OFFSET",7,7,"JOB_APPROVAL","JOB_APPROVAL","9999","TASK_OVERDUE","Job Approval Overdue",NULL,1,"PARTY",True,True,False,True,False,True,True,False,False,True,True,False,"P_PRE_DES","[FULL_OFFSET] Job Approval [TASK_OVERDUE] - {job_no}","Process: Job Approval (JOB_APPROVAL)
Event: TASK_OVERDUE
Job No: {job_no}
Work Note: Update step status and part-wise completion in workspace.","4.00","2.00","DEPT_HEAD","2.00","OVERDUE",False,NULL,"{""channels"": {""push"": true, ""email"": true, ""workspace"": true}, ""eventType"": ""TASK_OVERDUE"", ""jobTypeCode"": ""FULL_OFFSET"", ""jobTypeName"": ""Full Job – Offset Printing"", ""processCode"": ""JOB_APPROVAL"", ""printingMode"": ""OFFSET"", ""isFullProcess"": true, ""isOutsourceJob"": false, ""isSingleProcess"": false, ""isInhouseMaterial"": true, ""isCustomerMaterial"": false, ""allowAdvancePayment"": true, ""requireCostingApproval"": true}","{""model"": ""agentic-workspace-v1"", ""enabled"": true, ""purpose"": ""process-work-guidance""}","{""seededFrom"": ""mst_process + mst_job_type + mst_department"", ""taskTypeLogic"": ""process.isapprovalrequired + client approval + job-type nature"", ""partyRoutingDepartment"": 9999}","HIGH",False,True,73,"SYSTEM","2026-04-16 08:57:33.887592",NULL,"2026-04-16 08:57:33.887592"
"1600",1001,"FULL_OFFSET",7,7,"JOB_APPROVAL","JOB_APPROVAL","9999","TASK_COMPLETED","Job Approval Completed",NULL,1,"PARTY",True,True,False,True,False,True,True,False,False,True,True,False,"P_PRE_DES","[FULL_OFFSET] Job Approval [TASK_COMPLETED] - {job_no}","Process: Job Approval (JOB_APPROVAL)
Event: TASK_COMPLETED
Job No: {job_no}
Work Note: Update step status and part-wise completion in workspace.","4.00","2.00","DEPT_HEAD","2.00","COMPLETED",False,NULL,"{""channels"": {""push"": true, ""email"": true, ""workspace"": true}, ""eventType"": ""TASK_COMPLETED"", ""jobTypeCode"": ""FULL_OFFSET"", ""jobTypeName"": ""Full Job – Offset Printing"", ""processCode"": ""JOB_APPROVAL"", ""printingMode"": ""OFFSET"", ""isFullProcess"": true, ""isOutsourceJob"": false, ""isSingleProcess"": false, ""isInhouseMaterial"": true, ""isCustomerMaterial"": false, ""allowAdvancePayment"": true, ""requireCostingApproval"": true}","{""model"": ""agentic-workspace-v1"", ""enabled"": true, ""purpose"": ""process-work-guidance""}","{""seededFrom"": ""mst_process + mst_job_type + mst_department"", ""taskTypeLogic"": ""process.isapprovalrequired + client approval + job-type nature"", ""partyRoutingDepartment"": 9999}","HIGH",False,True,74,"SYSTEM","2026-04-16 08:57:33.887592",NULL,"2026-04-16 08:57:33.887592"
"1601",1001,"FULL_OFFSET",8,8,"DES_DTP","DES_DTP","1009","PROC_START","Designing / DTP Started",NULL,1,"INTERNAL",True,True,False,True,False,False,False,False,False,True,True,False,"P_DESIGN","[FULL_OFFSET] Design [PROC_START] - {job_no}","Process: Designing / DTP (DES_DTP)
Event: PROC_START
Job No: {job_no}
Work Note: Update step status and part-wise completion in workspace.","12.00","2.00","DEPT_HEAD","2.00","PENDING",True,NULL,"{""channels"": {""push"": true, ""email"": true, ""workspace"": true}, ""eventType"": ""PROC_START"", ""jobTypeCode"": ""FULL_OFFSET"", ""jobTypeName"": ""Full Job – Offset Printing"", ""processCode"": ""DES_DTP"", ""printingMode"": ""OFFSET"", ""isFullProcess"": true, ""isOutsourceJob"": false, ""isSingleProcess"": false, ""isInhouseMaterial"": true, ""isCustomerMaterial"": false, ""allowAdvancePayment"": true, ""requireCostingApproval"": true}","{""model"": ""agentic-workspace-v1"", ""enabled"": true, ""purpose"": ""process-work-guidance""}","{""seededFrom"": ""mst_process + mst_job_type + mst_department"", ""taskTypeLogic"": ""process.isapprovalrequired + client approval + job-type nature"", ""partyRoutingDepartment"": 9999}","HIGH",True,True,81,"SYSTEM","2026-04-16 08:57:33.887592",NULL,"2026-04-16 08:57:33.887592"
"1602",1001,"FULL_OFFSET",8,8,"DES_DTP","DES_DTP","1009","TASK_ASSIGNED","Designing / DTP Assigned",NULL,1,"INTERNAL",True,True,False,True,False,False,False,False,False,True,True,False,"P_DESIGN","[FULL_OFFSET] Design [TASK_ASSIGNED] - {job_no}","Process: Designing / DTP (DES_DTP)
Event: TASK_ASSIGNED
Job No: {job_no}
Work Note: Update step status and part-wise completion in workspace.","12.00","2.00","DEPT_HEAD","2.00","PENDING",True,NULL,"{""channels"": {""push"": true, ""email"": true, ""workspace"": true}, ""eventType"": ""TASK_ASSIGNED"", ""jobTypeCode"": ""FULL_OFFSET"", ""jobTypeName"": ""Full Job – Offset Printing"", ""processCode"": ""DES_DTP"", ""printingMode"": ""OFFSET"", ""isFullProcess"": true, ""isOutsourceJob"": false, ""isSingleProcess"": false, ""isInhouseMaterial"": true, ""isCustomerMaterial"": false, ""allowAdvancePayment"": true, ""requireCostingApproval"": true}","{""model"": ""agentic-workspace-v1"", ""enabled"": true, ""purpose"": ""process-work-guidance""}","{""seededFrom"": ""mst_process + mst_job_type + mst_department"", ""taskTypeLogic"": ""process.isapprovalrequired + client approval + job-type nature"", ""partyRoutingDepartment"": 9999}","HIGH",True,True,82,"SYSTEM","2026-04-16 08:57:33.887592",NULL,"2026-04-16 08:57:33.887592"
"1603",1001,"FULL_OFFSET",8,8,"DES_DTP","DES_DTP","1009","TASK_OVERDUE","Designing / DTP Overdue",NULL,1,"INTERNAL",True,True,False,True,False,False,False,False,False,True,True,False,"P_DESIGN","[FULL_OFFSET] Design [TASK_OVERDUE] - {job_no}","Process: Designing / DTP (DES_DTP)
Event: TASK_OVERDUE
Job No: {job_no}
Work Note: Update step status and part-wise completion in workspace.","12.00","2.00","DEPT_HEAD","2.00","OVERDUE",False,NULL,"{""channels"": {""push"": true, ""email"": true, ""workspace"": true}, ""eventType"": ""TASK_OVERDUE"", ""jobTypeCode"": ""FULL_OFFSET"", ""jobTypeName"": ""Full Job – Offset Printing"", ""processCode"": ""DES_DTP"", ""printingMode"": ""OFFSET"", ""isFullProcess"": true, ""isOutsourceJob"": false, ""isSingleProcess"": false, ""isInhouseMaterial"": true, ""isCustomerMaterial"": false, ""allowAdvancePayment"": true, ""requireCostingApproval"": true}","{""model"": ""agentic-workspace-v1"", ""enabled"": true, ""purpose"": ""process-work-guidance""}","{""seededFrom"": ""mst_process + mst_job_type + mst_department"", ""taskTypeLogic"": ""process.isapprovalrequired + client approval + job-type nature"", ""partyRoutingDepartment"": 9999}","HIGH",True,True,83,"SYSTEM","2026-04-16 08:57:33.887592",NULL,"2026-04-16 08:57:33.887592"
"1604",1001,"FULL_OFFSET",8,8,"DES_DTP","DES_DTP","1009","TASK_COMPLETED","Designing / DTP Completed",NULL,1,"INTERNAL",True,True,False,True,False,False,False,False,False,True,True,False,"P_DESIGN","[FULL_OFFSET] Design [TASK_COMPLETED] - {job_no}","Process: Designing / DTP (DES_DTP)
Event: TASK_COMPLETED
Job No: {job_no}
Work Note: Update step status and part-wise completion in workspace.","12.00","2.00","DEPT_HEAD","2.00","COMPLETED",False,NULL,"{""channels"": {""push"": true, ""email"": true, ""workspace"": true}, ""eventType"": ""TASK_COMPLETED"", ""jobTypeCode"": ""FULL_OFFSET"", ""jobTypeName"": ""Full Job – Offset Printing"", ""processCode"": ""DES_DTP"", ""printingMode"": ""OFFSET"", ""isFullProcess"": true, ""isOutsourceJob"": false, ""isSingleProcess"": false, ""isInhouseMaterial"": true, ""isCustomerMaterial"": false, ""allowAdvancePayment"": true, ""requireCostingApproval"": true}","{""model"": ""agentic-workspace-v1"", ""enabled"": true, ""purpose"": ""process-work-guidance""}","{""seededFrom"": ""mst_process + mst_job_type + mst_department"", ""taskTypeLogic"": ""process.isapprovalrequired + client approval + job-type nature"", ""partyRoutingDepartment"": 9999}","HIGH",True,True,84,"SYSTEM","2026-04-16 08:57:33.887592",NULL,"2026-04-16 08:57:33.887592"
"1605",1001,"FULL_OFFSET",9,9,"PROOF","PROOF","9999","PROC_START","Client Proof Approval Started",NULL,1,"PARTY",True,True,False,True,False,True,True,False,False,True,True,False,"P_PROOF","[FULL_OFFSET] Proof Approval [PROC_START] - {job_no}","Process: Client Proof Approval (PROOF)
Event: PROC_START
Job No: {job_no}
Work Note: Update step status and part-wise completion in workspace.","24.00","2.00","DEPT_HEAD","2.00","PENDING",True,NULL,"{""channels"": {""push"": true, ""email"": true, ""workspace"": true}, ""eventType"": ""PROC_START"", ""jobTypeCode"": ""FULL_OFFSET"", ""jobTypeName"": ""Full Job – Offset Printing"", ""processCode"": ""PROOF"", ""printingMode"": ""OFFSET"", ""isFullProcess"": true, ""isOutsourceJob"": false, ""isSingleProcess"": false, ""isInhouseMaterial"": true, ""isCustomerMaterial"": false, ""allowAdvancePayment"": true, ""requireCostingApproval"": true}","{""model"": ""agentic-workspace-v1"", ""enabled"": true, ""purpose"": ""process-work-guidance""}","{""seededFrom"": ""mst_process + mst_job_type + mst_department"", ""taskTypeLogic"": ""process.isapprovalrequired + client approval + job-type nature"", ""partyRoutingDepartment"": 9999}","HIGH",True,True,91,"SYSTEM","2026-04-16 08:57:33.887592",NULL,"2026-04-16 08:57:33.887592"
"1606",1001,"FULL_OFFSET",9,9,"PROOF","PROOF","9999","TASK_ASSIGNED","Client Proof Approval Assigned",NULL,1,"PARTY",True,True,False,True,False,True,True,False,False,True,True,False,"P_PROOF","[FULL_OFFSET] Proof Approval [TASK_ASSIGNED] - {job_no}","Process: Client Proof Approval (PROOF)
Event: TASK_ASSIGNED
Job No: {job_no}
Work Note: Update step status and part-wise completion in workspace.","24.00","2.00","DEPT_HEAD","2.00","PENDING",True,NULL,"{""channels"": {""push"": true, ""email"": true, ""workspace"": true}, ""eventType"": ""TASK_ASSIGNED"", ""jobTypeCode"": ""FULL_OFFSET"", ""jobTypeName"": ""Full Job – Offset Printing"", ""processCode"": ""PROOF"", ""printingMode"": ""OFFSET"", ""isFullProcess"": true, ""isOutsourceJob"": false, ""isSingleProcess"": false, ""isInhouseMaterial"": true, ""isCustomerMaterial"": false, ""allowAdvancePayment"": true, ""requireCostingApproval"": true}","{""model"": ""agentic-workspace-v1"", ""enabled"": true, ""purpose"": ""process-work-guidance""}","{""seededFrom"": ""mst_process + mst_job_type + mst_department"", ""taskTypeLogic"": ""process.isapprovalrequired + client approval + job-type nature"", ""partyRoutingDepartment"": 9999}","HIGH",True,True,92,"SYSTEM","2026-04-16 08:57:33.887592",NULL,"2026-04-16 08:57:33.887592"
"1607",1001,"FULL_OFFSET",9,9,"PROOF","PROOF","9999","TASK_OVERDUE","Client Proof Approval Overdue",NULL,1,"PARTY",True,True,False,True,False,True,True,False,False,True,True,False,"P_PROOF","[FULL_OFFSET] Proof Approval [TASK_OVERDUE] - {job_no}","Process: Client Proof Approval (PROOF)
Event: TASK_OVERDUE
Job No: {job_no}
Work Note: Update step status and part-wise completion in workspace.","24.00","2.00","DEPT_HEAD","2.00","OVERDUE",False,NULL,"{""channels"": {""push"": true, ""email"": true, ""workspace"": true}, ""eventType"": ""TASK_OVERDUE"", ""jobTypeCode"": ""FULL_OFFSET"", ""jobTypeName"": ""Full Job – Offset Printing"", ""processCode"": ""PROOF"", ""printingMode"": ""OFFSET"", ""isFullProcess"": true, ""isOutsourceJob"": false, ""isSingleProcess"": false, ""isInhouseMaterial"": true, ""isCustomerMaterial"": false, ""allowAdvancePayment"": true, ""requireCostingApproval"": true}","{""model"": ""agentic-workspace-v1"", ""enabled"": true, ""purpose"": ""process-work-guidance""}","{""seededFrom"": ""mst_process + mst_job_type + mst_department"", ""taskTypeLogic"": ""process.isapprovalrequired + client approval + job-type nature"", ""partyRoutingDepartment"": 9999}","HIGH",True,True,93,"SYSTEM","2026-04-16 08:57:33.887592",NULL,"2026-04-16 08:57:33.887592"
"1608",1001,"FULL_OFFSET",9,9,"PROOF","PROOF","9999","TASK_COMPLETED","Client Proof Approval Completed",NULL,1,"PARTY",True,True,False,True,False,True,True,False,False,True,True,False,"P_PROOF","[FULL_OFFSET] Proof Approval [TASK_COMPLETED] - {job_no}","Process: Client Proof Approval (PROOF)
Event: TASK_COMPLETED
Job No: {job_no}
Work Note: Update step status and part-wise completion in workspace.","24.00","2.00","DEPT_HEAD","2.00","COMPLETED",False,NULL,"{""channels"": {""push"": true, ""email"": true, ""workspace"": true}, ""eventType"": ""TASK_COMPLETED"", ""jobTypeCode"": ""FULL_OFFSET"", ""jobTypeName"": ""Full Job – Offset Printing"", ""processCode"": ""PROOF"", ""printingMode"": ""OFFSET"", ""isFullProcess"": true, ""isOutsourceJob"": false, ""isSingleProcess"": false, ""isInhouseMaterial"": true, ""isCustomerMaterial"": false, ""allowAdvancePayment"": true, ""requireCostingApproval"": true}","{""model"": ""agentic-workspace-v1"", ""enabled"": true, ""purpose"": ""process-work-guidance""}","{""seededFrom"": ""mst_process + mst_job_type + mst_department"", ""taskTypeLogic"": ""process.isapprovalrequired + client approval + job-type nature"", ""partyRoutingDepartment"": 9999}","HIGH",True,True,94,"SYSTEM","2026-04-16 08:57:33.887592",NULL,"2026-04-16 08:57:33.887592"
"1609",1001,"FULL_OFFSET",10,10,"PRE_PRESS","PRE_PRESS","1009","PROC_START","Plate Making Started",NULL,0,"INTERNAL",True,False,False,False,False,False,False,False,False,True,True,False,"P_PRE_PRESS","[FULL_OFFSET] Pre Press [PROC_START] - {job_no}","Process: Plate Making (PRE_PRESS)
Event: PROC_START
Job No: {job_no}
Work Note: Update step status and part-wise completion in workspace.","6.00","2.00",NULL,"2.00","PENDING",True,NULL,"{""channels"": {""push"": true, ""email"": true, ""workspace"": true}, ""eventType"": ""PROC_START"", ""jobTypeCode"": ""FULL_OFFSET"", ""jobTypeName"": ""Full Job – Offset Printing"", ""processCode"": ""PRE_PRESS"", ""printingMode"": ""OFFSET"", ""isFullProcess"": true, ""isOutsourceJob"": false, ""isSingleProcess"": false, ""isInhouseMaterial"": true, ""isCustomerMaterial"": false, ""allowAdvancePayment"": true, ""requireCostingApproval"": true}","{""model"": ""agentic-workspace-v1"", ""enabled"": true, ""purpose"": ""process-work-guidance""}","{""seededFrom"": ""mst_process + mst_job_type + mst_department"", ""taskTypeLogic"": ""process.isapprovalrequired + client approval + job-type nature"", ""partyRoutingDepartment"": 9999}","NORMAL",True,True,101,"SYSTEM","2026-04-16 08:57:33.887592",NULL,"2026-04-16 08:57:33.887592"
"1610",1001,"FULL_OFFSET",10,10,"PRE_PRESS","PRE_PRESS","1009","TASK_ASSIGNED","Plate Making Assigned",NULL,0,"INTERNAL",True,False,False,False,False,False,False,False,False,True,True,False,"P_PRE_PRESS","[FULL_OFFSET] Pre Press [TASK_ASSIGNED] - {job_no}","Process: Plate Making (PRE_PRESS)
Event: TASK_ASSIGNED
Job No: {job_no}
Work Note: Update step status and part-wise completion in workspace.","6.00","2.00",NULL,"2.00","PENDING",True,NULL,"{""channels"": {""push"": true, ""email"": true, ""workspace"": true}, ""eventType"": ""TASK_ASSIGNED"", ""jobTypeCode"": ""FULL_OFFSET"", ""jobTypeName"": ""Full Job – Offset Printing"", ""processCode"": ""PRE_PRESS"", ""printingMode"": ""OFFSET"", ""isFullProcess"": true, ""isOutsourceJob"": false, ""isSingleProcess"": false, ""isInhouseMaterial"": true, ""isCustomerMaterial"": false, ""allowAdvancePayment"": true, ""requireCostingApproval"": true}","{""model"": ""agentic-workspace-v1"", ""enabled"": true, ""purpose"": ""process-work-guidance""}","{""seededFrom"": ""mst_process + mst_job_type + mst_department"", ""taskTypeLogic"": ""process.isapprovalrequired + client approval + job-type nature"", ""partyRoutingDepartment"": 9999}","NORMAL",True,True,102,"SYSTEM","2026-04-16 08:57:33.887592",NULL,"2026-04-16 08:57:33.887592"
"1611",1001,"FULL_OFFSET",10,10,"PRE_PRESS","PRE_PRESS","1009","TASK_OVERDUE","Plate Making Overdue",NULL,0,"INTERNAL",True,False,False,False,False,False,False,False,False,True,True,False,"P_PRE_PRESS","[FULL_OFFSET] Pre Press [TASK_OVERDUE] - {job_no}","Process: Plate Making (PRE_PRESS)
Event: TASK_OVERDUE
Job No: {job_no}
Work Note: Update step status and part-wise completion in workspace.","6.00","2.00",NULL,"2.00","OVERDUE",False,NULL,"{""channels"": {""push"": true, ""email"": true, ""workspace"": true}, ""eventType"": ""TASK_OVERDUE"", ""jobTypeCode"": ""FULL_OFFSET"", ""jobTypeName"": ""Full Job – Offset Printing"", ""processCode"": ""PRE_PRESS"", ""printingMode"": ""OFFSET"", ""isFullProcess"": true, ""isOutsourceJob"": false, ""isSingleProcess"": false, ""isInhouseMaterial"": true, ""isCustomerMaterial"": false, ""allowAdvancePayment"": true, ""requireCostingApproval"": true}","{""model"": ""agentic-workspace-v1"", ""enabled"": true, ""purpose"": ""process-work-guidance""}","{""seededFrom"": ""mst_process + mst_job_type + mst_department"", ""taskTypeLogic"": ""process.isapprovalrequired + client approval + job-type nature"", ""partyRoutingDepartment"": 9999}","NORMAL",True,True,103,"SYSTEM","2026-04-16 08:57:33.887592",NULL,"2026-04-16 08:57:33.887592"
"1612",1001,"FULL_OFFSET",10,10,"PRE_PRESS","PRE_PRESS","1009","TASK_COMPLETED","Plate Making Completed",NULL,0,"INTERNAL",True,False,False,False,False,False,False,False,False,True,True,False,"P_PRE_PRESS","[FULL_OFFSET] Pre Press [TASK_COMPLETED] - {job_no}","Process: Plate Making (PRE_PRESS)
Event: TASK_COMPLETED
Job No: {job_no}
Work Note: Update step status and part-wise completion in workspace.","6.00","2.00",NULL,"2.00","COMPLETED",False,NULL,"{""channels"": {""push"": true, ""email"": true, ""workspace"": true}, ""eventType"": ""TASK_COMPLETED"", ""jobTypeCode"": ""FULL_OFFSET"", ""jobTypeName"": ""Full Job – Offset Printing"", ""processCode"": ""PRE_PRESS"", ""printingMode"": ""OFFSET"", ""isFullProcess"": true, ""isOutsourceJob"": false, ""isSingleProcess"": false, ""isInhouseMaterial"": true, ""isCustomerMaterial"": false, ""allowAdvancePayment"": true, ""requireCostingApproval"": true}","{""model"": ""agentic-workspace-v1"", ""enabled"": true, ""purpose"": ""process-work-guidance""}","{""seededFrom"": ""mst_process + mst_job_type + mst_department"", ""taskTypeLogic"": ""process.isapprovalrequired + client approval + job-type nature"", ""partyRoutingDepartment"": 9999}","NORMAL",True,True,104,"SYSTEM","2026-04-16 08:57:33.887592",NULL,"2026-04-16 08:57:33.887592"
"1613",1001,"FULL_OFFSET",15,15,"JOB_PLAN","JOB_PLAN","1010","PROC_START","Production Planning Started",NULL,0,"INTERNAL",True,False,False,False,False,False,False,False,False,True,True,False,"P_PLAN","[FULL_OFFSET] Planning [PROC_START] - {job_no}","Process: Production Planning (JOB_PLAN)
Event: PROC_START
Job No: {job_no}
Work Note: Update step status and part-wise completion in workspace.","4.00","2.00",NULL,"2.00","PENDING",True,NULL,"{""channels"": {""push"": true, ""email"": true, ""workspace"": true}, ""eventType"": ""PROC_START"", ""jobTypeCode"": ""FULL_OFFSET"", ""jobTypeName"": ""Full Job – Offset Printing"", ""processCode"": ""JOB_PLAN"", ""printingMode"": ""OFFSET"", ""isFullProcess"": true, ""isOutsourceJob"": false, ""isSingleProcess"": false, ""isInhouseMaterial"": true, ""isCustomerMaterial"": false, ""allowAdvancePayment"": true, ""requireCostingApproval"": true}","{""model"": ""agentic-workspace-v1"", ""enabled"": true, ""purpose"": ""process-work-guidance""}","{""seededFrom"": ""mst_process + mst_job_type + mst_department"", ""taskTypeLogic"": ""process.isapprovalrequired + client approval + job-type nature"", ""partyRoutingDepartment"": 9999}","NORMAL",True,True,151,"SYSTEM","2026-04-16 08:57:33.887592",NULL,"2026-04-16 08:57:33.887592"
"1614",1001,"FULL_OFFSET",15,15,"JOB_PLAN","JOB_PLAN","1010","TASK_ASSIGNED","Production Planning Assigned",NULL,0,"INTERNAL",True,False,False,False,False,False,False,False,False,True,True,False,"P_PLAN","[FULL_OFFSET] Planning [TASK_ASSIGNED] - {job_no}","Process: Production Planning (JOB_PLAN)
Event: TASK_ASSIGNED
Job No: {job_no}
Work Note: Update step status and part-wise completion in workspace.","4.00","2.00",NULL,"2.00","PENDING",True,NULL,"{""channels"": {""push"": true, ""email"": true, ""workspace"": true}, ""eventType"": ""TASK_ASSIGNED"", ""jobTypeCode"": ""FULL_OFFSET"", ""jobTypeName"": ""Full Job – Offset Printing"", ""processCode"": ""JOB_PLAN"", ""printingMode"": ""OFFSET"", ""isFullProcess"": true, ""isOutsourceJob"": false, ""isSingleProcess"": false, ""isInhouseMaterial"": true, ""isCustomerMaterial"": false, ""allowAdvancePayment"": true, ""requireCostingApproval"": true}","{""model"": ""agentic-workspace-v1"", ""enabled"": true, ""purpose"": ""process-work-guidance""}","{""seededFrom"": ""mst_process + mst_job_type + mst_department"", ""taskTypeLogic"": ""process.isapprovalrequired + client approval + job-type nature"", ""partyRoutingDepartment"": 9999}","NORMAL",True,True,152,"SYSTEM","2026-04-16 08:57:33.887592",NULL,"2026-04-16 08:57:33.887592"
"1615",1001,"FULL_OFFSET",15,15,"JOB_PLAN","JOB_PLAN","1010","TASK_OVERDUE","Production Planning Overdue",NULL,0,"INTERNAL",True,False,False,False,False,False,False,False,False,True,True,False,"P_PLAN","[FULL_OFFSET] Planning [TASK_OVERDUE] - {job_no}","Process: Production Planning (JOB_PLAN)
Event: TASK_OVERDUE
Job No: {job_no}
Work Note: Update step status and part-wise completion in workspace.","4.00","2.00",NULL,"2.00","OVERDUE",False,NULL,"{""channels"": {""push"": true, ""email"": true, ""workspace"": true}, ""eventType"": ""TASK_OVERDUE"", ""jobTypeCode"": ""FULL_OFFSET"", ""jobTypeName"": ""Full Job – Offset Printing"", ""processCode"": ""JOB_PLAN"", ""printingMode"": ""OFFSET"", ""isFullProcess"": true, ""isOutsourceJob"": false, ""isSingleProcess"": false, ""isInhouseMaterial"": true, ""isCustomerMaterial"": false, ""allowAdvancePayment"": true, ""requireCostingApproval"": true}","{""model"": ""agentic-workspace-v1"", ""enabled"": true, ""purpose"": ""process-work-guidance""}","{""seededFrom"": ""mst_process + mst_job_type + mst_department"", ""taskTypeLogic"": ""process.isapprovalrequired + client approval + job-type nature"", ""partyRoutingDepartment"": 9999}","NORMAL",True,True,153,"SYSTEM","2026-04-16 08:57:33.887592",NULL,"2026-04-16 08:57:33.887592"
"1616",1001,"FULL_OFFSET",15,15,"JOB_PLAN","JOB_PLAN","1010","TASK_COMPLETED","Production Planning Completed",NULL,0,"INTERNAL",True,False,False,False,False,False,False,False,False,True,True,False,"P_PLAN","[FULL_OFFSET] Planning [TASK_COMPLETED] - {job_no}","Process: Production Planning (JOB_PLAN)
Event: TASK_COMPLETED
Job No: {job_no}
Work Note: Update step status and part-wise completion in workspace.","4.00","2.00",NULL,"2.00","COMPLETED",False,NULL,"{""channels"": {""push"": true, ""email"": true, ""workspace"": true}, ""eventType"": ""TASK_COMPLETED"", ""jobTypeCode"": ""FULL_OFFSET"", ""jobTypeName"": ""Full Job – Offset Printing"", ""processCode"": ""JOB_PLAN"", ""printingMode"": ""OFFSET"", ""isFullProcess"": true, ""isOutsourceJob"": false, ""isSingleProcess"": false, ""isInhouseMaterial"": true, ""isCustomerMaterial"": false, ""allowAdvancePayment"": true, ""requireCostingApproval"": true}","{""model"": ""agentic-workspace-v1"", ""enabled"": true, ""purpose"": ""process-work-guidance""}","{""seededFrom"": ""mst_process + mst_job_type + mst_department"", ""taskTypeLogic"": ""process.isapprovalrequired + client approval + job-type nature"", ""partyRoutingDepartment"": 9999}","NORMAL",True,True,154,"SYSTEM","2026-04-16 08:57:33.887592",NULL,"2026-04-16 08:57:33.887592"
"1617",1001,"FULL_OFFSET",16,16,"JOB_SCHED","JOB_SCHED","1010","PROC_START","Job Scheduling Started",NULL,0,"INTERNAL",True,False,False,False,False,False,False,False,False,True,True,False,"P_SCHED","[FULL_OFFSET] Scheduling [PROC_START] - {job_no}","Process: Job Scheduling (JOB_SCHED)
Event: PROC_START
Job No: {job_no}
Work Note: Update step status and part-wise completion in workspace.","4.00","2.00",NULL,"2.00","PENDING",True,NULL,"{""channels"": {""push"": true, ""email"": true, ""workspace"": true}, ""eventType"": ""PROC_START"", ""jobTypeCode"": ""FULL_OFFSET"", ""jobTypeName"": ""Full Job – Offset Printing"", ""processCode"": ""JOB_SCHED"", ""printingMode"": ""OFFSET"", ""isFullProcess"": true, ""isOutsourceJob"": false, ""isSingleProcess"": false, ""isInhouseMaterial"": true, ""isCustomerMaterial"": false, ""allowAdvancePayment"": true, ""requireCostingApproval"": true}","{""model"": ""agentic-workspace-v1"", ""enabled"": true, ""purpose"": ""process-work-guidance""}","{""seededFrom"": ""mst_process + mst_job_type + mst_department"", ""taskTypeLogic"": ""process.isapprovalrequired + client approval + job-type nature"", ""partyRoutingDepartment"": 9999}","NORMAL",True,True,161,"SYSTEM","2026-04-16 08:57:33.887592",NULL,"2026-04-16 08:57:33.887592"
"1618",1001,"FULL_OFFSET",16,16,"JOB_SCHED","JOB_SCHED","1010","TASK_ASSIGNED","Job Scheduling Assigned",NULL,0,"INTERNAL",True,False,False,False,False,False,False,False,False,True,True,False,"P_SCHED","[FULL_OFFSET] Scheduling [TASK_ASSIGNED] - {job_no}","Process: Job Scheduling (JOB_SCHED)
Event: TASK_ASSIGNED
Job No: {job_no}
Work Note: Update step status and part-wise completion in workspace.","4.00","2.00",NULL,"2.00","PENDING",True,NULL,"{""channels"": {""push"": true, ""email"": true, ""workspace"": true}, ""eventType"": ""TASK_ASSIGNED"", ""jobTypeCode"": ""FULL_OFFSET"", ""jobTypeName"": ""Full Job – Offset Printing"", ""processCode"": ""JOB_SCHED"", ""printingMode"": ""OFFSET"", ""isFullProcess"": true, ""isOutsourceJob"": false, ""isSingleProcess"": false, ""isInhouseMaterial"": true, ""isCustomerMaterial"": false, ""allowAdvancePayment"": true, ""requireCostingApproval"": true}","{""model"": ""agentic-workspace-v1"", ""enabled"": true, ""purpose"": ""process-work-guidance""}","{""seededFrom"": ""mst_process + mst_job_type + mst_department"", ""taskTypeLogic"": ""process.isapprovalrequired + client approval + job-type nature"", ""partyRoutingDepartment"": 9999}","NORMAL",True,True,162,"SYSTEM","2026-04-16 08:57:33.887592",NULL,"2026-04-16 08:57:33.887592"
"1619",1001,"FULL_OFFSET",16,16,"JOB_SCHED","JOB_SCHED","1010","TASK_OVERDUE","Job Scheduling Overdue",NULL,0,"INTERNAL",True,False,False,False,False,False,False,False,False,True,True,False,"P_SCHED","[FULL_OFFSET] Scheduling [TASK_OVERDUE] - {job_no}","Process: Job Scheduling (JOB_SCHED)
Event: TASK_OVERDUE
Job No: {job_no}
Work Note: Update step status and part-wise completion in workspace.","4.00","2.00",NULL,"2.00","OVERDUE",False,NULL,"{""channels"": {""push"": true, ""email"": true, ""workspace"": true}, ""eventType"": ""TASK_OVERDUE"", ""jobTypeCode"": ""FULL_OFFSET"", ""jobTypeName"": ""Full Job – Offset Printing"", ""processCode"": ""JOB_SCHED"", ""printingMode"": ""OFFSET"", ""isFullProcess"": true, ""isOutsourceJob"": false, ""isSingleProcess"": false, ""isInhouseMaterial"": true, ""isCustomerMaterial"": false, ""allowAdvancePayment"": true, ""requireCostingApproval"": true}","{""model"": ""agentic-workspace-v1"", ""enabled"": true, ""purpose"": ""process-work-guidance""}","{""seededFrom"": ""mst_process + mst_job_type + mst_department"", ""taskTypeLogic"": ""process.isapprovalrequired + client approval + job-type nature"", ""partyRoutingDepartment"": 9999}","NORMAL",True,True,163,"SYSTEM","2026-04-16 08:57:33.887592",NULL,"2026-04-16 08:57:33.887592"
"1620",1001,"FULL_OFFSET",16,16,"JOB_SCHED","JOB_SCHED","1010","TASK_COMPLETED","Job Scheduling Completed",NULL,0,"INTERNAL",True,False,False,False,False,False,False,False,False,True,True,False,"P_SCHED","[FULL_OFFSET] Scheduling [TASK_COMPLETED] - {job_no}","Process: Job Scheduling (JOB_SCHED)
Event: TASK_COMPLETED
Job No: {job_no}
Work Note: Update step status and part-wise completion in workspace.","4.00","2.00",NULL,"2.00","COMPLETED",False,NULL,"{""channels"": {""push"": true, ""email"": true, ""workspace"": true}, ""eventType"": ""TASK_COMPLETED"", ""jobTypeCode"": ""FULL_OFFSET"", ""jobTypeName"": ""Full Job – Offset Printing"", ""processCode"": ""JOB_SCHED"", ""printingMode"": ""OFFSET"", ""isFullProcess"": true, ""isOutsourceJob"": false, ""isSingleProcess"": false, ""isInhouseMaterial"": true, ""isCustomerMaterial"": false, ""allowAdvancePayment"": true, ""requireCostingApproval"": true}","{""model"": ""agentic-workspace-v1"", ""enabled"": true, ""purpose"": ""process-work-guidance""}","{""seededFrom"": ""mst_process + mst_job_type + mst_department"", ""taskTypeLogic"": ""process.isapprovalrequired + client approval + job-type nature"", ""partyRoutingDepartment"": 9999}","NORMAL",True,True,164,"SYSTEM","2026-04-16 08:57:33.887592",NULL,"2026-04-16 08:57:33.887592"
"1621",1001,"FULL_OFFSET",17,17,"JOB_CARD","JOB_CARD","1010","PROC_START","Job Card Generation Started",NULL,0,"INTERNAL",True,False,False,False,False,False,False,False,False,True,True,False,"P_JOB_CARD","[FULL_OFFSET] Job Card [PROC_START] - {job_no}","Process: Job Card Generation (JOB_CARD)
Event: PROC_START
Job No: {job_no}
Work Note: Update step status and part-wise completion in workspace.","2.00","2.00",NULL,"2.00","PENDING",True,NULL,"{""channels"": {""push"": true, ""email"": true, ""workspace"": true}, ""eventType"": ""PROC_START"", ""jobTypeCode"": ""FULL_OFFSET"", ""jobTypeName"": ""Full Job – Offset Printing"", ""processCode"": ""JOB_CARD"", ""printingMode"": ""OFFSET"", ""isFullProcess"": true, ""isOutsourceJob"": false, ""isSingleProcess"": false, ""isInhouseMaterial"": true, ""isCustomerMaterial"": false, ""allowAdvancePayment"": true, ""requireCostingApproval"": true}","{""model"": ""agentic-workspace-v1"", ""enabled"": true, ""purpose"": ""process-work-guidance""}","{""seededFrom"": ""mst_process + mst_job_type + mst_department"", ""taskTypeLogic"": ""process.isapprovalrequired + client approval + job-type nature"", ""partyRoutingDepartment"": 9999}","NORMAL",True,True,171,"SYSTEM","2026-04-16 08:57:33.887592",NULL,"2026-04-16 08:57:33.887592"
"1622",1001,"FULL_OFFSET",17,17,"JOB_CARD","JOB_CARD","1010","TASK_ASSIGNED","Job Card Generation Assigned",NULL,0,"INTERNAL",True,False,False,False,False,False,False,False,False,True,True,False,"P_JOB_CARD","[FULL_OFFSET] Job Card [TASK_ASSIGNED] - {job_no}","Process: Job Card Generation (JOB_CARD)
Event: TASK_ASSIGNED
Job No: {job_no}
Work Note: Update step status and part-wise completion in workspace.","2.00","2.00",NULL,"2.00","PENDING",True,NULL,"{""channels"": {""push"": true, ""email"": true, ""workspace"": true}, ""eventType"": ""TASK_ASSIGNED"", ""jobTypeCode"": ""FULL_OFFSET"", ""jobTypeName"": ""Full Job – Offset Printing"", ""processCode"": ""JOB_CARD"", ""printingMode"": ""OFFSET"", ""isFullProcess"": true, ""isOutsourceJob"": false, ""isSingleProcess"": false, ""isInhouseMaterial"": true, ""isCustomerMaterial"": false, ""allowAdvancePayment"": true, ""requireCostingApproval"": true}","{""model"": ""agentic-workspace-v1"", ""enabled"": true, ""purpose"": ""process-work-guidance""}","{""seededFrom"": ""mst_process + mst_job_type + mst_department"", ""taskTypeLogic"": ""process.isapprovalrequired + client approval + job-type nature"", ""partyRoutingDepartment"": 9999}","NORMAL",True,True,172,"SYSTEM","2026-04-16 08:57:33.887592",NULL,"2026-04-16 08:57:33.887592"
"1623",1001,"FULL_OFFSET",17,17,"JOB_CARD","JOB_CARD","1010","TASK_OVERDUE","Job Card Generation Overdue",NULL,0,"INTERNAL",True,False,False,False,False,False,False,False,False,True,True,False,"P_JOB_CARD","[FULL_OFFSET] Job Card [TASK_OVERDUE] - {job_no}","Process: Job Card Generation (JOB_CARD)
Event: TASK_OVERDUE
Job No: {job_no}
Work Note: Update step status and part-wise completion in workspace.","2.00","2.00",NULL,"2.00","OVERDUE",False,NULL,"{""channels"": {""push"": true, ""email"": true, ""workspace"": true}, ""eventType"": ""TASK_OVERDUE"", ""jobTypeCode"": ""FULL_OFFSET"", ""jobTypeName"": ""Full Job – Offset Printing"", ""processCode"": ""JOB_CARD"", ""printingMode"": ""OFFSET"", ""isFullProcess"": true, ""isOutsourceJob"": false, ""isSingleProcess"": false, ""isInhouseMaterial"": true, ""isCustomerMaterial"": false, ""allowAdvancePayment"": true, ""requireCostingApproval"": true}","{""model"": ""agentic-workspace-v1"", ""enabled"": true, ""purpose"": ""process-work-guidance""}","{""seededFrom"": ""mst_process + mst_job_type + mst_department"", ""taskTypeLogic"": ""process.isapprovalrequired + client approval + job-type nature"", ""partyRoutingDepartment"": 9999}","NORMAL",True,True,173,"SYSTEM","2026-04-16 08:57:33.887592",NULL,"2026-04-16 08:57:33.887592"
"1624",1001,"FULL_OFFSET",17,17,"JOB_CARD","JOB_CARD","1010","TASK_COMPLETED","Job Card Generation Completed",NULL,0,"INTERNAL",True,False,False,False,False,False,False,False,False,True,True,False,"P_JOB_CARD","[FULL_OFFSET] Job Card [TASK_COMPLETED] - {job_no}","Process: Job Card Generation (JOB_CARD)
Event: TASK_COMPLETED
Job No: {job_no}
Work Note: Update step status and part-wise completion in workspace.","2.00","2.00",NULL,"2.00","COMPLETED",False,NULL,"{""channels"": {""push"": true, ""email"": true, ""workspace"": true}, ""eventType"": ""TASK_COMPLETED"", ""jobTypeCode"": ""FULL_OFFSET"", ""jobTypeName"": ""Full Job – Offset Printing"", ""processCode"": ""JOB_CARD"", ""printingMode"": ""OFFSET"", ""isFullProcess"": true, ""isOutsourceJob"": false, ""isSingleProcess"": false, ""isInhouseMaterial"": true, ""isCustomerMaterial"": false, ""allowAdvancePayment"": true, ""requireCostingApproval"": true}","{""model"": ""agentic-workspace-v1"", ""enabled"": true, ""purpose"": ""process-work-guidance""}","{""seededFrom"": ""mst_process + mst_job_type + mst_department"", ""taskTypeLogic"": ""process.isapprovalrequired + client approval + job-type nature"", ""partyRoutingDepartment"": 9999}","NORMAL",True,True,174,"SYSTEM","2026-04-16 08:57:33.887592",NULL,"2026-04-16 08:57:33.887592"
"1625",1001,"FULL_OFFSET",18,18,"CUT","CUT","1011","PROC_START","Paper Cutting Started",NULL,0,"INTERNAL",True,False,False,False,False,False,False,False,False,True,True,False,"P_CUT","[FULL_OFFSET] Cutting [PROC_START] - {job_no}","Process: Paper Cutting (CUT)
Event: PROC_START
Job No: {job_no}
Work Note: Update step status and part-wise completion in workspace.","4.00","2.00",NULL,"2.00","PENDING",True,NULL,"{""channels"": {""push"": true, ""email"": true, ""workspace"": true}, ""eventType"": ""PROC_START"", ""jobTypeCode"": ""FULL_OFFSET"", ""jobTypeName"": ""Full Job – Offset Printing"", ""processCode"": ""CUT"", ""printingMode"": ""OFFSET"", ""isFullProcess"": true, ""isOutsourceJob"": false, ""isSingleProcess"": false, ""isInhouseMaterial"": true, ""isCustomerMaterial"": false, ""allowAdvancePayment"": true, ""requireCostingApproval"": true}","{""model"": ""agentic-workspace-v1"", ""enabled"": true, ""purpose"": ""process-work-guidance""}","{""seededFrom"": ""mst_process + mst_job_type + mst_department"", ""taskTypeLogic"": ""process.isapprovalrequired + client approval + job-type nature"", ""partyRoutingDepartment"": 9999}","NORMAL",True,True,181,"SYSTEM","2026-04-16 08:57:33.887592",NULL,"2026-04-16 08:57:33.887592"
"1626",1001,"FULL_OFFSET",18,18,"CUT","CUT","1011","TASK_ASSIGNED","Paper Cutting Assigned",NULL,0,"INTERNAL",True,False,False,False,False,False,False,False,False,True,True,False,"P_CUT","[FULL_OFFSET] Cutting [TASK_ASSIGNED] - {job_no}","Process: Paper Cutting (CUT)
Event: TASK_ASSIGNED
Job No: {job_no}
Work Note: Update step status and part-wise completion in workspace.","4.00","2.00",NULL,"2.00","PENDING",True,NULL,"{""channels"": {""push"": true, ""email"": true, ""workspace"": true}, ""eventType"": ""TASK_ASSIGNED"", ""jobTypeCode"": ""FULL_OFFSET"", ""jobTypeName"": ""Full Job – Offset Printing"", ""processCode"": ""CUT"", ""printingMode"": ""OFFSET"", ""isFullProcess"": true, ""isOutsourceJob"": false, ""isSingleProcess"": false, ""isInhouseMaterial"": true, ""isCustomerMaterial"": false, ""allowAdvancePayment"": true, ""requireCostingApproval"": true}","{""model"": ""agentic-workspace-v1"", ""enabled"": true, ""purpose"": ""process-work-guidance""}","{""seededFrom"": ""mst_process + mst_job_type + mst_department"", ""taskTypeLogic"": ""process.isapprovalrequired + client approval + job-type nature"", ""partyRoutingDepartment"": 9999}","NORMAL",True,True,182,"SYSTEM","2026-04-16 08:57:33.887592",NULL,"2026-04-16 08:57:33.887592"
"1627",1001,"FULL_OFFSET",18,18,"CUT","CUT","1011","TASK_OVERDUE","Paper Cutting Overdue",NULL,0,"INTERNAL",True,False,False,False,False,False,False,False,False,True,True,False,"P_CUT","[FULL_OFFSET] Cutting [TASK_OVERDUE] - {job_no}","Process: Paper Cutting (CUT)
Event: TASK_OVERDUE
Job No: {job_no}
Work Note: Update step status and part-wise completion in workspace.","4.00","2.00",NULL,"2.00","OVERDUE",False,NULL,"{""channels"": {""push"": true, ""email"": true, ""workspace"": true}, ""eventType"": ""TASK_OVERDUE"", ""jobTypeCode"": ""FULL_OFFSET"", ""jobTypeName"": ""Full Job – Offset Printing"", ""processCode"": ""CUT"", ""printingMode"": ""OFFSET"", ""isFullProcess"": true, ""isOutsourceJob"": false, ""isSingleProcess"": false, ""isInhouseMaterial"": true, ""isCustomerMaterial"": false, ""allowAdvancePayment"": true, ""requireCostingApproval"": true}","{""model"": ""agentic-workspace-v1"", ""enabled"": true, ""purpose"": ""process-work-guidance""}","{""seededFrom"": ""mst_process + mst_job_type + mst_department"", ""taskTypeLogic"": ""process.isapprovalrequired + client approval + job-type nature"", ""partyRoutingDepartment"": 9999}","NORMAL",True,True,183,"SYSTEM","2026-04-16 08:57:33.887592",NULL,"2026-04-16 08:57:33.887592"
"1628",1001,"FULL_OFFSET",18,18,"CUT","CUT","1011","TASK_COMPLETED","Paper Cutting Completed",NULL,0,"INTERNAL",True,False,False,False,False,False,False,False,False,True,True,False,"P_CUT","[FULL_OFFSET] Cutting [TASK_COMPLETED] - {job_no}","Process: Paper Cutting (CUT)
Event: TASK_COMPLETED
Job No: {job_no}
Work Note: Update step status and part-wise completion in workspace.","4.00","2.00",NULL,"2.00","COMPLETED",False,NULL,"{""channels"": {""push"": true, ""email"": true, ""workspace"": true}, ""eventType"": ""TASK_COMPLETED"", ""jobTypeCode"": ""FULL_OFFSET"", ""jobTypeName"": ""Full Job – Offset Printing"", ""processCode"": ""CUT"", ""printingMode"": ""OFFSET"", ""isFullProcess"": true, ""isOutsourceJob"": false, ""isSingleProcess"": false, ""isInhouseMaterial"": true, ""isCustomerMaterial"": false, ""allowAdvancePayment"": true, ""requireCostingApproval"": true}","{""model"": ""agentic-workspace-v1"", ""enabled"": true, ""purpose"": ""process-work-guidance""}","{""seededFrom"": ""mst_process + mst_job_type + mst_department"", ""taskTypeLogic"": ""process.isapprovalrequired + client approval + job-type nature"", ""partyRoutingDepartment"": 9999}","NORMAL",True,True,184,"SYSTEM","2026-04-16 08:57:33.887592",NULL,"2026-04-16 08:57:33.887592"
"1629",1001,"FULL_OFFSET",19,19,"PRINT","PRINT","1010","PROC_START","Printing Started",NULL,0,"INTERNAL",True,False,False,False,False,False,False,False,False,True,True,False,"P_PRINT","[FULL_OFFSET] Printing [PROC_START] - {job_no}","Process: Printing (PRINT)
Event: PROC_START
Job No: {job_no}
Work Note: Update step status and part-wise completion in workspace.","12.00","2.00",NULL,"2.00","PENDING",True,NULL,"{""channels"": {""push"": true, ""email"": true, ""workspace"": true}, ""eventType"": ""PROC_START"", ""jobTypeCode"": ""FULL_OFFSET"", ""jobTypeName"": ""Full Job – Offset Printing"", ""processCode"": ""PRINT"", ""printingMode"": ""OFFSET"", ""isFullProcess"": true, ""isOutsourceJob"": false, ""isSingleProcess"": false, ""isInhouseMaterial"": true, ""isCustomerMaterial"": false, ""allowAdvancePayment"": true, ""requireCostingApproval"": true}","{""model"": ""agentic-workspace-v1"", ""enabled"": true, ""purpose"": ""process-work-guidance""}","{""seededFrom"": ""mst_process + mst_job_type + mst_department"", ""taskTypeLogic"": ""process.isapprovalrequired + client approval + job-type nature"", ""partyRoutingDepartment"": 9999}","HIGH",True,True,191,"SYSTEM","2026-04-16 08:57:33.887592",NULL,"2026-04-16 08:57:33.887592"
"1630",1001,"FULL_OFFSET",19,19,"PRINT","PRINT","1010","TASK_ASSIGNED","Printing Assigned",NULL,0,"INTERNAL",True,False,False,False,False,False,False,False,False,True,True,False,"P_PRINT","[FULL_OFFSET] Printing [TASK_ASSIGNED] - {job_no}","Process: Printing (PRINT)
Event: TASK_ASSIGNED
Job No: {job_no}
Work Note: Update step status and part-wise completion in workspace.","12.00","2.00",NULL,"2.00","PENDING",True,NULL,"{""channels"": {""push"": true, ""email"": true, ""workspace"": true}, ""eventType"": ""TASK_ASSIGNED"", ""jobTypeCode"": ""FULL_OFFSET"", ""jobTypeName"": ""Full Job – Offset Printing"", ""processCode"": ""PRINT"", ""printingMode"": ""OFFSET"", ""isFullProcess"": true, ""isOutsourceJob"": false, ""isSingleProcess"": false, ""isInhouseMaterial"": true, ""isCustomerMaterial"": false, ""allowAdvancePayment"": true, ""requireCostingApproval"": true}","{""model"": ""agentic-workspace-v1"", ""enabled"": true, ""purpose"": ""process-work-guidance""}","{""seededFrom"": ""mst_process + mst_job_type + mst_department"", ""taskTypeLogic"": ""process.isapprovalrequired + client approval + job-type nature"", ""partyRoutingDepartment"": 9999}","HIGH",True,True,192,"SYSTEM","2026-04-16 08:57:33.887592",NULL,"2026-04-16 08:57:33.887592"
"1631",1001,"FULL_OFFSET",19,19,"PRINT","PRINT","1010","TASK_OVERDUE","Printing Overdue",NULL,0,"INTERNAL",True,False,False,False,False,False,False,False,False,True,True,False,"P_PRINT","[FULL_OFFSET] Printing [TASK_OVERDUE] - {job_no}","Process: Printing (PRINT)
Event: TASK_OVERDUE
Job No: {job_no}
Work Note: Update step status and part-wise completion in workspace.","12.00","2.00",NULL,"2.00","OVERDUE",False,NULL,"{""channels"": {""push"": true, ""email"": true, ""workspace"": true}, ""eventType"": ""TASK_OVERDUE"", ""jobTypeCode"": ""FULL_OFFSET"", ""jobTypeName"": ""Full Job – Offset Printing"", ""processCode"": ""PRINT"", ""printingMode"": ""OFFSET"", ""isFullProcess"": true, ""isOutsourceJob"": false, ""isSingleProcess"": false, ""isInhouseMaterial"": true, ""isCustomerMaterial"": false, ""allowAdvancePayment"": true, ""requireCostingApproval"": true}","{""model"": ""agentic-workspace-v1"", ""enabled"": true, ""purpose"": ""process-work-guidance""}","{""seededFrom"": ""mst_process + mst_job_type + mst_department"", ""taskTypeLogic"": ""process.isapprovalrequired + client approval + job-type nature"", ""partyRoutingDepartment"": 9999}","HIGH",True,True,193,"SYSTEM","2026-04-16 08:57:33.887592",NULL,"2026-04-16 08:57:33.887592"
"1632",1001,"FULL_OFFSET",19,19,"PRINT","PRINT","1010","TASK_COMPLETED","Printing Completed",NULL,0,"INTERNAL",True,False,False,False,False,False,False,False,False,True,True,False,"P_PRINT","[FULL_OFFSET] Printing [TASK_COMPLETED] - {job_no}","Process: Printing (PRINT)
Event: TASK_COMPLETED
Job No: {job_no}
Work Note: Update step status and part-wise completion in workspace.","12.00","2.00",NULL,"2.00","COMPLETED",False,NULL,"{""channels"": {""push"": true, ""email"": true, ""workspace"": true}, ""eventType"": ""TASK_COMPLETED"", ""jobTypeCode"": ""FULL_OFFSET"", ""jobTypeName"": ""Full Job – Offset Printing"", ""processCode"": ""PRINT"", ""printingMode"": ""OFFSET"", ""isFullProcess"": true, ""isOutsourceJob"": false, ""isSingleProcess"": false, ""isInhouseMaterial"": true, ""isCustomerMaterial"": false, ""allowAdvancePayment"": true, ""requireCostingApproval"": true}","{""model"": ""agentic-workspace-v1"", ""enabled"": true, ""purpose"": ""process-work-guidance""}","{""seededFrom"": ""mst_process + mst_job_type + mst_department"", ""taskTypeLogic"": ""process.isapprovalrequired + client approval + job-type nature"", ""partyRoutingDepartment"": 9999}","HIGH",True,True,194,"SYSTEM","2026-04-16 08:57:33.887592",NULL,"2026-04-16 08:57:33.887592"
"1633",1001,"FULL_OFFSET",20,20,"QC_PROC","QC_PROC","1016","PROC_START","In-Process QC Started",NULL,0,"INTERNAL",True,False,False,False,False,False,False,False,False,True,True,False,"P_QC_PROC","[FULL_OFFSET] Process QC [PROC_START] - {job_no}","Process: In-Process QC (QC_PROC)
Event: PROC_START
Job No: {job_no}
Work Note: Update step status and part-wise completion in workspace.","4.00","2.00",NULL,"2.00","PENDING",True,NULL,"{""channels"": {""push"": true, ""email"": true, ""workspace"": true}, ""eventType"": ""PROC_START"", ""jobTypeCode"": ""FULL_OFFSET"", ""jobTypeName"": ""Full Job – Offset Printing"", ""processCode"": ""QC_PROC"", ""printingMode"": ""OFFSET"", ""isFullProcess"": true, ""isOutsourceJob"": false, ""isSingleProcess"": false, ""isInhouseMaterial"": true, ""isCustomerMaterial"": false, ""allowAdvancePayment"": true, ""requireCostingApproval"": true}","{""model"": ""agentic-workspace-v1"", ""enabled"": true, ""purpose"": ""process-work-guidance""}","{""seededFrom"": ""mst_process + mst_job_type + mst_department"", ""taskTypeLogic"": ""process.isapprovalrequired + client approval + job-type nature"", ""partyRoutingDepartment"": 9999}","NORMAL",True,True,201,"SYSTEM","2026-04-16 08:57:33.887592",NULL,"2026-04-16 08:57:33.887592"
"1634",1001,"FULL_OFFSET",20,20,"QC_PROC","QC_PROC","1016","TASK_ASSIGNED","In-Process QC Assigned",NULL,0,"INTERNAL",True,False,False,False,False,False,False,False,False,True,True,False,"P_QC_PROC","[FULL_OFFSET] Process QC [TASK_ASSIGNED] - {job_no}","Process: In-Process QC (QC_PROC)
Event: TASK_ASSIGNED
Job No: {job_no}
Work Note: Update step status and part-wise completion in workspace.","4.00","2.00",NULL,"2.00","PENDING",True,NULL,"{""channels"": {""push"": true, ""email"": true, ""workspace"": true}, ""eventType"": ""TASK_ASSIGNED"", ""jobTypeCode"": ""FULL_OFFSET"", ""jobTypeName"": ""Full Job – Offset Printing"", ""processCode"": ""QC_PROC"", ""printingMode"": ""OFFSET"", ""isFullProcess"": true, ""isOutsourceJob"": false, ""isSingleProcess"": false, ""isInhouseMaterial"": true, ""isCustomerMaterial"": false, ""allowAdvancePayment"": true, ""requireCostingApproval"": true}","{""model"": ""agentic-workspace-v1"", ""enabled"": true, ""purpose"": ""process-work-guidance""}","{""seededFrom"": ""mst_process + mst_job_type + mst_department"", ""taskTypeLogic"": ""process.isapprovalrequired + client approval + job-type nature"", ""partyRoutingDepartment"": 9999}","NORMAL",True,True,202,"SYSTEM","2026-04-16 08:57:33.887592",NULL,"2026-04-16 08:57:33.887592"
"1635",1001,"FULL_OFFSET",20,20,"QC_PROC","QC_PROC","1016","TASK_OVERDUE","In-Process QC Overdue",NULL,0,"INTERNAL",True,False,False,False,False,False,False,False,False,True,True,False,"P_QC_PROC","[FULL_OFFSET] Process QC [TASK_OVERDUE] - {job_no}","Process: In-Process QC (QC_PROC)
Event: TASK_OVERDUE
Job No: {job_no}
Work Note: Update step status and part-wise completion in workspace.","4.00","2.00",NULL,"2.00","OVERDUE",False,NULL,"{""channels"": {""push"": true, ""email"": true, ""workspace"": true}, ""eventType"": ""TASK_OVERDUE"", ""jobTypeCode"": ""FULL_OFFSET"", ""jobTypeName"": ""Full Job – Offset Printing"", ""processCode"": ""QC_PROC"", ""printingMode"": ""OFFSET"", ""isFullProcess"": true, ""isOutsourceJob"": false, ""isSingleProcess"": false, ""isInhouseMaterial"": true, ""isCustomerMaterial"": false, ""allowAdvancePayment"": true, ""requireCostingApproval"": true}","{""model"": ""agentic-workspace-v1"", ""enabled"": true, ""purpose"": ""process-work-guidance""}","{""seededFrom"": ""mst_process + mst_job_type + mst_department"", ""taskTypeLogic"": ""process.isapprovalrequired + client approval + job-type nature"", ""partyRoutingDepartment"": 9999}","NORMAL",True,True,203,"SYSTEM","2026-04-16 08:57:33.887592",NULL,"2026-04-16 08:57:33.887592"
"1636",1001,"FULL_OFFSET",20,20,"QC_PROC","QC_PROC","1016","TASK_COMPLETED","In-Process QC Completed",NULL,0,"INTERNAL",True,False,False,False,False,False,False,False,False,True,True,False,"P_QC_PROC","[FULL_OFFSET] Process QC [TASK_COMPLETED] - {job_no}","Process: In-Process QC (QC_PROC)
Event: TASK_COMPLETED
Job No: {job_no}
Work Note: Update step status and part-wise completion in workspace.","4.00","2.00",NULL,"2.00","COMPLETED",False,NULL,"{""channels"": {""push"": true, ""email"": true, ""workspace"": true}, ""eventType"": ""TASK_COMPLETED"", ""jobTypeCode"": ""FULL_OFFSET"", ""jobTypeName"": ""Full Job – Offset Printing"", ""processCode"": ""QC_PROC"", ""printingMode"": ""OFFSET"", ""isFullProcess"": true, ""isOutsourceJob"": false, ""isSingleProcess"": false, ""isInhouseMaterial"": true, ""isCustomerMaterial"": false, ""allowAdvancePayment"": true, ""requireCostingApproval"": true}","{""model"": ""agentic-workspace-v1"", ""enabled"": true, ""purpose"": ""process-work-guidance""}","{""seededFrom"": ""mst_process + mst_job_type + mst_department"", ""taskTypeLogic"": ""process.isapprovalrequired + client approval + job-type nature"", ""partyRoutingDepartment"": 9999}","NORMAL",True,True,204,"SYSTEM","2026-04-16 08:57:33.887592",NULL,"2026-04-16 08:57:33.887592"
"1637",1001,"FULL_OFFSET",21,21,"DRY","DRY","1010","PROC_START","Drying Started",NULL,0,"INTERNAL",True,False,False,False,False,False,False,False,False,True,True,False,"P_DRY","[FULL_OFFSET] Drying [PROC_START] - {job_no}","Process: Drying (DRY)
Event: PROC_START
Job No: {job_no}
Work Note: Update step status and part-wise completion in workspace.","6.00","2.00",NULL,"2.00","PENDING",True,NULL,"{""channels"": {""push"": true, ""email"": true, ""workspace"": true}, ""eventType"": ""PROC_START"", ""jobTypeCode"": ""FULL_OFFSET"", ""jobTypeName"": ""Full Job – Offset Printing"", ""processCode"": ""DRY"", ""printingMode"": ""OFFSET"", ""isFullProcess"": true, ""isOutsourceJob"": false, ""isSingleProcess"": false, ""isInhouseMaterial"": true, ""isCustomerMaterial"": false, ""allowAdvancePayment"": true, ""requireCostingApproval"": true}","{""model"": ""agentic-workspace-v1"", ""enabled"": true, ""purpose"": ""process-work-guidance""}","{""seededFrom"": ""mst_process + mst_job_type + mst_department"", ""taskTypeLogic"": ""process.isapprovalrequired + client approval + job-type nature"", ""partyRoutingDepartment"": 9999}","NORMAL",True,True,211,"SYSTEM","2026-04-16 08:57:33.887592",NULL,"2026-04-16 08:57:33.887592"
"1638",1001,"FULL_OFFSET",21,21,"DRY","DRY","1010","TASK_ASSIGNED","Drying Assigned",NULL,0,"INTERNAL",True,False,False,False,False,False,False,False,False,True,True,False,"P_DRY","[FULL_OFFSET] Drying [TASK_ASSIGNED] - {job_no}","Process: Drying (DRY)
Event: TASK_ASSIGNED
Job No: {job_no}
Work Note: Update step status and part-wise completion in workspace.","6.00","2.00",NULL,"2.00","PENDING",True,NULL,"{""channels"": {""push"": true, ""email"": true, ""workspace"": true}, ""eventType"": ""TASK_ASSIGNED"", ""jobTypeCode"": ""FULL_OFFSET"", ""jobTypeName"": ""Full Job – Offset Printing"", ""processCode"": ""DRY"", ""printingMode"": ""OFFSET"", ""isFullProcess"": true, ""isOutsourceJob"": false, ""isSingleProcess"": false, ""isInhouseMaterial"": true, ""isCustomerMaterial"": false, ""allowAdvancePayment"": true, ""requireCostingApproval"": true}","{""model"": ""agentic-workspace-v1"", ""enabled"": true, ""purpose"": ""process-work-guidance""}","{""seededFrom"": ""mst_process + mst_job_type + mst_department"", ""taskTypeLogic"": ""process.isapprovalrequired + client approval + job-type nature"", ""partyRoutingDepartment"": 9999}","NORMAL",True,True,212,"SYSTEM","2026-04-16 08:57:33.887592",NULL,"2026-04-16 08:57:33.887592"
"1639",1001,"FULL_OFFSET",21,21,"DRY","DRY","1010","TASK_OVERDUE","Drying Overdue",NULL,0,"INTERNAL",True,False,False,False,False,False,False,False,False,True,True,False,"P_DRY","[FULL_OFFSET] Drying [TASK_OVERDUE] - {job_no}","Process: Drying (DRY)
Event: TASK_OVERDUE
Job No: {job_no}
Work Note: Update step status and part-wise completion in workspace.","6.00","2.00",NULL,"2.00","OVERDUE",False,NULL,"{""channels"": {""push"": true, ""email"": true, ""workspace"": true}, ""eventType"": ""TASK_OVERDUE"", ""jobTypeCode"": ""FULL_OFFSET"", ""jobTypeName"": ""Full Job – Offset Printing"", ""processCode"": ""DRY"", ""printingMode"": ""OFFSET"", ""isFullProcess"": true, ""isOutsourceJob"": false, ""isSingleProcess"": false, ""isInhouseMaterial"": true, ""isCustomerMaterial"": false, ""allowAdvancePayment"": true, ""requireCostingApproval"": true}","{""model"": ""agentic-workspace-v1"", ""enabled"": true, ""purpose"": ""process-work-guidance""}","{""seededFrom"": ""mst_process + mst_job_type + mst_department"", ""taskTypeLogic"": ""process.isapprovalrequired + client approval + job-type nature"", ""partyRoutingDepartment"": 9999}","NORMAL",True,True,213,"SYSTEM","2026-04-16 08:57:33.887592",NULL,"2026-04-16 08:57:33.887592"
"1640",1001,"FULL_OFFSET",21,21,"DRY","DRY","1010","TASK_COMPLETED","Drying Completed",NULL,0,"INTERNAL",True,False,False,False,False,False,False,False,False,True,True,False,"P_DRY","[FULL_OFFSET] Drying [TASK_COMPLETED] - {job_no}","Process: Drying (DRY)
Event: TASK_COMPLETED
Job No: {job_no}
Work Note: Update step status and part-wise completion in workspace.","6.00","2.00",NULL,"2.00","COMPLETED",False,NULL,"{""channels"": {""push"": true, ""email"": true, ""workspace"": true}, ""eventType"": ""TASK_COMPLETED"", ""jobTypeCode"": ""FULL_OFFSET"", ""jobTypeName"": ""Full Job – Offset Printing"", ""processCode"": ""DRY"", ""printingMode"": ""OFFSET"", ""isFullProcess"": true, ""isOutsourceJob"": false, ""isSingleProcess"": false, ""isInhouseMaterial"": true, ""isCustomerMaterial"": false, ""allowAdvancePayment"": true, ""requireCostingApproval"": true}","{""model"": ""agentic-workspace-v1"", ""enabled"": true, ""purpose"": ""process-work-guidance""}","{""seededFrom"": ""mst_process + mst_job_type + mst_department"", ""taskTypeLogic"": ""process.isapprovalrequired + client approval + job-type nature"", ""partyRoutingDepartment"": 9999}","NORMAL",True,True,214,"SYSTEM","2026-04-16 08:57:33.887592",NULL,"2026-04-16 08:57:33.887592"
"1641",1001,"FULL_OFFSET",22,22,"POST_PRESS","POST_PRESS","1011","PROC_START","Post Press Finishing Started",NULL,0,"INTERNAL",True,False,False,False,False,False,False,False,False,True,True,False,"P_POST","[FULL_OFFSET] Post Press [PROC_START] - {job_no}","Process: Post Press Finishing (POST_PRESS)
Event: PROC_START
Job No: {job_no}
Work Note: Update step status and part-wise completion in workspace.","8.00","2.00",NULL,"2.00","PENDING",True,NULL,"{""channels"": {""push"": true, ""email"": true, ""workspace"": true}, ""eventType"": ""PROC_START"", ""jobTypeCode"": ""FULL_OFFSET"", ""jobTypeName"": ""Full Job – Offset Printing"", ""processCode"": ""POST_PRESS"", ""printingMode"": ""OFFSET"", ""isFullProcess"": true, ""isOutsourceJob"": false, ""isSingleProcess"": false, ""isInhouseMaterial"": true, ""isCustomerMaterial"": false, ""allowAdvancePayment"": true, ""requireCostingApproval"": true}","{""model"": ""agentic-workspace-v1"", ""enabled"": true, ""purpose"": ""process-work-guidance""}","{""seededFrom"": ""mst_process + mst_job_type + mst_department"", ""taskTypeLogic"": ""process.isapprovalrequired + client approval + job-type nature"", ""partyRoutingDepartment"": 9999}","NORMAL",True,True,221,"SYSTEM","2026-04-16 08:57:33.887592",NULL,"2026-04-16 08:57:33.887592"
"1642",1001,"FULL_OFFSET",22,22,"POST_PRESS","POST_PRESS","1011","TASK_ASSIGNED","Post Press Finishing Assigned",NULL,0,"INTERNAL",True,False,False,False,False,False,False,False,False,True,True,False,"P_POST","[FULL_OFFSET] Post Press [TASK_ASSIGNED] - {job_no}","Process: Post Press Finishing (POST_PRESS)
Event: TASK_ASSIGNED
Job No: {job_no}
Work Note: Update step status and part-wise completion in workspace.","8.00","2.00",NULL,"2.00","PENDING",True,NULL,"{""channels"": {""push"": true, ""email"": true, ""workspace"": true}, ""eventType"": ""TASK_ASSIGNED"", ""jobTypeCode"": ""FULL_OFFSET"", ""jobTypeName"": ""Full Job – Offset Printing"", ""processCode"": ""POST_PRESS"", ""printingMode"": ""OFFSET"", ""isFullProcess"": true, ""isOutsourceJob"": false, ""isSingleProcess"": false, ""isInhouseMaterial"": true, ""isCustomerMaterial"": false, ""allowAdvancePayment"": true, ""requireCostingApproval"": true}","{""model"": ""agentic-workspace-v1"", ""enabled"": true, ""purpose"": ""process-work-guidance""}","{""seededFrom"": ""mst_process + mst_job_type + mst_department"", ""taskTypeLogic"": ""process.isapprovalrequired + client approval + job-type nature"", ""partyRoutingDepartment"": 9999}","NORMAL",True,True,222,"SYSTEM","2026-04-16 08:57:33.887592",NULL,"2026-04-16 08:57:33.887592"
"1643",1001,"FULL_OFFSET",22,22,"POST_PRESS","POST_PRESS","1011","TASK_OVERDUE","Post Press Finishing Overdue",NULL,0,"INTERNAL",True,False,False,False,False,False,False,False,False,True,True,False,"P_POST","[FULL_OFFSET] Post Press [TASK_OVERDUE] - {job_no}","Process: Post Press Finishing (POST_PRESS)
Event: TASK_OVERDUE
Job No: {job_no}
Work Note: Update step status and part-wise completion in workspace.","8.00","2.00",NULL,"2.00","OVERDUE",False,NULL,"{""channels"": {""push"": true, ""email"": true, ""workspace"": true}, ""eventType"": ""TASK_OVERDUE"", ""jobTypeCode"": ""FULL_OFFSET"", ""jobTypeName"": ""Full Job – Offset Printing"", ""processCode"": ""POST_PRESS"", ""printingMode"": ""OFFSET"", ""isFullProcess"": true, ""isOutsourceJob"": false, ""isSingleProcess"": false, ""isInhouseMaterial"": true, ""isCustomerMaterial"": false, ""allowAdvancePayment"": true, ""requireCostingApproval"": true}","{""model"": ""agentic-workspace-v1"", ""enabled"": true, ""purpose"": ""process-work-guidance""}","{""seededFrom"": ""mst_process + mst_job_type + mst_department"", ""taskTypeLogic"": ""process.isapprovalrequired + client approval + job-type nature"", ""partyRoutingDepartment"": 9999}","NORMAL",True,True,223,"SYSTEM","2026-04-16 08:57:33.887592",NULL,"2026-04-16 08:57:33.887592"
"1644",1001,"FULL_OFFSET",22,22,"POST_PRESS","POST_PRESS","1011","TASK_COMPLETED","Post Press Finishing Completed",NULL,0,"INTERNAL",True,False,False,False,False,False,False,False,False,True,True,False,"P_POST","[FULL_OFFSET] Post Press [TASK_COMPLETED] - {job_no}","Process: Post Press Finishing (POST_PRESS)
Event: TASK_COMPLETED
Job No: {job_no}
Work Note: Update step status and part-wise completion in workspace.","8.00","2.00",NULL,"2.00","COMPLETED",False,NULL,"{""channels"": {""push"": true, ""email"": true, ""workspace"": true}, ""eventType"": ""TASK_COMPLETED"", ""jobTypeCode"": ""FULL_OFFSET"", ""jobTypeName"": ""Full Job – Offset Printing"", ""processCode"": ""POST_PRESS"", ""printingMode"": ""OFFSET"", ""isFullProcess"": true, ""isOutsourceJob"": false, ""isSingleProcess"": false, ""isInhouseMaterial"": true, ""isCustomerMaterial"": false, ""allowAdvancePayment"": true, ""requireCostingApproval"": true}","{""model"": ""agentic-workspace-v1"", ""enabled"": true, ""purpose"": ""process-work-guidance""}","{""seededFrom"": ""mst_process + mst_job_type + mst_department"", ""taskTypeLogic"": ""process.isapprovalrequired + client approval + job-type nature"", ""partyRoutingDepartment"": 9999}","NORMAL",True,True,224,"SYSTEM","2026-04-16 08:57:33.887592",NULL,"2026-04-16 08:57:33.887592"
"1645",1001,"FULL_OFFSET",23,23,"FOLD","FOLD","1011","PROC_START","Folding Started",NULL,0,"INTERNAL",True,False,False,False,False,False,False,False,False,True,True,False,"P_FOLD","[FULL_OFFSET] Folding [PROC_START] - {job_no}","Process: Folding (FOLD)
Event: PROC_START
Job No: {job_no}
Work Note: Update step status and part-wise completion in workspace.","4.00","2.00",NULL,"2.00","PENDING",True,NULL,"{""channels"": {""push"": true, ""email"": true, ""workspace"": true}, ""eventType"": ""PROC_START"", ""jobTypeCode"": ""FULL_OFFSET"", ""jobTypeName"": ""Full Job – Offset Printing"", ""processCode"": ""FOLD"", ""printingMode"": ""OFFSET"", ""isFullProcess"": true, ""isOutsourceJob"": false, ""isSingleProcess"": false, ""isInhouseMaterial"": true, ""isCustomerMaterial"": false, ""allowAdvancePayment"": true, ""requireCostingApproval"": true}","{""model"": ""agentic-workspace-v1"", ""enabled"": true, ""purpose"": ""process-work-guidance""}","{""seededFrom"": ""mst_process + mst_job_type + mst_department"", ""taskTypeLogic"": ""process.isapprovalrequired + client approval + job-type nature"", ""partyRoutingDepartment"": 9999}","NORMAL",True,True,231,"SYSTEM","2026-04-16 08:57:33.887592",NULL,"2026-04-16 08:57:33.887592"
"1646",1001,"FULL_OFFSET",23,23,"FOLD","FOLD","1011","TASK_ASSIGNED","Folding Assigned",NULL,0,"INTERNAL",True,False,False,False,False,False,False,False,False,True,True,False,"P_FOLD","[FULL_OFFSET] Folding [TASK_ASSIGNED] - {job_no}","Process: Folding (FOLD)
Event: TASK_ASSIGNED
Job No: {job_no}
Work Note: Update step status and part-wise completion in workspace.","4.00","2.00",NULL,"2.00","PENDING",True,NULL,"{""channels"": {""push"": true, ""email"": true, ""workspace"": true}, ""eventType"": ""TASK_ASSIGNED"", ""jobTypeCode"": ""FULL_OFFSET"", ""jobTypeName"": ""Full Job – Offset Printing"", ""processCode"": ""FOLD"", ""printingMode"": ""OFFSET"", ""isFullProcess"": true, ""isOutsourceJob"": false, ""isSingleProcess"": false, ""isInhouseMaterial"": true, ""isCustomerMaterial"": false, ""allowAdvancePayment"": true, ""requireCostingApproval"": true}","{""model"": ""agentic-workspace-v1"", ""enabled"": true, ""purpose"": ""process-work-guidance""}","{""seededFrom"": ""mst_process + mst_job_type + mst_department"", ""taskTypeLogic"": ""process.isapprovalrequired + client approval + job-type nature"", ""partyRoutingDepartment"": 9999}","NORMAL",True,True,232,"SYSTEM","2026-04-16 08:57:33.887592",NULL,"2026-04-16 08:57:33.887592"
"1647",1001,"FULL_OFFSET",23,23,"FOLD","FOLD","1011","TASK_OVERDUE","Folding Overdue",NULL,0,"INTERNAL",True,False,False,False,False,False,False,False,False,True,True,False,"P_FOLD","[FULL_OFFSET] Folding [TASK_OVERDUE] - {job_no}","Process: Folding (FOLD)
Event: TASK_OVERDUE
Job No: {job_no}
Work Note: Update step status and part-wise completion in workspace.","4.00","2.00",NULL,"2.00","OVERDUE",False,NULL,"{""channels"": {""push"": true, ""email"": true, ""workspace"": true}, ""eventType"": ""TASK_OVERDUE"", ""jobTypeCode"": ""FULL_OFFSET"", ""jobTypeName"": ""Full Job – Offset Printing"", ""processCode"": ""FOLD"", ""printingMode"": ""OFFSET"", ""isFullProcess"": true, ""isOutsourceJob"": false, ""isSingleProcess"": false, ""isInhouseMaterial"": true, ""isCustomerMaterial"": false, ""allowAdvancePayment"": true, ""requireCostingApproval"": true}","{""model"": ""agentic-workspace-v1"", ""enabled"": true, ""purpose"": ""process-work-guidance""}","{""seededFrom"": ""mst_process + mst_job_type + mst_department"", ""taskTypeLogic"": ""process.isapprovalrequired + client approval + job-type nature"", ""partyRoutingDepartment"": 9999}","NORMAL",True,True,233,"SYSTEM","2026-04-16 08:57:33.887592",NULL,"2026-04-16 08:57:33.887592"
"1648",1001,"FULL_OFFSET",23,23,"FOLD","FOLD","1011","TASK_COMPLETED","Folding Completed",NULL,0,"INTERNAL",True,False,False,False,False,False,False,False,False,True,True,False,"P_FOLD","[FULL_OFFSET] Folding [TASK_COMPLETED] - {job_no}","Process: Folding (FOLD)
Event: TASK_COMPLETED
Job No: {job_no}
Work Note: Update step status and part-wise completion in workspace.","4.00","2.00",NULL,"2.00","COMPLETED",False,NULL,"{""channels"": {""push"": true, ""email"": true, ""workspace"": true}, ""eventType"": ""TASK_COMPLETED"", ""jobTypeCode"": ""FULL_OFFSET"", ""jobTypeName"": ""Full Job – Offset Printing"", ""processCode"": ""FOLD"", ""printingMode"": ""OFFSET"", ""isFullProcess"": true, ""isOutsourceJob"": false, ""isSingleProcess"": false, ""isInhouseMaterial"": true, ""isCustomerMaterial"": false, ""allowAdvancePayment"": true, ""requireCostingApproval"": true}","{""model"": ""agentic-workspace-v1"", ""enabled"": true, ""purpose"": ""process-work-guidance""}","{""seededFrom"": ""mst_process + mst_job_type + mst_department"", ""taskTypeLogic"": ""process.isapprovalrequired + client approval + job-type nature"", ""partyRoutingDepartment"": 9999}","NORMAL",True,True,234,"SYSTEM","2026-04-16 08:57:33.887592",NULL,"2026-04-16 08:57:33.887592"
"1649",1001,"FULL_OFFSET",24,24,"BIND","BIND","1011","PROC_START","Binding Started",NULL,0,"INTERNAL",True,False,False,False,False,False,False,False,False,True,True,False,"P_BIND","[FULL_OFFSET] Binding [PROC_START] - {job_no}","Process: Binding (BIND)
Event: PROC_START
Job No: {job_no}
Work Note: Update step status and part-wise completion in workspace.","8.00","2.00",NULL,"2.00","PENDING",True,NULL,"{""channels"": {""push"": true, ""email"": true, ""workspace"": true}, ""eventType"": ""PROC_START"", ""jobTypeCode"": ""FULL_OFFSET"", ""jobTypeName"": ""Full Job – Offset Printing"", ""processCode"": ""BIND"", ""printingMode"": ""OFFSET"", ""isFullProcess"": true, ""isOutsourceJob"": false, ""isSingleProcess"": false, ""isInhouseMaterial"": true, ""isCustomerMaterial"": false, ""allowAdvancePayment"": true, ""requireCostingApproval"": true}","{""model"": ""agentic-workspace-v1"", ""enabled"": true, ""purpose"": ""process-work-guidance""}","{""seededFrom"": ""mst_process + mst_job_type + mst_department"", ""taskTypeLogic"": ""process.isapprovalrequired + client approval + job-type nature"", ""partyRoutingDepartment"": 9999}","NORMAL",True,True,241,"SYSTEM","2026-04-16 08:57:33.887592",NULL,"2026-04-16 08:57:33.887592"
"1650",1001,"FULL_OFFSET",24,24,"BIND","BIND","1011","TASK_ASSIGNED","Binding Assigned",NULL,0,"INTERNAL",True,False,False,False,False,False,False,False,False,True,True,False,"P_BIND","[FULL_OFFSET] Binding [TASK_ASSIGNED] - {job_no}","Process: Binding (BIND)
Event: TASK_ASSIGNED
Job No: {job_no}
Work Note: Update step status and part-wise completion in workspace.","8.00","2.00",NULL,"2.00","PENDING",True,NULL,"{""channels"": {""push"": true, ""email"": true, ""workspace"": true}, ""eventType"": ""TASK_ASSIGNED"", ""jobTypeCode"": ""FULL_OFFSET"", ""jobTypeName"": ""Full Job – Offset Printing"", ""processCode"": ""BIND"", ""printingMode"": ""OFFSET"", ""isFullProcess"": true, ""isOutsourceJob"": false, ""isSingleProcess"": false, ""isInhouseMaterial"": true, ""isCustomerMaterial"": false, ""allowAdvancePayment"": true, ""requireCostingApproval"": true}","{""model"": ""agentic-workspace-v1"", ""enabled"": true, ""purpose"": ""process-work-guidance""}","{""seededFrom"": ""mst_process + mst_job_type + mst_department"", ""taskTypeLogic"": ""process.isapprovalrequired + client approval + job-type nature"", ""partyRoutingDepartment"": 9999}","NORMAL",True,True,242,"SYSTEM","2026-04-16 08:57:33.887592",NULL,"2026-04-16 08:57:33.887592"
"1651",1001,"FULL_OFFSET",24,24,"BIND","BIND","1011","TASK_OVERDUE","Binding Overdue",NULL,0,"INTERNAL",True,False,False,False,False,False,False,False,False,True,True,False,"P_BIND","[FULL_OFFSET] Binding [TASK_OVERDUE] - {job_no}","Process: Binding (BIND)
Event: TASK_OVERDUE
Job No: {job_no}
Work Note: Update step status and part-wise completion in workspace.","8.00","2.00",NULL,"2.00","OVERDUE",False,NULL,"{""channels"": {""push"": true, ""email"": true, ""workspace"": true}, ""eventType"": ""TASK_OVERDUE"", ""jobTypeCode"": ""FULL_OFFSET"", ""jobTypeName"": ""Full Job – Offset Printing"", ""processCode"": ""BIND"", ""printingMode"": ""OFFSET"", ""isFullProcess"": true, ""isOutsourceJob"": false, ""isSingleProcess"": false, ""isInhouseMaterial"": true, ""isCustomerMaterial"": false, ""allowAdvancePayment"": true, ""requireCostingApproval"": true}","{""model"": ""agentic-workspace-v1"", ""enabled"": true, ""purpose"": ""process-work-guidance""}","{""seededFrom"": ""mst_process + mst_job_type + mst_department"", ""taskTypeLogic"": ""process.isapprovalrequired + client approval + job-type nature"", ""partyRoutingDepartment"": 9999}","NORMAL",True,True,243,"SYSTEM","2026-04-16 08:57:33.887592",NULL,"2026-04-16 08:57:33.887592"
"1652",1001,"FULL_OFFSET",24,24,"BIND","BIND","1011","TASK_COMPLETED","Binding Completed",NULL,0,"INTERNAL",True,False,False,False,False,False,False,False,False,True,True,False,"P_BIND","[FULL_OFFSET] Binding [TASK_COMPLETED] - {job_no}","Process: Binding (BIND)
Event: TASK_COMPLETED
Job No: {job_no}
Work Note: Update step status and part-wise completion in workspace.","8.00","2.00",NULL,"2.00","COMPLETED",False,NULL,"{""channels"": {""push"": true, ""email"": true, ""workspace"": true}, ""eventType"": ""TASK_COMPLETED"", ""jobTypeCode"": ""FULL_OFFSET"", ""jobTypeName"": ""Full Job – Offset Printing"", ""processCode"": ""BIND"", ""printingMode"": ""OFFSET"", ""isFullProcess"": true, ""isOutsourceJob"": false, ""isSingleProcess"": false, ""isInhouseMaterial"": true, ""isCustomerMaterial"": false, ""allowAdvancePayment"": true, ""requireCostingApproval"": true}","{""model"": ""agentic-workspace-v1"", ""enabled"": true, ""purpose"": ""process-work-guidance""}","{""seededFrom"": ""mst_process + mst_job_type + mst_department"", ""taskTypeLogic"": ""process.isapprovalrequired + client approval + job-type nature"", ""partyRoutingDepartment"": 9999}","NORMAL",True,True,244,"SYSTEM","2026-04-16 08:57:33.887592",NULL,"2026-04-16 08:57:33.887592"
"1653",1001,"FULL_OFFSET",25,25,"TRIM","TRIM","1011","PROC_START","Final Trim Started",NULL,0,"INTERNAL",True,False,False,False,False,False,False,False,False,True,True,False,"P_TRIM","[FULL_OFFSET] Trimming [PROC_START] - {job_no}","Process: Final Trim (TRIM)
Event: PROC_START
Job No: {job_no}
Work Note: Update step status and part-wise completion in workspace.","4.00","2.00",NULL,"2.00","PENDING",True,NULL,"{""channels"": {""push"": true, ""email"": true, ""workspace"": true}, ""eventType"": ""PROC_START"", ""jobTypeCode"": ""FULL_OFFSET"", ""jobTypeName"": ""Full Job – Offset Printing"", ""processCode"": ""TRIM"", ""printingMode"": ""OFFSET"", ""isFullProcess"": true, ""isOutsourceJob"": false, ""isSingleProcess"": false, ""isInhouseMaterial"": true, ""isCustomerMaterial"": false, ""allowAdvancePayment"": true, ""requireCostingApproval"": true}","{""model"": ""agentic-workspace-v1"", ""enabled"": true, ""purpose"": ""process-work-guidance""}","{""seededFrom"": ""mst_process + mst_job_type + mst_department"", ""taskTypeLogic"": ""process.isapprovalrequired + client approval + job-type nature"", ""partyRoutingDepartment"": 9999}","NORMAL",True,True,251,"SYSTEM","2026-04-16 08:57:33.887592",NULL,"2026-04-16 08:57:33.887592"
"1654",1001,"FULL_OFFSET",25,25,"TRIM","TRIM","1011","TASK_ASSIGNED","Final Trim Assigned",NULL,0,"INTERNAL",True,False,False,False,False,False,False,False,False,True,True,False,"P_TRIM","[FULL_OFFSET] Trimming [TASK_ASSIGNED] - {job_no}","Process: Final Trim (TRIM)
Event: TASK_ASSIGNED
Job No: {job_no}
Work Note: Update step status and part-wise completion in workspace.","4.00","2.00",NULL,"2.00","PENDING",True,NULL,"{""channels"": {""push"": true, ""email"": true, ""workspace"": true}, ""eventType"": ""TASK_ASSIGNED"", ""jobTypeCode"": ""FULL_OFFSET"", ""jobTypeName"": ""Full Job – Offset Printing"", ""processCode"": ""TRIM"", ""printingMode"": ""OFFSET"", ""isFullProcess"": true, ""isOutsourceJob"": false, ""isSingleProcess"": false, ""isInhouseMaterial"": true, ""isCustomerMaterial"": false, ""allowAdvancePayment"": true, ""requireCostingApproval"": true}","{""model"": ""agentic-workspace-v1"", ""enabled"": true, ""purpose"": ""process-work-guidance""}","{""seededFrom"": ""mst_process + mst_job_type + mst_department"", ""taskTypeLogic"": ""process.isapprovalrequired + client approval + job-type nature"", ""partyRoutingDepartment"": 9999}","NORMAL",True,True,252,"SYSTEM","2026-04-16 08:57:33.887592",NULL,"2026-04-16 08:57:33.887592"
"1655",1001,"FULL_OFFSET",25,25,"TRIM","TRIM","1011","TASK_OVERDUE","Final Trim Overdue",NULL,0,"INTERNAL",True,False,False,False,False,False,False,False,False,True,True,False,"P_TRIM","[FULL_OFFSET] Trimming [TASK_OVERDUE] - {job_no}","Process: Final Trim (TRIM)
Event: TASK_OVERDUE
Job No: {job_no}
Work Note: Update step status and part-wise completion in workspace.","4.00","2.00",NULL,"2.00","OVERDUE",False,NULL,"{""channels"": {""push"": true, ""email"": true, ""workspace"": true}, ""eventType"": ""TASK_OVERDUE"", ""jobTypeCode"": ""FULL_OFFSET"", ""jobTypeName"": ""Full Job – Offset Printing"", ""processCode"": ""TRIM"", ""printingMode"": ""OFFSET"", ""isFullProcess"": true, ""isOutsourceJob"": false, ""isSingleProcess"": false, ""isInhouseMaterial"": true, ""isCustomerMaterial"": false, ""allowAdvancePayment"": true, ""requireCostingApproval"": true}","{""model"": ""agentic-workspace-v1"", ""enabled"": true, ""purpose"": ""process-work-guidance""}","{""seededFrom"": ""mst_process + mst_job_type + mst_department"", ""taskTypeLogic"": ""process.isapprovalrequired + client approval + job-type nature"", ""partyRoutingDepartment"": 9999}","NORMAL",True,True,253,"SYSTEM","2026-04-16 08:57:33.887592",NULL,"2026-04-16 08:57:33.887592"
"1656",1001,"FULL_OFFSET",25,25,"TRIM","TRIM","1011","TASK_COMPLETED","Final Trim Completed",NULL,0,"INTERNAL",True,False,False,False,False,False,False,False,False,True,True,False,"P_TRIM","[FULL_OFFSET] Trimming [TASK_COMPLETED] - {job_no}","Process: Final Trim (TRIM)
Event: TASK_COMPLETED
Job No: {job_no}
Work Note: Update step status and part-wise completion in workspace.","4.00","2.00",NULL,"2.00","COMPLETED",False,NULL,"{""channels"": {""push"": true, ""email"": true, ""workspace"": true}, ""eventType"": ""TASK_COMPLETED"", ""jobTypeCode"": ""FULL_OFFSET"", ""jobTypeName"": ""Full Job – Offset Printing"", ""processCode"": ""TRIM"", ""printingMode"": ""OFFSET"", ""isFullProcess"": true, ""isOutsourceJob"": false, ""isSingleProcess"": false, ""isInhouseMaterial"": true, ""isCustomerMaterial"": false, ""allowAdvancePayment"": true, ""requireCostingApproval"": true}","{""model"": ""agentic-workspace-v1"", ""enabled"": true, ""purpose"": ""process-work-guidance""}","{""seededFrom"": ""mst_process + mst_job_type + mst_department"", ""taskTypeLogic"": ""process.isapprovalrequired + client approval + job-type nature"", ""partyRoutingDepartment"": 9999}","NORMAL",True,True,254,"SYSTEM","2026-04-16 08:57:33.887592",NULL,"2026-04-16 08:57:33.887592"
"1657",1001,"FULL_OFFSET",26,26,"QC_POST","QC_POST","1016","PROC_START","Post Press QC Started",NULL,1,"INTERNAL",True,True,False,True,False,False,False,False,False,True,True,False,"P_QC_POST","[FULL_OFFSET] Post QC [PROC_START] - {job_no}","Process: Post Press QC (QC_POST)
Event: PROC_START
Job No: {job_no}
Work Note: Update step status and part-wise completion in workspace.","4.00","2.00","DEPT_HEAD","2.00","PENDING",True,NULL,"{""channels"": {""push"": true, ""email"": true, ""workspace"": true}, ""eventType"": ""PROC_START"", ""jobTypeCode"": ""FULL_OFFSET"", ""jobTypeName"": ""Full Job – Offset Printing"", ""processCode"": ""QC_POST"", ""printingMode"": ""OFFSET"", ""isFullProcess"": true, ""isOutsourceJob"": false, ""isSingleProcess"": false, ""isInhouseMaterial"": true, ""isCustomerMaterial"": false, ""allowAdvancePayment"": true, ""requireCostingApproval"": true}","{""model"": ""agentic-workspace-v1"", ""enabled"": true, ""purpose"": ""process-work-guidance""}","{""seededFrom"": ""mst_process + mst_job_type + mst_department"", ""taskTypeLogic"": ""process.isapprovalrequired + client approval + job-type nature"", ""partyRoutingDepartment"": 9999}","HIGH",True,True,261,"SYSTEM","2026-04-16 08:57:33.887592",NULL,"2026-04-16 08:57:33.887592"
"1658",1001,"FULL_OFFSET",26,26,"QC_POST","QC_POST","1016","TASK_ASSIGNED","Post Press QC Assigned",NULL,1,"INTERNAL",True,True,False,True,False,False,False,False,False,True,True,False,"P_QC_POST","[FULL_OFFSET] Post QC [TASK_ASSIGNED] - {job_no}","Process: Post Press QC (QC_POST)
Event: TASK_ASSIGNED
Job No: {job_no}
Work Note: Update step status and part-wise completion in workspace.","4.00","2.00","DEPT_HEAD","2.00","PENDING",True,NULL,"{""channels"": {""push"": true, ""email"": true, ""workspace"": true}, ""eventType"": ""TASK_ASSIGNED"", ""jobTypeCode"": ""FULL_OFFSET"", ""jobTypeName"": ""Full Job – Offset Printing"", ""processCode"": ""QC_POST"", ""printingMode"": ""OFFSET"", ""isFullProcess"": true, ""isOutsourceJob"": false, ""isSingleProcess"": false, ""isInhouseMaterial"": true, ""isCustomerMaterial"": false, ""allowAdvancePayment"": true, ""requireCostingApproval"": true}","{""model"": ""agentic-workspace-v1"", ""enabled"": true, ""purpose"": ""process-work-guidance""}","{""seededFrom"": ""mst_process + mst_job_type + mst_department"", ""taskTypeLogic"": ""process.isapprovalrequired + client approval + job-type nature"", ""partyRoutingDepartment"": 9999}","HIGH",True,True,262,"SYSTEM","2026-04-16 08:57:33.887592",NULL,"2026-04-16 08:57:33.887592"
"1659",1001,"FULL_OFFSET",26,26,"QC_POST","QC_POST","1016","TASK_OVERDUE","Post Press QC Overdue",NULL,1,"INTERNAL",True,True,False,True,False,False,False,False,False,True,True,False,"P_QC_POST","[FULL_OFFSET] Post QC [TASK_OVERDUE] - {job_no}","Process: Post Press QC (QC_POST)
Event: TASK_OVERDUE
Job No: {job_no}
Work Note: Update step status and part-wise completion in workspace.","4.00","2.00","DEPT_HEAD","2.00","OVERDUE",False,NULL,"{""channels"": {""push"": true, ""email"": true, ""workspace"": true}, ""eventType"": ""TASK_OVERDUE"", ""jobTypeCode"": ""FULL_OFFSET"", ""jobTypeName"": ""Full Job – Offset Printing"", ""processCode"": ""QC_POST"", ""printingMode"": ""OFFSET"", ""isFullProcess"": true, ""isOutsourceJob"": false, ""isSingleProcess"": false, ""isInhouseMaterial"": true, ""isCustomerMaterial"": false, ""allowAdvancePayment"": true, ""requireCostingApproval"": true}","{""model"": ""agentic-workspace-v1"", ""enabled"": true, ""purpose"": ""process-work-guidance""}","{""seededFrom"": ""mst_process + mst_job_type + mst_department"", ""taskTypeLogic"": ""process.isapprovalrequired + client approval + job-type nature"", ""partyRoutingDepartment"": 9999}","HIGH",True,True,263,"SYSTEM","2026-04-16 08:57:33.887592",NULL,"2026-04-16 08:57:33.887592"
"1660",1001,"FULL_OFFSET",26,26,"QC_POST","QC_POST","1016","TASK_COMPLETED","Post Press QC Completed",NULL,1,"INTERNAL",True,True,False,True,False,False,False,False,False,True,True,False,"P_QC_POST","[FULL_OFFSET] Post QC [TASK_COMPLETED] - {job_no}","Process: Post Press QC (QC_POST)
Event: TASK_COMPLETED
Job No: {job_no}
Work Note: Update step status and part-wise completion in workspace.","4.00","2.00","DEPT_HEAD","2.00","COMPLETED",False,NULL,"{""channels"": {""push"": true, ""email"": true, ""workspace"": true}, ""eventType"": ""TASK_COMPLETED"", ""jobTypeCode"": ""FULL_OFFSET"", ""jobTypeName"": ""Full Job – Offset Printing"", ""processCode"": ""QC_POST"", ""printingMode"": ""OFFSET"", ""isFullProcess"": true, ""isOutsourceJob"": false, ""isSingleProcess"": false, ""isInhouseMaterial"": true, ""isCustomerMaterial"": false, ""allowAdvancePayment"": true, ""requireCostingApproval"": true}","{""model"": ""agentic-workspace-v1"", ""enabled"": true, ""purpose"": ""process-work-guidance""}","{""seededFrom"": ""mst_process + mst_job_type + mst_department"", ""taskTypeLogic"": ""process.isapprovalrequired + client approval + job-type nature"", ""partyRoutingDepartment"": 9999}","HIGH",True,True,264,"SYSTEM","2026-04-16 08:57:33.887592",NULL,"2026-04-16 08:57:33.887592"
"1661",1001,"FULL_OFFSET",27,27,"PACK","PACK","1012","PROC_START","Packing Started",NULL,0,"INTERNAL",True,False,False,False,False,False,False,False,False,True,True,False,"P_PACK","[FULL_OFFSET] Packing [PROC_START] - {job_no}","Process: Packing (PACK)
Event: PROC_START
Job No: {job_no}
Work Note: Update step status and part-wise completion in workspace.","3.00","2.00",NULL,"2.00","PENDING",True,NULL,"{""channels"": {""push"": true, ""email"": true, ""workspace"": true}, ""eventType"": ""PROC_START"", ""jobTypeCode"": ""FULL_OFFSET"", ""jobTypeName"": ""Full Job – Offset Printing"", ""processCode"": ""PACK"", ""printingMode"": ""OFFSET"", ""isFullProcess"": true, ""isOutsourceJob"": false, ""isSingleProcess"": false, ""isInhouseMaterial"": true, ""isCustomerMaterial"": false, ""allowAdvancePayment"": true, ""requireCostingApproval"": true}","{""model"": ""agentic-workspace-v1"", ""enabled"": true, ""purpose"": ""process-work-guidance""}","{""seededFrom"": ""mst_process + mst_job_type + mst_department"", ""taskTypeLogic"": ""process.isapprovalrequired + client approval + job-type nature"", ""partyRoutingDepartment"": 9999}","NORMAL",True,True,271,"SYSTEM","2026-04-16 08:57:33.887592",NULL,"2026-04-16 08:57:33.887592"
"1662",1001,"FULL_OFFSET",27,27,"PACK","PACK","1012","TASK_ASSIGNED","Packing Assigned",NULL,0,"INTERNAL",True,False,False,False,False,False,False,False,False,True,True,False,"P_PACK","[FULL_OFFSET] Packing [TASK_ASSIGNED] - {job_no}","Process: Packing (PACK)
Event: TASK_ASSIGNED
Job No: {job_no}
Work Note: Update step status and part-wise completion in workspace.","3.00","2.00",NULL,"2.00","PENDING",True,NULL,"{""channels"": {""push"": true, ""email"": true, ""workspace"": true}, ""eventType"": ""TASK_ASSIGNED"", ""jobTypeCode"": ""FULL_OFFSET"", ""jobTypeName"": ""Full Job – Offset Printing"", ""processCode"": ""PACK"", ""printingMode"": ""OFFSET"", ""isFullProcess"": true, ""isOutsourceJob"": false, ""isSingleProcess"": false, ""isInhouseMaterial"": true, ""isCustomerMaterial"": false, ""allowAdvancePayment"": true, ""requireCostingApproval"": true}","{""model"": ""agentic-workspace-v1"", ""enabled"": true, ""purpose"": ""process-work-guidance""}","{""seededFrom"": ""mst_process + mst_job_type + mst_department"", ""taskTypeLogic"": ""process.isapprovalrequired + client approval + job-type nature"", ""partyRoutingDepartment"": 9999}","NORMAL",True,True,272,"SYSTEM","2026-04-16 08:57:33.887592",NULL,"2026-04-16 08:57:33.887592"
"1663",1001,"FULL_OFFSET",27,27,"PACK","PACK","1012","TASK_OVERDUE","Packing Overdue",NULL,0,"INTERNAL",True,False,False,False,False,False,False,False,False,True,True,False,"P_PACK","[FULL_OFFSET] Packing [TASK_OVERDUE] - {job_no}","Process: Packing (PACK)
Event: TASK_OVERDUE
Job No: {job_no}
Work Note: Update step status and part-wise completion in workspace.","3.00","2.00",NULL,"2.00","OVERDUE",False,NULL,"{""channels"": {""push"": true, ""email"": true, ""workspace"": true}, ""eventType"": ""TASK_OVERDUE"", ""jobTypeCode"": ""FULL_OFFSET"", ""jobTypeName"": ""Full Job – Offset Printing"", ""processCode"": ""PACK"", ""printingMode"": ""OFFSET"", ""isFullProcess"": true, ""isOutsourceJob"": false, ""isSingleProcess"": false, ""isInhouseMaterial"": true, ""isCustomerMaterial"": false, ""allowAdvancePayment"": true, ""requireCostingApproval"": true}","{""model"": ""agentic-workspace-v1"", ""enabled"": true, ""purpose"": ""process-work-guidance""}","{""seededFrom"": ""mst_process + mst_job_type + mst_department"", ""taskTypeLogic"": ""process.isapprovalrequired + client approval + job-type nature"", ""partyRoutingDepartment"": 9999}","NORMAL",True,True,273,"SYSTEM","2026-04-16 08:57:33.887592",NULL,"2026-04-16 08:57:33.887592"
"1664",1001,"FULL_OFFSET",27,27,"PACK","PACK","1012","TASK_COMPLETED","Packing Completed",NULL,0,"INTERNAL",True,False,False,False,False,False,False,False,False,True,True,False,"P_PACK","[FULL_OFFSET] Packing [TASK_COMPLETED] - {job_no}","Process: Packing (PACK)
Event: TASK_COMPLETED
Job No: {job_no}
Work Note: Update step status and part-wise completion in workspace.","3.00","2.00",NULL,"2.00","COMPLETED",False,NULL,"{""channels"": {""push"": true, ""email"": true, ""workspace"": true}, ""eventType"": ""TASK_COMPLETED"", ""jobTypeCode"": ""FULL_OFFSET"", ""jobTypeName"": ""Full Job – Offset Printing"", ""processCode"": ""PACK"", ""printingMode"": ""OFFSET"", ""isFullProcess"": true, ""isOutsourceJob"": false, ""isSingleProcess"": false, ""isInhouseMaterial"": true, ""isCustomerMaterial"": false, ""allowAdvancePayment"": true, ""requireCostingApproval"": true}","{""model"": ""agentic-workspace-v1"", ""enabled"": true, ""purpose"": ""process-work-guidance""}","{""seededFrom"": ""mst_process + mst_job_type + mst_department"", ""taskTypeLogic"": ""process.isapprovalrequired + client approval + job-type nature"", ""partyRoutingDepartment"": 9999}","NORMAL",True,True,274,"SYSTEM","2026-04-16 08:57:33.887592",NULL,"2026-04-16 08:57:33.887592"
"1665",1001,"FULL_OFFSET",28,28,"LOAD","LOAD","1013","PROC_START","Loading Started",NULL,0,"INTERNAL",True,False,False,False,False,False,False,False,False,True,True,False,"P_LOAD","[FULL_OFFSET] Loading [PROC_START] - {job_no}","Process: Loading (LOAD)
Event: PROC_START
Job No: {job_no}
Work Note: Update step status and part-wise completion in workspace.","2.00","2.00",NULL,"2.00","PENDING",True,NULL,"{""channels"": {""push"": true, ""email"": true, ""workspace"": true}, ""eventType"": ""PROC_START"", ""jobTypeCode"": ""FULL_OFFSET"", ""jobTypeName"": ""Full Job – Offset Printing"", ""processCode"": ""LOAD"", ""printingMode"": ""OFFSET"", ""isFullProcess"": true, ""isOutsourceJob"": false, ""isSingleProcess"": false, ""isInhouseMaterial"": true, ""isCustomerMaterial"": false, ""allowAdvancePayment"": true, ""requireCostingApproval"": true}","{""model"": ""agentic-workspace-v1"", ""enabled"": true, ""purpose"": ""process-work-guidance""}","{""seededFrom"": ""mst_process + mst_job_type + mst_department"", ""taskTypeLogic"": ""process.isapprovalrequired + client approval + job-type nature"", ""partyRoutingDepartment"": 9999}","NORMAL",True,True,281,"SYSTEM","2026-04-16 08:57:33.887592",NULL,"2026-04-16 08:57:33.887592"
"1666",1001,"FULL_OFFSET",28,28,"LOAD","LOAD","1013","TASK_ASSIGNED","Loading Assigned",NULL,0,"INTERNAL",True,False,False,False,False,False,False,False,False,True,True,False,"P_LOAD","[FULL_OFFSET] Loading [TASK_ASSIGNED] - {job_no}","Process: Loading (LOAD)
Event: TASK_ASSIGNED
Job No: {job_no}
Work Note: Update step status and part-wise completion in workspace.","2.00","2.00",NULL,"2.00","PENDING",True,NULL,"{""channels"": {""push"": true, ""email"": true, ""workspace"": true}, ""eventType"": ""TASK_ASSIGNED"", ""jobTypeCode"": ""FULL_OFFSET"", ""jobTypeName"": ""Full Job – Offset Printing"", ""processCode"": ""LOAD"", ""printingMode"": ""OFFSET"", ""isFullProcess"": true, ""isOutsourceJob"": false, ""isSingleProcess"": false, ""isInhouseMaterial"": true, ""isCustomerMaterial"": false, ""allowAdvancePayment"": true, ""requireCostingApproval"": true}","{""model"": ""agentic-workspace-v1"", ""enabled"": true, ""purpose"": ""process-work-guidance""}","{""seededFrom"": ""mst_process + mst_job_type + mst_department"", ""taskTypeLogic"": ""process.isapprovalrequired + client approval + job-type nature"", ""partyRoutingDepartment"": 9999}","NORMAL",True,True,282,"SYSTEM","2026-04-16 08:57:33.887592",NULL,"2026-04-16 08:57:33.887592"
"1667",1001,"FULL_OFFSET",28,28,"LOAD","LOAD","1013","TASK_OVERDUE","Loading Overdue",NULL,0,"INTERNAL",True,False,False,False,False,False,False,False,False,True,True,False,"P_LOAD","[FULL_OFFSET] Loading [TASK_OVERDUE] - {job_no}","Process: Loading (LOAD)
Event: TASK_OVERDUE
Job No: {job_no}
Work Note: Update step status and part-wise completion in workspace.","2.00","2.00",NULL,"2.00","OVERDUE",False,NULL,"{""channels"": {""push"": true, ""email"": true, ""workspace"": true}, ""eventType"": ""TASK_OVERDUE"", ""jobTypeCode"": ""FULL_OFFSET"", ""jobTypeName"": ""Full Job – Offset Printing"", ""processCode"": ""LOAD"", ""printingMode"": ""OFFSET"", ""isFullProcess"": true, ""isOutsourceJob"": false, ""isSingleProcess"": false, ""isInhouseMaterial"": true, ""isCustomerMaterial"": false, ""allowAdvancePayment"": true, ""requireCostingApproval"": true}","{""model"": ""agentic-workspace-v1"", ""enabled"": true, ""purpose"": ""process-work-guidance""}","{""seededFrom"": ""mst_process + mst_job_type + mst_department"", ""taskTypeLogic"": ""process.isapprovalrequired + client approval + job-type nature"", ""partyRoutingDepartment"": 9999}","NORMAL",True,True,283,"SYSTEM","2026-04-16 08:57:33.887592",NULL,"2026-04-16 08:57:33.887592"
"1668",1001,"FULL_OFFSET",28,28,"LOAD","LOAD","1013","TASK_COMPLETED","Loading Completed",NULL,0,"INTERNAL",True,False,False,False,False,False,False,False,False,True,True,False,"P_LOAD","[FULL_OFFSET] Loading [TASK_COMPLETED] - {job_no}","Process: Loading (LOAD)
Event: TASK_COMPLETED
Job No: {job_no}
Work Note: Update step status and part-wise completion in workspace.","2.00","2.00",NULL,"2.00","COMPLETED",False,NULL,"{""channels"": {""push"": true, ""email"": true, ""workspace"": true}, ""eventType"": ""TASK_COMPLETED"", ""jobTypeCode"": ""FULL_OFFSET"", ""jobTypeName"": ""Full Job – Offset Printing"", ""processCode"": ""LOAD"", ""printingMode"": ""OFFSET"", ""isFullProcess"": true, ""isOutsourceJob"": false, ""isSingleProcess"": false, ""isInhouseMaterial"": true, ""isCustomerMaterial"": false, ""allowAdvancePayment"": true, ""requireCostingApproval"": true}","{""model"": ""agentic-workspace-v1"", ""enabled"": true, ""purpose"": ""process-work-guidance""}","{""seededFrom"": ""mst_process + mst_job_type + mst_department"", ""taskTypeLogic"": ""process.isapprovalrequired + client approval + job-type nature"", ""partyRoutingDepartment"": 9999}","NORMAL",True,True,284,"SYSTEM","2026-04-16 08:57:33.887592",NULL,"2026-04-16 08:57:33.887592"
"1669",1001,"FULL_OFFSET",29,29,"CHALLAN","CHALLAN","1004","PROC_START","Delivery Challan Started",NULL,1,"INTERNAL",True,True,False,True,False,False,False,False,False,True,True,False,"P_CHALLAN","[FULL_OFFSET] Challan [PROC_START] - {job_no}","Process: Delivery Challan (CHALLAN)
Event: PROC_START
Job No: {job_no}
Work Note: Update step status and part-wise completion in workspace.","2.00","1.00","DEPT_HEAD","2.00","PENDING",True,NULL,"{""channels"": {""push"": true, ""email"": true, ""workspace"": true}, ""eventType"": ""PROC_START"", ""jobTypeCode"": ""FULL_OFFSET"", ""jobTypeName"": ""Full Job – Offset Printing"", ""processCode"": ""CHALLAN"", ""printingMode"": ""OFFSET"", ""isFullProcess"": true, ""isOutsourceJob"": false, ""isSingleProcess"": false, ""isInhouseMaterial"": true, ""isCustomerMaterial"": false, ""allowAdvancePayment"": true, ""requireCostingApproval"": true}","{""model"": ""agentic-workspace-v1"", ""enabled"": true, ""purpose"": ""process-work-guidance""}","{""seededFrom"": ""mst_process + mst_job_type + mst_department"", ""taskTypeLogic"": ""process.isapprovalrequired + client approval + job-type nature"", ""partyRoutingDepartment"": 9999}","HIGH",True,True,291,"SYSTEM","2026-04-16 08:57:33.887592",NULL,"2026-04-16 08:57:33.887592"
"1670",1001,"FULL_OFFSET",29,29,"CHALLAN","CHALLAN","1004","TASK_ASSIGNED","Delivery Challan Assigned",NULL,1,"INTERNAL",True,True,False,True,False,False,False,False,False,True,True,False,"P_CHALLAN","[FULL_OFFSET] Challan [TASK_ASSIGNED] - {job_no}","Process: Delivery Challan (CHALLAN)
Event: TASK_ASSIGNED
Job No: {job_no}
Work Note: Update step status and part-wise completion in workspace.","2.00","1.00","DEPT_HEAD","2.00","PENDING",True,NULL,"{""channels"": {""push"": true, ""email"": true, ""workspace"": true}, ""eventType"": ""TASK_ASSIGNED"", ""jobTypeCode"": ""FULL_OFFSET"", ""jobTypeName"": ""Full Job – Offset Printing"", ""processCode"": ""CHALLAN"", ""printingMode"": ""OFFSET"", ""isFullProcess"": true, ""isOutsourceJob"": false, ""isSingleProcess"": false, ""isInhouseMaterial"": true, ""isCustomerMaterial"": false, ""allowAdvancePayment"": true, ""requireCostingApproval"": true}","{""model"": ""agentic-workspace-v1"", ""enabled"": true, ""purpose"": ""process-work-guidance""}","{""seededFrom"": ""mst_process + mst_job_type + mst_department"", ""taskTypeLogic"": ""process.isapprovalrequired + client approval + job-type nature"", ""partyRoutingDepartment"": 9999}","HIGH",True,True,292,"SYSTEM","2026-04-16 08:57:33.887592",NULL,"2026-04-16 08:57:33.887592"
"1671",1001,"FULL_OFFSET",29,29,"CHALLAN","CHALLAN","1004","TASK_OVERDUE","Delivery Challan Overdue",NULL,1,"INTERNAL",True,True,False,True,False,False,False,False,False,True,True,False,"P_CHALLAN","[FULL_OFFSET] Challan [TASK_OVERDUE] - {job_no}","Process: Delivery Challan (CHALLAN)
Event: TASK_OVERDUE
Job No: {job_no}
Work Note: Update step status and part-wise completion in workspace.","2.00","1.00","DEPT_HEAD","2.00","OVERDUE",False,NULL,"{""channels"": {""push"": true, ""email"": true, ""workspace"": true}, ""eventType"": ""TASK_OVERDUE"", ""jobTypeCode"": ""FULL_OFFSET"", ""jobTypeName"": ""Full Job – Offset Printing"", ""processCode"": ""CHALLAN"", ""printingMode"": ""OFFSET"", ""isFullProcess"": true, ""isOutsourceJob"": false, ""isSingleProcess"": false, ""isInhouseMaterial"": true, ""isCustomerMaterial"": false, ""allowAdvancePayment"": true, ""requireCostingApproval"": true}","{""model"": ""agentic-workspace-v1"", ""enabled"": true, ""purpose"": ""process-work-guidance""}","{""seededFrom"": ""mst_process + mst_job_type + mst_department"", ""taskTypeLogic"": ""process.isapprovalrequired + client approval + job-type nature"", ""partyRoutingDepartment"": 9999}","HIGH",True,True,293,"SYSTEM","2026-04-16 08:57:33.887592",NULL,"2026-04-16 08:57:33.887592"
"1672",1001,"FULL_OFFSET",29,29,"CHALLAN","CHALLAN","1004","TASK_COMPLETED","Delivery Challan Completed",NULL,1,"INTERNAL",True,True,False,True,False,False,False,False,False,True,True,False,"P_CHALLAN","[FULL_OFFSET] Challan [TASK_COMPLETED] - {job_no}","Process: Delivery Challan (CHALLAN)
Event: TASK_COMPLETED
Job No: {job_no}
Work Note: Update step status and part-wise completion in workspace.","2.00","1.00","DEPT_HEAD","2.00","COMPLETED",False,NULL,"{""channels"": {""push"": true, ""email"": true, ""workspace"": true}, ""eventType"": ""TASK_COMPLETED"", ""jobTypeCode"": ""FULL_OFFSET"", ""jobTypeName"": ""Full Job – Offset Printing"", ""processCode"": ""CHALLAN"", ""printingMode"": ""OFFSET"", ""isFullProcess"": true, ""isOutsourceJob"": false, ""isSingleProcess"": false, ""isInhouseMaterial"": true, ""isCustomerMaterial"": false, ""allowAdvancePayment"": true, ""requireCostingApproval"": true}","{""model"": ""agentic-workspace-v1"", ""enabled"": true, ""purpose"": ""process-work-guidance""}","{""seededFrom"": ""mst_process + mst_job_type + mst_department"", ""taskTypeLogic"": ""process.isapprovalrequired + client approval + job-type nature"", ""partyRoutingDepartment"": 9999}","HIGH",True,True,294,"SYSTEM","2026-04-16 08:57:33.887592",NULL,"2026-04-16 08:57:33.887592"
"1673",1001,"FULL_OFFSET",30,30,"GATE_PASS","GATE_PASS","1018","PROC_START","Gate Pass Started",NULL,1,"INTERNAL",True,True,False,True,False,False,False,False,False,True,True,False,"P_GATE","[FULL_OFFSET] Gate Pass [PROC_START] - {job_no}","Process: Gate Pass (GATE_PASS)
Event: PROC_START
Job No: {job_no}
Work Note: Update step status and part-wise completion in workspace.","1.00","1.00","DEPT_HEAD","2.00","PENDING",True,NULL,"{""channels"": {""push"": true, ""email"": true, ""workspace"": true}, ""eventType"": ""PROC_START"", ""jobTypeCode"": ""FULL_OFFSET"", ""jobTypeName"": ""Full Job – Offset Printing"", ""processCode"": ""GATE_PASS"", ""printingMode"": ""OFFSET"", ""isFullProcess"": true, ""isOutsourceJob"": false, ""isSingleProcess"": false, ""isInhouseMaterial"": true, ""isCustomerMaterial"": false, ""allowAdvancePayment"": true, ""requireCostingApproval"": true}","{""model"": ""agentic-workspace-v1"", ""enabled"": true, ""purpose"": ""process-work-guidance""}","{""seededFrom"": ""mst_process + mst_job_type + mst_department"", ""taskTypeLogic"": ""process.isapprovalrequired + client approval + job-type nature"", ""partyRoutingDepartment"": 9999}","HIGH",True,True,301,"SYSTEM","2026-04-16 08:57:33.887592",NULL,"2026-04-16 08:57:33.887592"
"1674",1001,"FULL_OFFSET",30,30,"GATE_PASS","GATE_PASS","1018","TASK_ASSIGNED","Gate Pass Assigned",NULL,1,"INTERNAL",True,True,False,True,False,False,False,False,False,True,True,False,"P_GATE","[FULL_OFFSET] Gate Pass [TASK_ASSIGNED] - {job_no}","Process: Gate Pass (GATE_PASS)
Event: TASK_ASSIGNED
Job No: {job_no}
Work Note: Update step status and part-wise completion in workspace.","1.00","1.00","DEPT_HEAD","2.00","PENDING",True,NULL,"{""channels"": {""push"": true, ""email"": true, ""workspace"": true}, ""eventType"": ""TASK_ASSIGNED"", ""jobTypeCode"": ""FULL_OFFSET"", ""jobTypeName"": ""Full Job – Offset Printing"", ""processCode"": ""GATE_PASS"", ""printingMode"": ""OFFSET"", ""isFullProcess"": true, ""isOutsourceJob"": false, ""isSingleProcess"": false, ""isInhouseMaterial"": true, ""isCustomerMaterial"": false, ""allowAdvancePayment"": true, ""requireCostingApproval"": true}","{""model"": ""agentic-workspace-v1"", ""enabled"": true, ""purpose"": ""process-work-guidance""}","{""seededFrom"": ""mst_process + mst_job_type + mst_department"", ""taskTypeLogic"": ""process.isapprovalrequired + client approval + job-type nature"", ""partyRoutingDepartment"": 9999}","HIGH",True,True,302,"SYSTEM","2026-04-16 08:57:33.887592",NULL,"2026-04-16 08:57:33.887592"
"1675",1001,"FULL_OFFSET",30,30,"GATE_PASS","GATE_PASS","1018","TASK_OVERDUE","Gate Pass Overdue",NULL,1,"INTERNAL",True,True,False,True,False,False,False,False,False,True,True,False,"P_GATE","[FULL_OFFSET] Gate Pass [TASK_OVERDUE] - {job_no}","Process: Gate Pass (GATE_PASS)
Event: TASK_OVERDUE
Job No: {job_no}
Work Note: Update step status and part-wise completion in workspace.","1.00","1.00","DEPT_HEAD","2.00","OVERDUE",False,NULL,"{""channels"": {""push"": true, ""email"": true, ""workspace"": true}, ""eventType"": ""TASK_OVERDUE"", ""jobTypeCode"": ""FULL_OFFSET"", ""jobTypeName"": ""Full Job – Offset Printing"", ""processCode"": ""GATE_PASS"", ""printingMode"": ""OFFSET"", ""isFullProcess"": true, ""isOutsourceJob"": false, ""isSingleProcess"": false, ""isInhouseMaterial"": true, ""isCustomerMaterial"": false, ""allowAdvancePayment"": true, ""requireCostingApproval"": true}","{""model"": ""agentic-workspace-v1"", ""enabled"": true, ""purpose"": ""process-work-guidance""}","{""seededFrom"": ""mst_process + mst_job_type + mst_department"", ""taskTypeLogic"": ""process.isapprovalrequired + client approval + job-type nature"", ""partyRoutingDepartment"": 9999}","HIGH",True,True,303,"SYSTEM","2026-04-16 08:57:33.887592",NULL,"2026-04-16 08:57:33.887592"
"1676",1001,"FULL_OFFSET",30,30,"GATE_PASS","GATE_PASS","1018","TASK_COMPLETED","Gate Pass Completed",NULL,1,"INTERNAL",True,True,False,True,False,False,False,False,False,True,True,False,"P_GATE","[FULL_OFFSET] Gate Pass [TASK_COMPLETED] - {job_no}","Process: Gate Pass (GATE_PASS)
Event: TASK_COMPLETED
Job No: {job_no}
Work Note: Update step status and part-wise completion in workspace.","1.00","1.00","DEPT_HEAD","2.00","COMPLETED",False,NULL,"{""channels"": {""push"": true, ""email"": true, ""workspace"": true}, ""eventType"": ""TASK_COMPLETED"", ""jobTypeCode"": ""FULL_OFFSET"", ""jobTypeName"": ""Full Job – Offset Printing"", ""processCode"": ""GATE_PASS"", ""printingMode"": ""OFFSET"", ""isFullProcess"": true, ""isOutsourceJob"": false, ""isSingleProcess"": false, ""isInhouseMaterial"": true, ""isCustomerMaterial"": false, ""allowAdvancePayment"": true, ""requireCostingApproval"": true}","{""model"": ""agentic-workspace-v1"", ""enabled"": true, ""purpose"": ""process-work-guidance""}","{""seededFrom"": ""mst_process + mst_job_type + mst_department"", ""taskTypeLogic"": ""process.isapprovalrequired + client approval + job-type nature"", ""partyRoutingDepartment"": 9999}","HIGH",True,True,304,"SYSTEM","2026-04-16 08:57:33.887592",NULL,"2026-04-16 08:57:33.887592"
"1677",1001,"FULL_OFFSET",31,31,"DISPATCH","DISPATCH","1013","PROC_START","Dispatch Started",NULL,0,"INTERNAL",True,False,False,False,False,False,False,False,False,True,True,False,"P_DISPATCH","[FULL_OFFSET] Dispatch [PROC_START] - {job_no}","Process: Dispatch (DISPATCH)
Event: PROC_START
Job No: {job_no}
Work Note: Update step status and part-wise completion in workspace.","2.00","1.00",NULL,"2.00","PENDING",True,NULL,"{""channels"": {""push"": true, ""email"": true, ""workspace"": true}, ""eventType"": ""PROC_START"", ""jobTypeCode"": ""FULL_OFFSET"", ""jobTypeName"": ""Full Job – Offset Printing"", ""processCode"": ""DISPATCH"", ""printingMode"": ""OFFSET"", ""isFullProcess"": true, ""isOutsourceJob"": false, ""isSingleProcess"": false, ""isInhouseMaterial"": true, ""isCustomerMaterial"": false, ""allowAdvancePayment"": true, ""requireCostingApproval"": true}","{""model"": ""agentic-workspace-v1"", ""enabled"": true, ""purpose"": ""process-work-guidance""}","{""seededFrom"": ""mst_process + mst_job_type + mst_department"", ""taskTypeLogic"": ""process.isapprovalrequired + client approval + job-type nature"", ""partyRoutingDepartment"": 9999}","NORMAL",True,True,311,"SYSTEM","2026-04-16 08:57:33.887592",NULL,"2026-04-16 08:57:33.887592"
"1678",1001,"FULL_OFFSET",31,31,"DISPATCH","DISPATCH","1013","TASK_ASSIGNED","Dispatch Assigned",NULL,0,"INTERNAL",True,False,False,False,False,False,False,False,False,True,True,False,"P_DISPATCH","[FULL_OFFSET] Dispatch [TASK_ASSIGNED] - {job_no}","Process: Dispatch (DISPATCH)
Event: TASK_ASSIGNED
Job No: {job_no}
Work Note: Update step status and part-wise completion in workspace.","2.00","1.00",NULL,"2.00","PENDING",True,NULL,"{""channels"": {""push"": true, ""email"": true, ""workspace"": true}, ""eventType"": ""TASK_ASSIGNED"", ""jobTypeCode"": ""FULL_OFFSET"", ""jobTypeName"": ""Full Job – Offset Printing"", ""processCode"": ""DISPATCH"", ""printingMode"": ""OFFSET"", ""isFullProcess"": true, ""isOutsourceJob"": false, ""isSingleProcess"": false, ""isInhouseMaterial"": true, ""isCustomerMaterial"": false, ""allowAdvancePayment"": true, ""requireCostingApproval"": true}","{""model"": ""agentic-workspace-v1"", ""enabled"": true, ""purpose"": ""process-work-guidance""}","{""seededFrom"": ""mst_process + mst_job_type + mst_department"", ""taskTypeLogic"": ""process.isapprovalrequired + client approval + job-type nature"", ""partyRoutingDepartment"": 9999}","NORMAL",True,True,312,"SYSTEM","2026-04-16 08:57:33.887592",NULL,"2026-04-16 08:57:33.887592"
"1679",1001,"FULL_OFFSET",31,31,"DISPATCH","DISPATCH","1013","TASK_OVERDUE","Dispatch Overdue",NULL,0,"INTERNAL",True,False,False,False,False,False,False,False,False,True,True,False,"P_DISPATCH","[FULL_OFFSET] Dispatch [TASK_OVERDUE] - {job_no}","Process: Dispatch (DISPATCH)
Event: TASK_OVERDUE
Job No: {job_no}
Work Note: Update step status and part-wise completion in workspace.","2.00","1.00",NULL,"2.00","OVERDUE",False,NULL,"{""channels"": {""push"": true, ""email"": true, ""workspace"": true}, ""eventType"": ""TASK_OVERDUE"", ""jobTypeCode"": ""FULL_OFFSET"", ""jobTypeName"": ""Full Job – Offset Printing"", ""processCode"": ""DISPATCH"", ""printingMode"": ""OFFSET"", ""isFullProcess"": true, ""isOutsourceJob"": false, ""isSingleProcess"": false, ""isInhouseMaterial"": true, ""isCustomerMaterial"": false, ""allowAdvancePayment"": true, ""requireCostingApproval"": true}","{""model"": ""agentic-workspace-v1"", ""enabled"": true, ""purpose"": ""process-work-guidance""}","{""seededFrom"": ""mst_process + mst_job_type + mst_department"", ""taskTypeLogic"": ""process.isapprovalrequired + client approval + job-type nature"", ""partyRoutingDepartment"": 9999}","NORMAL",True,True,313,"SYSTEM","2026-04-16 08:57:33.887592",NULL,"2026-04-16 08:57:33.887592"
"1680",1001,"FULL_OFFSET",31,31,"DISPATCH","DISPATCH","1013","TASK_COMPLETED","Dispatch Completed",NULL,0,"INTERNAL",True,False,False,False,False,False,False,False,False,True,True,False,"P_DISPATCH","[FULL_OFFSET] Dispatch [TASK_COMPLETED] - {job_no}","Process: Dispatch (DISPATCH)
Event: TASK_COMPLETED
Job No: {job_no}
Work Note: Update step status and part-wise completion in workspace.","2.00","1.00",NULL,"2.00","COMPLETED",False,NULL,"{""channels"": {""push"": true, ""email"": true, ""workspace"": true}, ""eventType"": ""TASK_COMPLETED"", ""jobTypeCode"": ""FULL_OFFSET"", ""jobTypeName"": ""Full Job – Offset Printing"", ""processCode"": ""DISPATCH"", ""printingMode"": ""OFFSET"", ""isFullProcess"": true, ""isOutsourceJob"": false, ""isSingleProcess"": false, ""isInhouseMaterial"": true, ""isCustomerMaterial"": false, ""allowAdvancePayment"": true, ""requireCostingApproval"": true}","{""model"": ""agentic-workspace-v1"", ""enabled"": true, ""purpose"": ""process-work-guidance""}","{""seededFrom"": ""mst_process + mst_job_type + mst_department"", ""taskTypeLogic"": ""process.isapprovalrequired + client approval + job-type nature"", ""partyRoutingDepartment"": 9999}","NORMAL",True,True,314,"SYSTEM","2026-04-16 08:57:33.887592",NULL,"2026-04-16 08:57:33.887592"
"1681",1002,"FULL_DIGITAL",2,2,"ENQ_JOB","ENQ_JOB","9999","PROC_START","Enquiry Creation Started",NULL,1,"PARTY",True,True,False,True,False,True,True,False,False,True,True,False,"P_ENQ_JOB","[FULL_DIGITAL] Enquiry Workflow [PROC_START] - {job_no}","Process: Enquiry Creation (ENQ_JOB)
Event: PROC_START
Job No: {job_no}
Work Note: Update step status and part-wise completion in workspace.","2.00","2.00","DEPT_HEAD","2.00","PENDING",True,NULL,"{""channels"": {""push"": true, ""email"": true, ""workspace"": true}, ""eventType"": ""PROC_START"", ""jobTypeCode"": ""FULL_DIGITAL"", ""jobTypeName"": ""Full Job – Digital Printing"", ""processCode"": ""ENQ_JOB"", ""printingMode"": ""DIGITAL"", ""isFullProcess"": true, ""isOutsourceJob"": false, ""isSingleProcess"": false, ""isInhouseMaterial"": true, ""isCustomerMaterial"": false, ""allowAdvancePayment"": true, ""requireCostingApproval"": true}","{""model"": ""agentic-workspace-v1"", ""enabled"": true, ""purpose"": ""process-work-guidance""}","{""seededFrom"": ""mst_process + mst_job_type + mst_department"", ""taskTypeLogic"": ""process.isapprovalrequired + client approval + job-type nature"", ""partyRoutingDepartment"": 9999}","HIGH",True,True,21,"SYSTEM","2026-04-16 08:57:33.887592",NULL,"2026-04-16 08:57:33.887592"
"1682",1002,"FULL_DIGITAL",2,2,"ENQ_JOB","ENQ_JOB","9999","TASK_ASSIGNED","Enquiry Creation Assigned",NULL,1,"PARTY",True,True,False,True,False,True,True,False,False,True,True,False,"P_ENQ_JOB","[FULL_DIGITAL] Enquiry Workflow [TASK_ASSIGNED] - {job_no}","Process: Enquiry Creation (ENQ_JOB)
Event: TASK_ASSIGNED
Job No: {job_no}
Work Note: Update step status and part-wise completion in workspace.","2.00","2.00","DEPT_HEAD","2.00","PENDING",True,NULL,"{""channels"": {""push"": true, ""email"": true, ""workspace"": true}, ""eventType"": ""TASK_ASSIGNED"", ""jobTypeCode"": ""FULL_DIGITAL"", ""jobTypeName"": ""Full Job – Digital Printing"", ""processCode"": ""ENQ_JOB"", ""printingMode"": ""DIGITAL"", ""isFullProcess"": true, ""isOutsourceJob"": false, ""isSingleProcess"": false, ""isInhouseMaterial"": true, ""isCustomerMaterial"": false, ""allowAdvancePayment"": true, ""requireCostingApproval"": true}","{""model"": ""agentic-workspace-v1"", ""enabled"": true, ""purpose"": ""process-work-guidance""}","{""seededFrom"": ""mst_process + mst_job_type + mst_department"", ""taskTypeLogic"": ""process.isapprovalrequired + client approval + job-type nature"", ""partyRoutingDepartment"": 9999}","HIGH",True,True,22,"SYSTEM","2026-04-16 08:57:33.887592",NULL,"2026-04-16 08:57:33.887592"
"1683",1002,"FULL_DIGITAL",2,2,"ENQ_JOB","ENQ_JOB","9999","TASK_OVERDUE","Enquiry Creation Overdue",NULL,1,"PARTY",True,True,False,True,False,True,True,False,False,True,True,False,"P_ENQ_JOB","[FULL_DIGITAL] Enquiry Workflow [TASK_OVERDUE] - {job_no}","Process: Enquiry Creation (ENQ_JOB)
Event: TASK_OVERDUE
Job No: {job_no}
Work Note: Update step status and part-wise completion in workspace.","2.00","2.00","DEPT_HEAD","2.00","OVERDUE",False,NULL,"{""channels"": {""push"": true, ""email"": true, ""workspace"": true}, ""eventType"": ""TASK_OVERDUE"", ""jobTypeCode"": ""FULL_DIGITAL"", ""jobTypeName"": ""Full Job – Digital Printing"", ""processCode"": ""ENQ_JOB"", ""printingMode"": ""DIGITAL"", ""isFullProcess"": true, ""isOutsourceJob"": false, ""isSingleProcess"": false, ""isInhouseMaterial"": true, ""isCustomerMaterial"": false, ""allowAdvancePayment"": true, ""requireCostingApproval"": true}","{""model"": ""agentic-workspace-v1"", ""enabled"": true, ""purpose"": ""process-work-guidance""}","{""seededFrom"": ""mst_process + mst_job_type + mst_department"", ""taskTypeLogic"": ""process.isapprovalrequired + client approval + job-type nature"", ""partyRoutingDepartment"": 9999}","HIGH",True,True,23,"SYSTEM","2026-04-16 08:57:33.887592",NULL,"2026-04-16 08:57:33.887592"
"1684",1002,"FULL_DIGITAL",2,2,"ENQ_JOB","ENQ_JOB","9999","TASK_COMPLETED","Enquiry Creation Completed",NULL,1,"PARTY",True,True,False,True,False,True,True,False,False,True,True,False,"P_ENQ_JOB","[FULL_DIGITAL] Enquiry Workflow [TASK_COMPLETED] - {job_no}","Process: Enquiry Creation (ENQ_JOB)
Event: TASK_COMPLETED
Job No: {job_no}
Work Note: Update step status and part-wise completion in workspace.","2.00","2.00","DEPT_HEAD","2.00","COMPLETED",False,NULL,"{""channels"": {""push"": true, ""email"": true, ""workspace"": true}, ""eventType"": ""TASK_COMPLETED"", ""jobTypeCode"": ""FULL_DIGITAL"", ""jobTypeName"": ""Full Job – Digital Printing"", ""processCode"": ""ENQ_JOB"", ""printingMode"": ""DIGITAL"", ""isFullProcess"": true, ""isOutsourceJob"": false, ""isSingleProcess"": false, ""isInhouseMaterial"": true, ""isCustomerMaterial"": false, ""allowAdvancePayment"": true, ""requireCostingApproval"": true}","{""model"": ""agentic-workspace-v1"", ""enabled"": true, ""purpose"": ""process-work-guidance""}","{""seededFrom"": ""mst_process + mst_job_type + mst_department"", ""taskTypeLogic"": ""process.isapprovalrequired + client approval + job-type nature"", ""partyRoutingDepartment"": 9999}","HIGH",True,True,24,"SYSTEM","2026-04-16 08:57:33.887592",NULL,"2026-04-16 08:57:33.887592"
"1685",1002,"FULL_DIGITAL",3,3,"ENQ_EST","ENQ_EST","1008","PROC_START","Estimation / Costing Started",NULL,1,"INTERNAL",True,True,False,True,False,False,False,False,False,True,True,False,"P_EST","[FULL_DIGITAL] Estimation [PROC_START] - {job_no}","Process: Estimation / Costing (ENQ_EST)
Event: PROC_START
Job No: {job_no}
Work Note: Update step status and part-wise completion in workspace.","6.00","2.00","DEPT_HEAD","2.00","PENDING",True,NULL,"{""channels"": {""push"": true, ""email"": true, ""workspace"": true}, ""eventType"": ""PROC_START"", ""jobTypeCode"": ""FULL_DIGITAL"", ""jobTypeName"": ""Full Job – Digital Printing"", ""processCode"": ""ENQ_EST"", ""printingMode"": ""DIGITAL"", ""isFullProcess"": true, ""isOutsourceJob"": false, ""isSingleProcess"": false, ""isInhouseMaterial"": true, ""isCustomerMaterial"": false, ""allowAdvancePayment"": true, ""requireCostingApproval"": true}","{""model"": ""agentic-workspace-v1"", ""enabled"": true, ""purpose"": ""process-work-guidance""}","{""seededFrom"": ""mst_process + mst_job_type + mst_department"", ""taskTypeLogic"": ""process.isapprovalrequired + client approval + job-type nature"", ""partyRoutingDepartment"": 9999}","HIGH",True,True,31,"SYSTEM","2026-04-16 08:57:33.887592",NULL,"2026-04-16 08:57:33.887592"
"1686",1002,"FULL_DIGITAL",3,3,"ENQ_EST","ENQ_EST","1008","TASK_ASSIGNED","Estimation / Costing Assigned",NULL,1,"INTERNAL",True,True,False,True,False,False,False,False,False,True,True,False,"P_EST","[FULL_DIGITAL] Estimation [TASK_ASSIGNED] - {job_no}","Process: Estimation / Costing (ENQ_EST)
Event: TASK_ASSIGNED
Job No: {job_no}
Work Note: Update step status and part-wise completion in workspace.","6.00","2.00","DEPT_HEAD","2.00","PENDING",True,NULL,"{""channels"": {""push"": true, ""email"": true, ""workspace"": true}, ""eventType"": ""TASK_ASSIGNED"", ""jobTypeCode"": ""FULL_DIGITAL"", ""jobTypeName"": ""Full Job – Digital Printing"", ""processCode"": ""ENQ_EST"", ""printingMode"": ""DIGITAL"", ""isFullProcess"": true, ""isOutsourceJob"": false, ""isSingleProcess"": false, ""isInhouseMaterial"": true, ""isCustomerMaterial"": false, ""allowAdvancePayment"": true, ""requireCostingApproval"": true}","{""model"": ""agentic-workspace-v1"", ""enabled"": true, ""purpose"": ""process-work-guidance""}","{""seededFrom"": ""mst_process + mst_job_type + mst_department"", ""taskTypeLogic"": ""process.isapprovalrequired + client approval + job-type nature"", ""partyRoutingDepartment"": 9999}","HIGH",True,True,32,"SYSTEM","2026-04-16 08:57:33.887592",NULL,"2026-04-16 08:57:33.887592"
"1687",1002,"FULL_DIGITAL",3,3,"ENQ_EST","ENQ_EST","1008","TASK_OVERDUE","Estimation / Costing Overdue",NULL,1,"INTERNAL",True,True,False,True,False,False,False,False,False,True,True,False,"P_EST","[FULL_DIGITAL] Estimation [TASK_OVERDUE] - {job_no}","Process: Estimation / Costing (ENQ_EST)
Event: TASK_OVERDUE
Job No: {job_no}
Work Note: Update step status and part-wise completion in workspace.","6.00","2.00","DEPT_HEAD","2.00","OVERDUE",False,NULL,"{""channels"": {""push"": true, ""email"": true, ""workspace"": true}, ""eventType"": ""TASK_OVERDUE"", ""jobTypeCode"": ""FULL_DIGITAL"", ""jobTypeName"": ""Full Job – Digital Printing"", ""processCode"": ""ENQ_EST"", ""printingMode"": ""DIGITAL"", ""isFullProcess"": true, ""isOutsourceJob"": false, ""isSingleProcess"": false, ""isInhouseMaterial"": true, ""isCustomerMaterial"": false, ""allowAdvancePayment"": true, ""requireCostingApproval"": true}","{""model"": ""agentic-workspace-v1"", ""enabled"": true, ""purpose"": ""process-work-guidance""}","{""seededFrom"": ""mst_process + mst_job_type + mst_department"", ""taskTypeLogic"": ""process.isapprovalrequired + client approval + job-type nature"", ""partyRoutingDepartment"": 9999}","HIGH",True,True,33,"SYSTEM","2026-04-16 08:57:33.887592",NULL,"2026-04-16 08:57:33.887592"
"1688",1002,"FULL_DIGITAL",3,3,"ENQ_EST","ENQ_EST","1008","TASK_COMPLETED","Estimation / Costing Completed",NULL,1,"INTERNAL",True,True,False,True,False,False,False,False,False,True,True,False,"P_EST","[FULL_DIGITAL] Estimation [TASK_COMPLETED] - {job_no}","Process: Estimation / Costing (ENQ_EST)
Event: TASK_COMPLETED
Job No: {job_no}
Work Note: Update step status and part-wise completion in workspace.","6.00","2.00","DEPT_HEAD","2.00","COMPLETED",False,NULL,"{""channels"": {""push"": true, ""email"": true, ""workspace"": true}, ""eventType"": ""TASK_COMPLETED"", ""jobTypeCode"": ""FULL_DIGITAL"", ""jobTypeName"": ""Full Job – Digital Printing"", ""processCode"": ""ENQ_EST"", ""printingMode"": ""DIGITAL"", ""isFullProcess"": true, ""isOutsourceJob"": false, ""isSingleProcess"": false, ""isInhouseMaterial"": true, ""isCustomerMaterial"": false, ""allowAdvancePayment"": true, ""requireCostingApproval"": true}","{""model"": ""agentic-workspace-v1"", ""enabled"": true, ""purpose"": ""process-work-guidance""}","{""seededFrom"": ""mst_process + mst_job_type + mst_department"", ""taskTypeLogic"": ""process.isapprovalrequired + client approval + job-type nature"", ""partyRoutingDepartment"": 9999}","HIGH",True,True,34,"SYSTEM","2026-04-16 08:57:33.887592",NULL,"2026-04-16 08:57:33.887592"
"1689",1002,"FULL_DIGITAL",4,4,"QUOT","QUOT","9999","PROC_START","Quotation Generation Started",NULL,1,"PARTY",True,True,False,True,False,True,True,False,False,True,True,False,"P_QUOT","[FULL_DIGITAL] Quotation [PROC_START] - {job_no}","Process: Quotation Generation (QUOT)
Event: PROC_START
Job No: {job_no}
Work Note: Update step status and part-wise completion in workspace.","4.00","2.00","DEPT_HEAD","2.00","PENDING",True,NULL,"{""channels"": {""push"": true, ""email"": true, ""workspace"": true}, ""eventType"": ""PROC_START"", ""jobTypeCode"": ""FULL_DIGITAL"", ""jobTypeName"": ""Full Job – Digital Printing"", ""processCode"": ""QUOT"", ""printingMode"": ""DIGITAL"", ""isFullProcess"": true, ""isOutsourceJob"": false, ""isSingleProcess"": false, ""isInhouseMaterial"": true, ""isCustomerMaterial"": false, ""allowAdvancePayment"": true, ""requireCostingApproval"": true}","{""model"": ""agentic-workspace-v1"", ""enabled"": true, ""purpose"": ""process-work-guidance""}","{""seededFrom"": ""mst_process + mst_job_type + mst_department"", ""taskTypeLogic"": ""process.isapprovalrequired + client approval + job-type nature"", ""partyRoutingDepartment"": 9999}","HIGH",True,True,41,"SYSTEM","2026-04-16 08:57:33.887592",NULL,"2026-04-16 08:57:33.887592"
"1690",1002,"FULL_DIGITAL",4,4,"QUOT","QUOT","9999","TASK_ASSIGNED","Quotation Generation Assigned",NULL,1,"PARTY",True,True,False,True,False,True,True,False,False,True,True,False,"P_QUOT","[FULL_DIGITAL] Quotation [TASK_ASSIGNED] - {job_no}","Process: Quotation Generation (QUOT)
Event: TASK_ASSIGNED
Job No: {job_no}
Work Note: Update step status and part-wise completion in workspace.","4.00","2.00","DEPT_HEAD","2.00","PENDING",True,NULL,"{""channels"": {""push"": true, ""email"": true, ""workspace"": true}, ""eventType"": ""TASK_ASSIGNED"", ""jobTypeCode"": ""FULL_DIGITAL"", ""jobTypeName"": ""Full Job – Digital Printing"", ""processCode"": ""QUOT"", ""printingMode"": ""DIGITAL"", ""isFullProcess"": true, ""isOutsourceJob"": false, ""isSingleProcess"": false, ""isInhouseMaterial"": true, ""isCustomerMaterial"": false, ""allowAdvancePayment"": true, ""requireCostingApproval"": true}","{""model"": ""agentic-workspace-v1"", ""enabled"": true, ""purpose"": ""process-work-guidance""}","{""seededFrom"": ""mst_process + mst_job_type + mst_department"", ""taskTypeLogic"": ""process.isapprovalrequired + client approval + job-type nature"", ""partyRoutingDepartment"": 9999}","HIGH",True,True,42,"SYSTEM","2026-04-16 08:57:33.887592",NULL,"2026-04-16 08:57:33.887592"
"1691",1002,"FULL_DIGITAL",4,4,"QUOT","QUOT","9999","TASK_OVERDUE","Quotation Generation Overdue",NULL,1,"PARTY",True,True,False,True,False,True,True,False,False,True,True,False,"P_QUOT","[FULL_DIGITAL] Quotation [TASK_OVERDUE] - {job_no}","Process: Quotation Generation (QUOT)
Event: TASK_OVERDUE
Job No: {job_no}
Work Note: Update step status and part-wise completion in workspace.","4.00","2.00","DEPT_HEAD","2.00","OVERDUE",False,NULL,"{""channels"": {""push"": true, ""email"": true, ""workspace"": true}, ""eventType"": ""TASK_OVERDUE"", ""jobTypeCode"": ""FULL_DIGITAL"", ""jobTypeName"": ""Full Job – Digital Printing"", ""processCode"": ""QUOT"", ""printingMode"": ""DIGITAL"", ""isFullProcess"": true, ""isOutsourceJob"": false, ""isSingleProcess"": false, ""isInhouseMaterial"": true, ""isCustomerMaterial"": false, ""allowAdvancePayment"": true, ""requireCostingApproval"": true}","{""model"": ""agentic-workspace-v1"", ""enabled"": true, ""purpose"": ""process-work-guidance""}","{""seededFrom"": ""mst_process + mst_job_type + mst_department"", ""taskTypeLogic"": ""process.isapprovalrequired + client approval + job-type nature"", ""partyRoutingDepartment"": 9999}","HIGH",True,True,43,"SYSTEM","2026-04-16 08:57:33.887592",NULL,"2026-04-16 08:57:33.887592"
"1692",1002,"FULL_DIGITAL",4,4,"QUOT","QUOT","9999","TASK_COMPLETED","Quotation Generation Completed",NULL,1,"PARTY",True,True,False,True,False,True,True,False,False,True,True,False,"P_QUOT","[FULL_DIGITAL] Quotation [TASK_COMPLETED] - {job_no}","Process: Quotation Generation (QUOT)
Event: TASK_COMPLETED
Job No: {job_no}
Work Note: Update step status and part-wise completion in workspace.","4.00","2.00","DEPT_HEAD","2.00","COMPLETED",False,NULL,"{""channels"": {""push"": true, ""email"": true, ""workspace"": true}, ""eventType"": ""TASK_COMPLETED"", ""jobTypeCode"": ""FULL_DIGITAL"", ""jobTypeName"": ""Full Job – Digital Printing"", ""processCode"": ""QUOT"", ""printingMode"": ""DIGITAL"", ""isFullProcess"": true, ""isOutsourceJob"": false, ""isSingleProcess"": false, ""isInhouseMaterial"": true, ""isCustomerMaterial"": false, ""allowAdvancePayment"": true, ""requireCostingApproval"": true}","{""model"": ""agentic-workspace-v1"", ""enabled"": true, ""purpose"": ""process-work-guidance""}","{""seededFrom"": ""mst_process + mst_job_type + mst_department"", ""taskTypeLogic"": ""process.isapprovalrequired + client approval + job-type nature"", ""partyRoutingDepartment"": 9999}","HIGH",True,True,44,"SYSTEM","2026-04-16 08:57:33.887592",NULL,"2026-04-16 08:57:33.887592"
"1693",1002,"FULL_DIGITAL",5,5,"QUOT_APPR","QUOT_APPR","1001","PROC_START","Quotation Approval Started",NULL,1,"INTERNAL",True,True,False,True,False,False,False,False,False,True,True,False,"P_QUOT_APPR","[FULL_DIGITAL] Quotation Approval [PROC_START] - {job_no}","Process: Quotation Approval (QUOT_APPR)
Event: PROC_START
Job No: {job_no}
Work Note: Update step status and part-wise completion in workspace.","8.00","2.00","DEPT_HEAD","2.00","PENDING",True,NULL,"{""channels"": {""push"": true, ""email"": true, ""workspace"": true}, ""eventType"": ""PROC_START"", ""jobTypeCode"": ""FULL_DIGITAL"", ""jobTypeName"": ""Full Job – Digital Printing"", ""processCode"": ""QUOT_APPR"", ""printingMode"": ""DIGITAL"", ""isFullProcess"": true, ""isOutsourceJob"": false, ""isSingleProcess"": false, ""isInhouseMaterial"": true, ""isCustomerMaterial"": false, ""allowAdvancePayment"": true, ""requireCostingApproval"": true}","{""model"": ""agentic-workspace-v1"", ""enabled"": true, ""purpose"": ""process-work-guidance""}","{""seededFrom"": ""mst_process + mst_job_type + mst_department"", ""taskTypeLogic"": ""process.isapprovalrequired + client approval + job-type nature"", ""partyRoutingDepartment"": 9999}","HIGH",True,True,51,"SYSTEM","2026-04-16 08:57:33.887592",NULL,"2026-04-16 08:57:33.887592"
"1694",1002,"FULL_DIGITAL",5,5,"QUOT_APPR","QUOT_APPR","1001","TASK_ASSIGNED","Quotation Approval Assigned",NULL,1,"INTERNAL",True,True,False,True,False,False,False,False,False,True,True,False,"P_QUOT_APPR","[FULL_DIGITAL] Quotation Approval [TASK_ASSIGNED] - {job_no}","Process: Quotation Approval (QUOT_APPR)
Event: TASK_ASSIGNED
Job No: {job_no}
Work Note: Update step status and part-wise completion in workspace.","8.00","2.00","DEPT_HEAD","2.00","PENDING",True,NULL,"{""channels"": {""push"": true, ""email"": true, ""workspace"": true}, ""eventType"": ""TASK_ASSIGNED"", ""jobTypeCode"": ""FULL_DIGITAL"", ""jobTypeName"": ""Full Job – Digital Printing"", ""processCode"": ""QUOT_APPR"", ""printingMode"": ""DIGITAL"", ""isFullProcess"": true, ""isOutsourceJob"": false, ""isSingleProcess"": false, ""isInhouseMaterial"": true, ""isCustomerMaterial"": false, ""allowAdvancePayment"": true, ""requireCostingApproval"": true}","{""model"": ""agentic-workspace-v1"", ""enabled"": true, ""purpose"": ""process-work-guidance""}","{""seededFrom"": ""mst_process + mst_job_type + mst_department"", ""taskTypeLogic"": ""process.isapprovalrequired + client approval + job-type nature"", ""partyRoutingDepartment"": 9999}","HIGH",True,True,52,"SYSTEM","2026-04-16 08:57:33.887592",NULL,"2026-04-16 08:57:33.887592"
"1695",1002,"FULL_DIGITAL",5,5,"QUOT_APPR","QUOT_APPR","1001","TASK_OVERDUE","Quotation Approval Overdue",NULL,1,"INTERNAL",True,True,False,True,False,False,False,False,False,True,True,False,"P_QUOT_APPR","[FULL_DIGITAL] Quotation Approval [TASK_OVERDUE] - {job_no}","Process: Quotation Approval (QUOT_APPR)
Event: TASK_OVERDUE
Job No: {job_no}
Work Note: Update step status and part-wise completion in workspace.","8.00","2.00","DEPT_HEAD","2.00","OVERDUE",False,NULL,"{""channels"": {""push"": true, ""email"": true, ""workspace"": true}, ""eventType"": ""TASK_OVERDUE"", ""jobTypeCode"": ""FULL_DIGITAL"", ""jobTypeName"": ""Full Job – Digital Printing"", ""processCode"": ""QUOT_APPR"", ""printingMode"": ""DIGITAL"", ""isFullProcess"": true, ""isOutsourceJob"": false, ""isSingleProcess"": false, ""isInhouseMaterial"": true, ""isCustomerMaterial"": false, ""allowAdvancePayment"": true, ""requireCostingApproval"": true}","{""model"": ""agentic-workspace-v1"", ""enabled"": true, ""purpose"": ""process-work-guidance""}","{""seededFrom"": ""mst_process + mst_job_type + mst_department"", ""taskTypeLogic"": ""process.isapprovalrequired + client approval + job-type nature"", ""partyRoutingDepartment"": 9999}","HIGH",True,True,53,"SYSTEM","2026-04-16 08:57:33.887592",NULL,"2026-04-16 08:57:33.887592"
"1696",1002,"FULL_DIGITAL",5,5,"QUOT_APPR","QUOT_APPR","1001","TASK_COMPLETED","Quotation Approval Completed",NULL,1,"INTERNAL",True,True,False,True,False,False,False,False,False,True,True,False,"P_QUOT_APPR","[FULL_DIGITAL] Quotation Approval [TASK_COMPLETED] - {job_no}","Process: Quotation Approval (QUOT_APPR)
Event: TASK_COMPLETED
Job No: {job_no}
Work Note: Update step status and part-wise completion in workspace.","8.00","2.00","DEPT_HEAD","2.00","COMPLETED",False,NULL,"{""channels"": {""push"": true, ""email"": true, ""workspace"": true}, ""eventType"": ""TASK_COMPLETED"", ""jobTypeCode"": ""FULL_DIGITAL"", ""jobTypeName"": ""Full Job – Digital Printing"", ""processCode"": ""QUOT_APPR"", ""printingMode"": ""DIGITAL"", ""isFullProcess"": true, ""isOutsourceJob"": false, ""isSingleProcess"": false, ""isInhouseMaterial"": true, ""isCustomerMaterial"": false, ""allowAdvancePayment"": true, ""requireCostingApproval"": true}","{""model"": ""agentic-workspace-v1"", ""enabled"": true, ""purpose"": ""process-work-guidance""}","{""seededFrom"": ""mst_process + mst_job_type + mst_department"", ""taskTypeLogic"": ""process.isapprovalrequired + client approval + job-type nature"", ""partyRoutingDepartment"": 9999}","HIGH",True,True,54,"SYSTEM","2026-04-16 08:57:33.887592",NULL,"2026-04-16 08:57:33.887592"
"1697",1002,"FULL_DIGITAL",6,6,"JOB_CREATE","JOB_CREATE","1007","PROC_START","Job Creation Started",NULL,1,"INTERNAL",True,True,False,True,False,False,False,False,False,True,True,False,"P_JOB_CREATE","[FULL_DIGITAL] Job Creation [PROC_START] - {job_no}","Process: Job Creation (JOB_CREATE)
Event: PROC_START
Job No: {job_no}
Work Note: Update step status and part-wise completion in workspace.","2.00","2.00","DEPT_HEAD","2.00","PENDING",True,NULL,"{""channels"": {""push"": true, ""email"": true, ""workspace"": true}, ""eventType"": ""PROC_START"", ""jobTypeCode"": ""FULL_DIGITAL"", ""jobTypeName"": ""Full Job – Digital Printing"", ""processCode"": ""JOB_CREATE"", ""printingMode"": ""DIGITAL"", ""isFullProcess"": true, ""isOutsourceJob"": false, ""isSingleProcess"": false, ""isInhouseMaterial"": true, ""isCustomerMaterial"": false, ""allowAdvancePayment"": true, ""requireCostingApproval"": true}","{""model"": ""agentic-workspace-v1"", ""enabled"": true, ""purpose"": ""process-work-guidance""}","{""seededFrom"": ""mst_process + mst_job_type + mst_department"", ""taskTypeLogic"": ""process.isapprovalrequired + client approval + job-type nature"", ""partyRoutingDepartment"": 9999}","HIGH",True,True,61,"SYSTEM","2026-04-16 08:57:33.887592",NULL,"2026-04-16 08:57:33.887592"
"1698",1002,"FULL_DIGITAL",6,6,"JOB_CREATE","JOB_CREATE","1007","TASK_ASSIGNED","Job Creation Assigned",NULL,1,"INTERNAL",True,True,False,True,False,False,False,False,False,True,True,False,"P_JOB_CREATE","[FULL_DIGITAL] Job Creation [TASK_ASSIGNED] - {job_no}","Process: Job Creation (JOB_CREATE)
Event: TASK_ASSIGNED
Job No: {job_no}
Work Note: Update step status and part-wise completion in workspace.","2.00","2.00","DEPT_HEAD","2.00","PENDING",True,NULL,"{""channels"": {""push"": true, ""email"": true, ""workspace"": true}, ""eventType"": ""TASK_ASSIGNED"", ""jobTypeCode"": ""FULL_DIGITAL"", ""jobTypeName"": ""Full Job – Digital Printing"", ""processCode"": ""JOB_CREATE"", ""printingMode"": ""DIGITAL"", ""isFullProcess"": true, ""isOutsourceJob"": false, ""isSingleProcess"": false, ""isInhouseMaterial"": true, ""isCustomerMaterial"": false, ""allowAdvancePayment"": true, ""requireCostingApproval"": true}","{""model"": ""agentic-workspace-v1"", ""enabled"": true, ""purpose"": ""process-work-guidance""}","{""seededFrom"": ""mst_process + mst_job_type + mst_department"", ""taskTypeLogic"": ""process.isapprovalrequired + client approval + job-type nature"", ""partyRoutingDepartment"": 9999}","HIGH",True,True,62,"SYSTEM","2026-04-16 08:57:33.887592",NULL,"2026-04-16 08:57:33.887592"
"1699",1002,"FULL_DIGITAL",6,6,"JOB_CREATE","JOB_CREATE","1007","TASK_OVERDUE","Job Creation Overdue",NULL,1,"INTERNAL",True,True,False,True,False,False,False,False,False,True,True,False,"P_JOB_CREATE","[FULL_DIGITAL] Job Creation [TASK_OVERDUE] - {job_no}","Process: Job Creation (JOB_CREATE)
Event: TASK_OVERDUE
Job No: {job_no}
Work Note: Update step status and part-wise completion in workspace.","2.00","2.00","DEPT_HEAD","2.00","OVERDUE",False,NULL,"{""channels"": {""push"": true, ""email"": true, ""workspace"": true}, ""eventType"": ""TASK_OVERDUE"", ""jobTypeCode"": ""FULL_DIGITAL"", ""jobTypeName"": ""Full Job – Digital Printing"", ""processCode"": ""JOB_CREATE"", ""printingMode"": ""DIGITAL"", ""isFullProcess"": true, ""isOutsourceJob"": false, ""isSingleProcess"": false, ""isInhouseMaterial"": true, ""isCustomerMaterial"": false, ""allowAdvancePayment"": true, ""requireCostingApproval"": true}","{""model"": ""agentic-workspace-v1"", ""enabled"": true, ""purpose"": ""process-work-guidance""}","{""seededFrom"": ""mst_process + mst_job_type + mst_department"", ""taskTypeLogic"": ""process.isapprovalrequired + client approval + job-type nature"", ""partyRoutingDepartment"": 9999}","HIGH",True,True,63,"SYSTEM","2026-04-16 08:57:33.887592",NULL,"2026-04-16 08:57:33.887592"
"1700",1002,"FULL_DIGITAL",6,6,"JOB_CREATE","JOB_CREATE","1007","TASK_COMPLETED","Job Creation Completed",NULL,1,"INTERNAL",True,True,False,True,False,False,False,False,False,True,True,False,"P_JOB_CREATE","[FULL_DIGITAL] Job Creation [TASK_COMPLETED] - {job_no}","Process: Job Creation (JOB_CREATE)
Event: TASK_COMPLETED
Job No: {job_no}
Work Note: Update step status and part-wise completion in workspace.","2.00","2.00","DEPT_HEAD","2.00","COMPLETED",False,NULL,"{""channels"": {""push"": true, ""email"": true, ""workspace"": true}, ""eventType"": ""TASK_COMPLETED"", ""jobTypeCode"": ""FULL_DIGITAL"", ""jobTypeName"": ""Full Job – Digital Printing"", ""processCode"": ""JOB_CREATE"", ""printingMode"": ""DIGITAL"", ""isFullProcess"": true, ""isOutsourceJob"": false, ""isSingleProcess"": false, ""isInhouseMaterial"": true, ""isCustomerMaterial"": false, ""allowAdvancePayment"": true, ""requireCostingApproval"": true}","{""model"": ""agentic-workspace-v1"", ""enabled"": true, ""purpose"": ""process-work-guidance""}","{""seededFrom"": ""mst_process + mst_job_type + mst_department"", ""taskTypeLogic"": ""process.isapprovalrequired + client approval + job-type nature"", ""partyRoutingDepartment"": 9999}","HIGH",True,True,64,"SYSTEM","2026-04-16 08:57:33.887592",NULL,"2026-04-16 08:57:33.887592"
"1701",1002,"FULL_DIGITAL",7,7,"JOB_APPROVAL","JOB_APPROVAL","9999","PROC_START","Job Approval Started",NULL,1,"PARTY",True,True,False,True,False,True,True,False,False,True,True,False,"P_PRE_DES","[FULL_DIGITAL] Job Approval [PROC_START] - {job_no}","Process: Job Approval (JOB_APPROVAL)
Event: PROC_START
Job No: {job_no}
Work Note: Update step status and part-wise completion in workspace.","4.00","2.00","DEPT_HEAD","2.00","PENDING",True,NULL,"{""channels"": {""push"": true, ""email"": true, ""workspace"": true}, ""eventType"": ""PROC_START"", ""jobTypeCode"": ""FULL_DIGITAL"", ""jobTypeName"": ""Full Job – Digital Printing"", ""processCode"": ""JOB_APPROVAL"", ""printingMode"": ""DIGITAL"", ""isFullProcess"": true, ""isOutsourceJob"": false, ""isSingleProcess"": false, ""isInhouseMaterial"": true, ""isCustomerMaterial"": false, ""allowAdvancePayment"": true, ""requireCostingApproval"": true}","{""model"": ""agentic-workspace-v1"", ""enabled"": true, ""purpose"": ""process-work-guidance""}","{""seededFrom"": ""mst_process + mst_job_type + mst_department"", ""taskTypeLogic"": ""process.isapprovalrequired + client approval + job-type nature"", ""partyRoutingDepartment"": 9999}","HIGH",False,True,71,"SYSTEM","2026-04-16 08:57:33.887592",NULL,"2026-04-16 08:57:33.887592"
"1702",1002,"FULL_DIGITAL",7,7,"JOB_APPROVAL","JOB_APPROVAL","9999","TASK_ASSIGNED","Job Approval Assigned",NULL,1,"PARTY",True,True,False,True,False,True,True,False,False,True,True,False,"P_PRE_DES","[FULL_DIGITAL] Job Approval [TASK_ASSIGNED] - {job_no}","Process: Job Approval (JOB_APPROVAL)
Event: TASK_ASSIGNED
Job No: {job_no}
Work Note: Update step status and part-wise completion in workspace.","4.00","2.00","DEPT_HEAD","2.00","PENDING",True,NULL,"{""channels"": {""push"": true, ""email"": true, ""workspace"": true}, ""eventType"": ""TASK_ASSIGNED"", ""jobTypeCode"": ""FULL_DIGITAL"", ""jobTypeName"": ""Full Job – Digital Printing"", ""processCode"": ""JOB_APPROVAL"", ""printingMode"": ""DIGITAL"", ""isFullProcess"": true, ""isOutsourceJob"": false, ""isSingleProcess"": false, ""isInhouseMaterial"": true, ""isCustomerMaterial"": false, ""allowAdvancePayment"": true, ""requireCostingApproval"": true}","{""model"": ""agentic-workspace-v1"", ""enabled"": true, ""purpose"": ""process-work-guidance""}","{""seededFrom"": ""mst_process + mst_job_type + mst_department"", ""taskTypeLogic"": ""process.isapprovalrequired + client approval + job-type nature"", ""partyRoutingDepartment"": 9999}","HIGH",False,True,72,"SYSTEM","2026-04-16 08:57:33.887592",NULL,"2026-04-16 08:57:33.887592"
"1703",1002,"FULL_DIGITAL",7,7,"JOB_APPROVAL","JOB_APPROVAL","9999","TASK_OVERDUE","Job Approval Overdue",NULL,1,"PARTY",True,True,False,True,False,True,True,False,False,True,True,False,"P_PRE_DES","[FULL_DIGITAL] Job Approval [TASK_OVERDUE] - {job_no}","Process: Job Approval (JOB_APPROVAL)
Event: TASK_OVERDUE
Job No: {job_no}
Work Note: Update step status and part-wise completion in workspace.","4.00","2.00","DEPT_HEAD","2.00","OVERDUE",False,NULL,"{""channels"": {""push"": true, ""email"": true, ""workspace"": true}, ""eventType"": ""TASK_OVERDUE"", ""jobTypeCode"": ""FULL_DIGITAL"", ""jobTypeName"": ""Full Job – Digital Printing"", ""processCode"": ""JOB_APPROVAL"", ""printingMode"": ""DIGITAL"", ""isFullProcess"": true, ""isOutsourceJob"": false, ""isSingleProcess"": false, ""isInhouseMaterial"": true, ""isCustomerMaterial"": false, ""allowAdvancePayment"": true, ""requireCostingApproval"": true}","{""model"": ""agentic-workspace-v1"", ""enabled"": true, ""purpose"": ""process-work-guidance""}","{""seededFrom"": ""mst_process + mst_job_type + mst_department"", ""taskTypeLogic"": ""process.isapprovalrequired + client approval + job-type nature"", ""partyRoutingDepartment"": 9999}","HIGH",False,True,73,"SYSTEM","2026-04-16 08:57:33.887592",NULL,"2026-04-16 08:57:33.887592"
"1704",1002,"FULL_DIGITAL",7,7,"JOB_APPROVAL","JOB_APPROVAL","9999","TASK_COMPLETED","Job Approval Completed",NULL,1,"PARTY",True,True,False,True,False,True,True,False,False,True,True,False,"P_PRE_DES","[FULL_DIGITAL] Job Approval [TASK_COMPLETED] - {job_no}","Process: Job Approval (JOB_APPROVAL)
Event: TASK_COMPLETED
Job No: {job_no}
Work Note: Update step status and part-wise completion in workspace.","4.00","2.00","DEPT_HEAD","2.00","COMPLETED",False,NULL,"{""channels"": {""push"": true, ""email"": true, ""workspace"": true}, ""eventType"": ""TASK_COMPLETED"", ""jobTypeCode"": ""FULL_DIGITAL"", ""jobTypeName"": ""Full Job – Digital Printing"", ""processCode"": ""JOB_APPROVAL"", ""printingMode"": ""DIGITAL"", ""isFullProcess"": true, ""isOutsourceJob"": false, ""isSingleProcess"": false, ""isInhouseMaterial"": true, ""isCustomerMaterial"": false, ""allowAdvancePayment"": true, ""requireCostingApproval"": true}","{""model"": ""agentic-workspace-v1"", ""enabled"": true, ""purpose"": ""process-work-guidance""}","{""seededFrom"": ""mst_process + mst_job_type + mst_department"", ""taskTypeLogic"": ""process.isapprovalrequired + client approval + job-type nature"", ""partyRoutingDepartment"": 9999}","HIGH",False,True,74,"SYSTEM","2026-04-16 08:57:33.887592",NULL,"2026-04-16 08:57:33.887592"
"1705",1002,"FULL_DIGITAL",8,8,"DES_DTP","DES_DTP","1009","PROC_START","Designing / DTP Started",NULL,1,"INTERNAL",True,True,False,True,False,False,False,False,False,True,True,False,"P_DESIGN","[FULL_DIGITAL] Design [PROC_START] - {job_no}","Process: Designing / DTP (DES_DTP)
Event: PROC_START
Job No: {job_no}
Work Note: Update step status and part-wise completion in workspace.","12.00","2.00","DEPT_HEAD","2.00","PENDING",True,NULL,"{""channels"": {""push"": true, ""email"": true, ""workspace"": true}, ""eventType"": ""PROC_START"", ""jobTypeCode"": ""FULL_DIGITAL"", ""jobTypeName"": ""Full Job – Digital Printing"", ""processCode"": ""DES_DTP"", ""printingMode"": ""DIGITAL"", ""isFullProcess"": true, ""isOutsourceJob"": false, ""isSingleProcess"": false, ""isInhouseMaterial"": true, ""isCustomerMaterial"": false, ""allowAdvancePayment"": true, ""requireCostingApproval"": true}","{""model"": ""agentic-workspace-v1"", ""enabled"": true, ""purpose"": ""process-work-guidance""}","{""seededFrom"": ""mst_process + mst_job_type + mst_department"", ""taskTypeLogic"": ""process.isapprovalrequired + client approval + job-type nature"", ""partyRoutingDepartment"": 9999}","HIGH",True,True,81,"SYSTEM","2026-04-16 08:57:33.887592",NULL,"2026-04-16 08:57:33.887592"
"1706",1002,"FULL_DIGITAL",8,8,"DES_DTP","DES_DTP","1009","TASK_ASSIGNED","Designing / DTP Assigned",NULL,1,"INTERNAL",True,True,False,True,False,False,False,False,False,True,True,False,"P_DESIGN","[FULL_DIGITAL] Design [TASK_ASSIGNED] - {job_no}","Process: Designing / DTP (DES_DTP)
Event: TASK_ASSIGNED
Job No: {job_no}
Work Note: Update step status and part-wise completion in workspace.","12.00","2.00","DEPT_HEAD","2.00","PENDING",True,NULL,"{""channels"": {""push"": true, ""email"": true, ""workspace"": true}, ""eventType"": ""TASK_ASSIGNED"", ""jobTypeCode"": ""FULL_DIGITAL"", ""jobTypeName"": ""Full Job – Digital Printing"", ""processCode"": ""DES_DTP"", ""printingMode"": ""DIGITAL"", ""isFullProcess"": true, ""isOutsourceJob"": false, ""isSingleProcess"": false, ""isInhouseMaterial"": true, ""isCustomerMaterial"": false, ""allowAdvancePayment"": true, ""requireCostingApproval"": true}","{""model"": ""agentic-workspace-v1"", ""enabled"": true, ""purpose"": ""process-work-guidance""}","{""seededFrom"": ""mst_process + mst_job_type + mst_department"", ""taskTypeLogic"": ""process.isapprovalrequired + client approval + job-type nature"", ""partyRoutingDepartment"": 9999}","HIGH",True,True,82,"SYSTEM","2026-04-16 08:57:33.887592",NULL,"2026-04-16 08:57:33.887592"
"1707",1002,"FULL_DIGITAL",8,8,"DES_DTP","DES_DTP","1009","TASK_OVERDUE","Designing / DTP Overdue",NULL,1,"INTERNAL",True,True,False,True,False,False,False,False,False,True,True,False,"P_DESIGN","[FULL_DIGITAL] Design [TASK_OVERDUE] - {job_no}","Process: Designing / DTP (DES_DTP)
Event: TASK_OVERDUE
Job No: {job_no}
Work Note: Update step status and part-wise completion in workspace.","12.00","2.00","DEPT_HEAD","2.00","OVERDUE",False,NULL,"{""channels"": {""push"": true, ""email"": true, ""workspace"": true}, ""eventType"": ""TASK_OVERDUE"", ""jobTypeCode"": ""FULL_DIGITAL"", ""jobTypeName"": ""Full Job – Digital Printing"", ""processCode"": ""DES_DTP"", ""printingMode"": ""DIGITAL"", ""isFullProcess"": true, ""isOutsourceJob"": false, ""isSingleProcess"": false, ""isInhouseMaterial"": true, ""isCustomerMaterial"": false, ""allowAdvancePayment"": true, ""requireCostingApproval"": true}","{""model"": ""agentic-workspace-v1"", ""enabled"": true, ""purpose"": ""process-work-guidance""}","{""seededFrom"": ""mst_process + mst_job_type + mst_department"", ""taskTypeLogic"": ""process.isapprovalrequired + client approval + job-type nature"", ""partyRoutingDepartment"": 9999}","HIGH",True,True,83,"SYSTEM","2026-04-16 08:57:33.887592",NULL,"2026-04-16 08:57:33.887592"
"1708",1002,"FULL_DIGITAL",8,8,"DES_DTP","DES_DTP","1009","TASK_COMPLETED","Designing / DTP Completed",NULL,1,"INTERNAL",True,True,False,True,False,False,False,False,False,True,True,False,"P_DESIGN","[FULL_DIGITAL] Design [TASK_COMPLETED] - {job_no}","Process: Designing / DTP (DES_DTP)
Event: TASK_COMPLETED
Job No: {job_no}
Work Note: Update step status and part-wise completion in workspace.","12.00","2.00","DEPT_HEAD","2.00","COMPLETED",False,NULL,"{""channels"": {""push"": true, ""email"": true, ""workspace"": true}, ""eventType"": ""TASK_COMPLETED"", ""jobTypeCode"": ""FULL_DIGITAL"", ""jobTypeName"": ""Full Job – Digital Printing"", ""processCode"": ""DES_DTP"", ""printingMode"": ""DIGITAL"", ""isFullProcess"": true, ""isOutsourceJob"": false, ""isSingleProcess"": false, ""isInhouseMaterial"": true, ""isCustomerMaterial"": false, ""allowAdvancePayment"": true, ""requireCostingApproval"": true}","{""model"": ""agentic-workspace-v1"", ""enabled"": true, ""purpose"": ""process-work-guidance""}","{""seededFrom"": ""mst_process + mst_job_type + mst_department"", ""taskTypeLogic"": ""process.isapprovalrequired + client approval + job-type nature"", ""partyRoutingDepartment"": 9999}","HIGH",True,True,84,"SYSTEM","2026-04-16 08:57:33.887592",NULL,"2026-04-16 08:57:33.887592"
"1709",1002,"FULL_DIGITAL",9,9,"PROOF","PROOF","9999","PROC_START","Client Proof Approval Started",NULL,1,"PARTY",True,True,False,True,False,True,True,False,False,True,True,False,"P_PROOF","[FULL_DIGITAL] Proof Approval [PROC_START] - {job_no}","Process: Client Proof Approval (PROOF)
Event: PROC_START
Job No: {job_no}
Work Note: Update step status and part-wise completion in workspace.","24.00","2.00","DEPT_HEAD","2.00","PENDING",True,NULL,"{""channels"": {""push"": true, ""email"": true, ""workspace"": true}, ""eventType"": ""PROC_START"", ""jobTypeCode"": ""FULL_DIGITAL"", ""jobTypeName"": ""Full Job – Digital Printing"", ""processCode"": ""PROOF"", ""printingMode"": ""DIGITAL"", ""isFullProcess"": true, ""isOutsourceJob"": false, ""isSingleProcess"": false, ""isInhouseMaterial"": true, ""isCustomerMaterial"": false, ""allowAdvancePayment"": true, ""requireCostingApproval"": true}","{""model"": ""agentic-workspace-v1"", ""enabled"": true, ""purpose"": ""process-work-guidance""}","{""seededFrom"": ""mst_process + mst_job_type + mst_department"", ""taskTypeLogic"": ""process.isapprovalrequired + client approval + job-type nature"", ""partyRoutingDepartment"": 9999}","HIGH",True,True,91,"SYSTEM","2026-04-16 08:57:33.887592",NULL,"2026-04-16 08:57:33.887592"
"1710",1002,"FULL_DIGITAL",9,9,"PROOF","PROOF","9999","TASK_ASSIGNED","Client Proof Approval Assigned",NULL,1,"PARTY",True,True,False,True,False,True,True,False,False,True,True,False,"P_PROOF","[FULL_DIGITAL] Proof Approval [TASK_ASSIGNED] - {job_no}","Process: Client Proof Approval (PROOF)
Event: TASK_ASSIGNED
Job No: {job_no}
Work Note: Update step status and part-wise completion in workspace.","24.00","2.00","DEPT_HEAD","2.00","PENDING",True,NULL,"{""channels"": {""push"": true, ""email"": true, ""workspace"": true}, ""eventType"": ""TASK_ASSIGNED"", ""jobTypeCode"": ""FULL_DIGITAL"", ""jobTypeName"": ""Full Job – Digital Printing"", ""processCode"": ""PROOF"", ""printingMode"": ""DIGITAL"", ""isFullProcess"": true, ""isOutsourceJob"": false, ""isSingleProcess"": false, ""isInhouseMaterial"": true, ""isCustomerMaterial"": false, ""allowAdvancePayment"": true, ""requireCostingApproval"": true}","{""model"": ""agentic-workspace-v1"", ""enabled"": true, ""purpose"": ""process-work-guidance""}","{""seededFrom"": ""mst_process + mst_job_type + mst_department"", ""taskTypeLogic"": ""process.isapprovalrequired + client approval + job-type nature"", ""partyRoutingDepartment"": 9999}","HIGH",True,True,92,"SYSTEM","2026-04-16 08:57:33.887592",NULL,"2026-04-16 08:57:33.887592"
"1711",1002,"FULL_DIGITAL",9,9,"PROOF","PROOF","9999","TASK_OVERDUE","Client Proof Approval Overdue",NULL,1,"PARTY",True,True,False,True,False,True,True,False,False,True,True,False,"P_PROOF","[FULL_DIGITAL] Proof Approval [TASK_OVERDUE] - {job_no}","Process: Client Proof Approval (PROOF)
Event: TASK_OVERDUE
Job No: {job_no}
Work Note: Update step status and part-wise completion in workspace.","24.00","2.00","DEPT_HEAD","2.00","OVERDUE",False,NULL,"{""channels"": {""push"": true, ""email"": true, ""workspace"": true}, ""eventType"": ""TASK_OVERDUE"", ""jobTypeCode"": ""FULL_DIGITAL"", ""jobTypeName"": ""Full Job – Digital Printing"", ""processCode"": ""PROOF"", ""printingMode"": ""DIGITAL"", ""isFullProcess"": true, ""isOutsourceJob"": false, ""isSingleProcess"": false, ""isInhouseMaterial"": true, ""isCustomerMaterial"": false, ""allowAdvancePayment"": true, ""requireCostingApproval"": true}","{""model"": ""agentic-workspace-v1"", ""enabled"": true, ""purpose"": ""process-work-guidance""}","{""seededFrom"": ""mst_process + mst_job_type + mst_department"", ""taskTypeLogic"": ""process.isapprovalrequired + client approval + job-type nature"", ""partyRoutingDepartment"": 9999}","HIGH",True,True,93,"SYSTEM","2026-04-16 08:57:33.887592",NULL,"2026-04-16 08:57:33.887592"
"1712",1002,"FULL_DIGITAL",9,9,"PROOF","PROOF","9999","TASK_COMPLETED","Client Proof Approval Completed",NULL,1,"PARTY",True,True,False,True,False,True,True,False,False,True,True,False,"P_PROOF","[FULL_DIGITAL] Proof Approval [TASK_COMPLETED] - {job_no}","Process: Client Proof Approval (PROOF)
Event: TASK_COMPLETED
Job No: {job_no}
Work Note: Update step status and part-wise completion in workspace.","24.00","2.00","DEPT_HEAD","2.00","COMPLETED",False,NULL,"{""channels"": {""push"": true, ""email"": true, ""workspace"": true}, ""eventType"": ""TASK_COMPLETED"", ""jobTypeCode"": ""FULL_DIGITAL"", ""jobTypeName"": ""Full Job – Digital Printing"", ""processCode"": ""PROOF"", ""printingMode"": ""DIGITAL"", ""isFullProcess"": true, ""isOutsourceJob"": false, ""isSingleProcess"": false, ""isInhouseMaterial"": true, ""isCustomerMaterial"": false, ""allowAdvancePayment"": true, ""requireCostingApproval"": true}","{""model"": ""agentic-workspace-v1"", ""enabled"": true, ""purpose"": ""process-work-guidance""}","{""seededFrom"": ""mst_process + mst_job_type + mst_department"", ""taskTypeLogic"": ""process.isapprovalrequired + client approval + job-type nature"", ""partyRoutingDepartment"": 9999}","HIGH",True,True,94,"SYSTEM","2026-04-16 08:57:33.887592",NULL,"2026-04-16 08:57:33.887592"
"1713",1002,"FULL_DIGITAL",15,15,"JOB_PLAN","JOB_PLAN","1010","PROC_START","Production Planning Started",NULL,0,"INTERNAL",True,False,False,False,False,False,False,False,False,True,True,False,"P_PLAN","[FULL_DIGITAL] Planning [PROC_START] - {job_no}","Process: Production Planning (JOB_PLAN)
Event: PROC_START
Job No: {job_no}
Work Note: Update step status and part-wise completion in workspace.","4.00","2.00",NULL,"2.00","PENDING",True,NULL,"{""channels"": {""push"": true, ""email"": true, ""workspace"": true}, ""eventType"": ""PROC_START"", ""jobTypeCode"": ""FULL_DIGITAL"", ""jobTypeName"": ""Full Job – Digital Printing"", ""processCode"": ""JOB_PLAN"", ""printingMode"": ""DIGITAL"", ""isFullProcess"": true, ""isOutsourceJob"": false, ""isSingleProcess"": false, ""isInhouseMaterial"": true, ""isCustomerMaterial"": false, ""allowAdvancePayment"": true, ""requireCostingApproval"": true}","{""model"": ""agentic-workspace-v1"", ""enabled"": true, ""purpose"": ""process-work-guidance""}","{""seededFrom"": ""mst_process + mst_job_type + mst_department"", ""taskTypeLogic"": ""process.isapprovalrequired + client approval + job-type nature"", ""partyRoutingDepartment"": 9999}","NORMAL",True,True,151,"SYSTEM","2026-04-16 08:57:33.887592",NULL,"2026-04-16 08:57:33.887592"
"1714",1002,"FULL_DIGITAL",15,15,"JOB_PLAN","JOB_PLAN","1010","TASK_ASSIGNED","Production Planning Assigned",NULL,0,"INTERNAL",True,False,False,False,False,False,False,False,False,True,True,False,"P_PLAN","[FULL_DIGITAL] Planning [TASK_ASSIGNED] - {job_no}","Process: Production Planning (JOB_PLAN)
Event: TASK_ASSIGNED
Job No: {job_no}
Work Note: Update step status and part-wise completion in workspace.","4.00","2.00",NULL,"2.00","PENDING",True,NULL,"{""channels"": {""push"": true, ""email"": true, ""workspace"": true}, ""eventType"": ""TASK_ASSIGNED"", ""jobTypeCode"": ""FULL_DIGITAL"", ""jobTypeName"": ""Full Job – Digital Printing"", ""processCode"": ""JOB_PLAN"", ""printingMode"": ""DIGITAL"", ""isFullProcess"": true, ""isOutsourceJob"": false, ""isSingleProcess"": false, ""isInhouseMaterial"": true, ""isCustomerMaterial"": false, ""allowAdvancePayment"": true, ""requireCostingApproval"": true}","{""model"": ""agentic-workspace-v1"", ""enabled"": true, ""purpose"": ""process-work-guidance""}","{""seededFrom"": ""mst_process + mst_job_type + mst_department"", ""taskTypeLogic"": ""process.isapprovalrequired + client approval + job-type nature"", ""partyRoutingDepartment"": 9999}","NORMAL",True,True,152,"SYSTEM","2026-04-16 08:57:33.887592",NULL,"2026-04-16 08:57:33.887592"
"1715",1002,"FULL_DIGITAL",15,15,"JOB_PLAN","JOB_PLAN","1010","TASK_OVERDUE","Production Planning Overdue",NULL,0,"INTERNAL",True,False,False,False,False,False,False,False,False,True,True,False,"P_PLAN","[FULL_DIGITAL] Planning [TASK_OVERDUE] - {job_no}","Process: Production Planning (JOB_PLAN)
Event: TASK_OVERDUE
Job No: {job_no}
Work Note: Update step status and part-wise completion in workspace.","4.00","2.00",NULL,"2.00","OVERDUE",False,NULL,"{""channels"": {""push"": true, ""email"": true, ""workspace"": true}, ""eventType"": ""TASK_OVERDUE"", ""jobTypeCode"": ""FULL_DIGITAL"", ""jobTypeName"": ""Full Job – Digital Printing"", ""processCode"": ""JOB_PLAN"", ""printingMode"": ""DIGITAL"", ""isFullProcess"": true, ""isOutsourceJob"": false, ""isSingleProcess"": false, ""isInhouseMaterial"": true, ""isCustomerMaterial"": false, ""allowAdvancePayment"": true, ""requireCostingApproval"": true}","{""model"": ""agentic-workspace-v1"", ""enabled"": true, ""purpose"": ""process-work-guidance""}","{""seededFrom"": ""mst_process + mst_job_type + mst_department"", ""taskTypeLogic"": ""process.isapprovalrequired + client approval + job-type nature"", ""partyRoutingDepartment"": 9999}","NORMAL",True,True,153,"SYSTEM","2026-04-16 08:57:33.887592",NULL,"2026-04-16 08:57:33.887592"
"1716",1002,"FULL_DIGITAL",15,15,"JOB_PLAN","JOB_PLAN","1010","TASK_COMPLETED","Production Planning Completed",NULL,0,"INTERNAL",True,False,False,False,False,False,False,False,False,True,True,False,"P_PLAN","[FULL_DIGITAL] Planning [TASK_COMPLETED] - {job_no}","Process: Production Planning (JOB_PLAN)
Event: TASK_COMPLETED
Job No: {job_no}
Work Note: Update step status and part-wise completion in workspace.","4.00","2.00",NULL,"2.00","COMPLETED",False,NULL,"{""channels"": {""push"": true, ""email"": true, ""workspace"": true}, ""eventType"": ""TASK_COMPLETED"", ""jobTypeCode"": ""FULL_DIGITAL"", ""jobTypeName"": ""Full Job – Digital Printing"", ""processCode"": ""JOB_PLAN"", ""printingMode"": ""DIGITAL"", ""isFullProcess"": true, ""isOutsourceJob"": false, ""isSingleProcess"": false, ""isInhouseMaterial"": true, ""isCustomerMaterial"": false, ""allowAdvancePayment"": true, ""requireCostingApproval"": true}","{""model"": ""agentic-workspace-v1"", ""enabled"": true, ""purpose"": ""process-work-guidance""}","{""seededFrom"": ""mst_process + mst_job_type + mst_department"", ""taskTypeLogic"": ""process.isapprovalrequired + client approval + job-type nature"", ""partyRoutingDepartment"": 9999}","NORMAL",True,True,154,"SYSTEM","2026-04-16 08:57:33.887592",NULL,"2026-04-16 08:57:33.887592"
"1717",1002,"FULL_DIGITAL",16,16,"JOB_SCHED","JOB_SCHED","1010","PROC_START","Job Scheduling Started",NULL,0,"INTERNAL",True,False,False,False,False,False,False,False,False,True,True,False,"P_SCHED","[FULL_DIGITAL] Scheduling [PROC_START] - {job_no}","Process: Job Scheduling (JOB_SCHED)
Event: PROC_START
Job No: {job_no}
Work Note: Update step status and part-wise completion in workspace.","4.00","2.00",NULL,"2.00","PENDING",True,NULL,"{""channels"": {""push"": true, ""email"": true, ""workspace"": true}, ""eventType"": ""PROC_START"", ""jobTypeCode"": ""FULL_DIGITAL"", ""jobTypeName"": ""Full Job – Digital Printing"", ""processCode"": ""JOB_SCHED"", ""printingMode"": ""DIGITAL"", ""isFullProcess"": true, ""isOutsourceJob"": false, ""isSingleProcess"": false, ""isInhouseMaterial"": true, ""isCustomerMaterial"": false, ""allowAdvancePayment"": true, ""requireCostingApproval"": true}","{""model"": ""agentic-workspace-v1"", ""enabled"": true, ""purpose"": ""process-work-guidance""}","{""seededFrom"": ""mst_process + mst_job_type + mst_department"", ""taskTypeLogic"": ""process.isapprovalrequired + client approval + job-type nature"", ""partyRoutingDepartment"": 9999}","NORMAL",True,True,161,"SYSTEM","2026-04-16 08:57:33.887592",NULL,"2026-04-16 08:57:33.887592"
"1718",1002,"FULL_DIGITAL",16,16,"JOB_SCHED","JOB_SCHED","1010","TASK_ASSIGNED","Job Scheduling Assigned",NULL,0,"INTERNAL",True,False,False,False,False,False,False,False,False,True,True,False,"P_SCHED","[FULL_DIGITAL] Scheduling [TASK_ASSIGNED] - {job_no}","Process: Job Scheduling (JOB_SCHED)
Event: TASK_ASSIGNED
Job No: {job_no}
Work Note: Update step status and part-wise completion in workspace.","4.00","2.00",NULL,"2.00","PENDING",True,NULL,"{""channels"": {""push"": true, ""email"": true, ""workspace"": true}, ""eventType"": ""TASK_ASSIGNED"", ""jobTypeCode"": ""FULL_DIGITAL"", ""jobTypeName"": ""Full Job – Digital Printing"", ""processCode"": ""JOB_SCHED"", ""printingMode"": ""DIGITAL"", ""isFullProcess"": true, ""isOutsourceJob"": false, ""isSingleProcess"": false, ""isInhouseMaterial"": true, ""isCustomerMaterial"": false, ""allowAdvancePayment"": true, ""requireCostingApproval"": true}","{""model"": ""agentic-workspace-v1"", ""enabled"": true, ""purpose"": ""process-work-guidance""}","{""seededFrom"": ""mst_process + mst_job_type + mst_department"", ""taskTypeLogic"": ""process.isapprovalrequired + client approval + job-type nature"", ""partyRoutingDepartment"": 9999}","NORMAL",True,True,162,"SYSTEM","2026-04-16 08:57:33.887592",NULL,"2026-04-16 08:57:33.887592"
"1719",1002,"FULL_DIGITAL",16,16,"JOB_SCHED","JOB_SCHED","1010","TASK_OVERDUE","Job Scheduling Overdue",NULL,0,"INTERNAL",True,False,False,False,False,False,False,False,False,True,True,False,"P_SCHED","[FULL_DIGITAL] Scheduling [TASK_OVERDUE] - {job_no}","Process: Job Scheduling (JOB_SCHED)
Event: TASK_OVERDUE
Job No: {job_no}
Work Note: Update step status and part-wise completion in workspace.","4.00","2.00",NULL,"2.00","OVERDUE",False,NULL,"{""channels"": {""push"": true, ""email"": true, ""workspace"": true}, ""eventType"": ""TASK_OVERDUE"", ""jobTypeCode"": ""FULL_DIGITAL"", ""jobTypeName"": ""Full Job – Digital Printing"", ""processCode"": ""JOB_SCHED"", ""printingMode"": ""DIGITAL"", ""isFullProcess"": true, ""isOutsourceJob"": false, ""isSingleProcess"": false, ""isInhouseMaterial"": true, ""isCustomerMaterial"": false, ""allowAdvancePayment"": true, ""requireCostingApproval"": true}","{""model"": ""agentic-workspace-v1"", ""enabled"": true, ""purpose"": ""process-work-guidance""}","{""seededFrom"": ""mst_process + mst_job_type + mst_department"", ""taskTypeLogic"": ""process.isapprovalrequired + client approval + job-type nature"", ""partyRoutingDepartment"": 9999}","NORMAL",True,True,163,"SYSTEM","2026-04-16 08:57:33.887592",NULL,"2026-04-16 08:57:33.887592"
"1720",1002,"FULL_DIGITAL",16,16,"JOB_SCHED","JOB_SCHED","1010","TASK_COMPLETED","Job Scheduling Completed",NULL,0,"INTERNAL",True,False,False,False,False,False,False,False,False,True,True,False,"P_SCHED","[FULL_DIGITAL] Scheduling [TASK_COMPLETED] - {job_no}","Process: Job Scheduling (JOB_SCHED)
Event: TASK_COMPLETED
Job No: {job_no}
Work Note: Update step status and part-wise completion in workspace.","4.00","2.00",NULL,"2.00","COMPLETED",False,NULL,"{""channels"": {""push"": true, ""email"": true, ""workspace"": true}, ""eventType"": ""TASK_COMPLETED"", ""jobTypeCode"": ""FULL_DIGITAL"", ""jobTypeName"": ""Full Job – Digital Printing"", ""processCode"": ""JOB_SCHED"", ""printingMode"": ""DIGITAL"", ""isFullProcess"": true, ""isOutsourceJob"": false, ""isSingleProcess"": false, ""isInhouseMaterial"": true, ""isCustomerMaterial"": false, ""allowAdvancePayment"": true, ""requireCostingApproval"": true}","{""model"": ""agentic-workspace-v1"", ""enabled"": true, ""purpose"": ""process-work-guidance""}","{""seededFrom"": ""mst_process + mst_job_type + mst_department"", ""taskTypeLogic"": ""process.isapprovalrequired + client approval + job-type nature"", ""partyRoutingDepartment"": 9999}","NORMAL",True,True,164,"SYSTEM","2026-04-16 08:57:33.887592",NULL,"2026-04-16 08:57:33.887592"
"1721",1002,"FULL_DIGITAL",17,17,"JOB_CARD","JOB_CARD","1010","PROC_START","Job Card Generation Started",NULL,0,"INTERNAL",True,False,False,False,False,False,False,False,False,True,True,False,"P_JOB_CARD","[FULL_DIGITAL] Job Card [PROC_START] - {job_no}","Process: Job Card Generation (JOB_CARD)
Event: PROC_START
Job No: {job_no}
Work Note: Update step status and part-wise completion in workspace.","2.00","2.00",NULL,"2.00","PENDING",True,NULL,"{""channels"": {""push"": true, ""email"": true, ""workspace"": true}, ""eventType"": ""PROC_START"", ""jobTypeCode"": ""FULL_DIGITAL"", ""jobTypeName"": ""Full Job – Digital Printing"", ""processCode"": ""JOB_CARD"", ""printingMode"": ""DIGITAL"", ""isFullProcess"": true, ""isOutsourceJob"": false, ""isSingleProcess"": false, ""isInhouseMaterial"": true, ""isCustomerMaterial"": false, ""allowAdvancePayment"": true, ""requireCostingApproval"": true}","{""model"": ""agentic-workspace-v1"", ""enabled"": true, ""purpose"": ""process-work-guidance""}","{""seededFrom"": ""mst_process + mst_job_type + mst_department"", ""taskTypeLogic"": ""process.isapprovalrequired + client approval + job-type nature"", ""partyRoutingDepartment"": 9999}","NORMAL",True,True,171,"SYSTEM","2026-04-16 08:57:33.887592",NULL,"2026-04-16 08:57:33.887592"
"1722",1002,"FULL_DIGITAL",17,17,"JOB_CARD","JOB_CARD","1010","TASK_ASSIGNED","Job Card Generation Assigned",NULL,0,"INTERNAL",True,False,False,False,False,False,False,False,False,True,True,False,"P_JOB_CARD","[FULL_DIGITAL] Job Card [TASK_ASSIGNED] - {job_no}","Process: Job Card Generation (JOB_CARD)
Event: TASK_ASSIGNED
Job No: {job_no}
Work Note: Update step status and part-wise completion in workspace.","2.00","2.00",NULL,"2.00","PENDING",True,NULL,"{""channels"": {""push"": true, ""email"": true, ""workspace"": true}, ""eventType"": ""TASK_ASSIGNED"", ""jobTypeCode"": ""FULL_DIGITAL"", ""jobTypeName"": ""Full Job – Digital Printing"", ""processCode"": ""JOB_CARD"", ""printingMode"": ""DIGITAL"", ""isFullProcess"": true, ""isOutsourceJob"": false, ""isSingleProcess"": false, ""isInhouseMaterial"": true, ""isCustomerMaterial"": false, ""allowAdvancePayment"": true, ""requireCostingApproval"": true}","{""model"": ""agentic-workspace-v1"", ""enabled"": true, ""purpose"": ""process-work-guidance""}","{""seededFrom"": ""mst_process + mst_job_type + mst_department"", ""taskTypeLogic"": ""process.isapprovalrequired + client approval + job-type nature"", ""partyRoutingDepartment"": 9999}","NORMAL",True,True,172,"SYSTEM","2026-04-16 08:57:33.887592",NULL,"2026-04-16 08:57:33.887592"
"1723",1002,"FULL_DIGITAL",17,17,"JOB_CARD","JOB_CARD","1010","TASK_OVERDUE","Job Card Generation Overdue",NULL,0,"INTERNAL",True,False,False,False,False,False,False,False,False,True,True,False,"P_JOB_CARD","[FULL_DIGITAL] Job Card [TASK_OVERDUE] - {job_no}","Process: Job Card Generation (JOB_CARD)
Event: TASK_OVERDUE
Job No: {job_no}
Work Note: Update step status and part-wise completion in workspace.","2.00","2.00",NULL,"2.00","OVERDUE",False,NULL,"{""channels"": {""push"": true, ""email"": true, ""workspace"": true}, ""eventType"": ""TASK_OVERDUE"", ""jobTypeCode"": ""FULL_DIGITAL"", ""jobTypeName"": ""Full Job – Digital Printing"", ""processCode"": ""JOB_CARD"", ""printingMode"": ""DIGITAL"", ""isFullProcess"": true, ""isOutsourceJob"": false, ""isSingleProcess"": false, ""isInhouseMaterial"": true, ""isCustomerMaterial"": false, ""allowAdvancePayment"": true, ""requireCostingApproval"": true}","{""model"": ""agentic-workspace-v1"", ""enabled"": true, ""purpose"": ""process-work-guidance""}","{""seededFrom"": ""mst_process + mst_job_type + mst_department"", ""taskTypeLogic"": ""process.isapprovalrequired + client approval + job-type nature"", ""partyRoutingDepartment"": 9999}","NORMAL",True,True,173,"SYSTEM","2026-04-16 08:57:33.887592",NULL,"2026-04-16 08:57:33.887592"
"1724",1002,"FULL_DIGITAL",17,17,"JOB_CARD","JOB_CARD","1010","TASK_COMPLETED","Job Card Generation Completed",NULL,0,"INTERNAL",True,False,False,False,False,False,False,False,False,True,True,False,"P_JOB_CARD","[FULL_DIGITAL] Job Card [TASK_COMPLETED] - {job_no}","Process: Job Card Generation (JOB_CARD)
Event: TASK_COMPLETED
Job No: {job_no}
Work Note: Update step status and part-wise completion in workspace.","2.00","2.00",NULL,"2.00","COMPLETED",False,NULL,"{""channels"": {""push"": true, ""email"": true, ""workspace"": true}, ""eventType"": ""TASK_COMPLETED"", ""jobTypeCode"": ""FULL_DIGITAL"", ""jobTypeName"": ""Full Job – Digital Printing"", ""processCode"": ""JOB_CARD"", ""printingMode"": ""DIGITAL"", ""isFullProcess"": true, ""isOutsourceJob"": false, ""isSingleProcess"": false, ""isInhouseMaterial"": true, ""isCustomerMaterial"": false, ""allowAdvancePayment"": true, ""requireCostingApproval"": true}","{""model"": ""agentic-workspace-v1"", ""enabled"": true, ""purpose"": ""process-work-guidance""}","{""seededFrom"": ""mst_process + mst_job_type + mst_department"", ""taskTypeLogic"": ""process.isapprovalrequired + client approval + job-type nature"", ""partyRoutingDepartment"": 9999}","NORMAL",True,True,174,"SYSTEM","2026-04-16 08:57:33.887592",NULL,"2026-04-16 08:57:33.887592"
"1725",1002,"FULL_DIGITAL",18,18,"CUT","CUT","1011","PROC_START","Paper Cutting Started",NULL,0,"INTERNAL",True,False,False,False,False,False,False,False,False,True,True,False,"P_CUT","[FULL_DIGITAL] Cutting [PROC_START] - {job_no}","Process: Paper Cutting (CUT)
Event: PROC_START
Job No: {job_no}
Work Note: Update step status and part-wise completion in workspace.","4.00","2.00",NULL,"2.00","PENDING",True,NULL,"{""channels"": {""push"": true, ""email"": true, ""workspace"": true}, ""eventType"": ""PROC_START"", ""jobTypeCode"": ""FULL_DIGITAL"", ""jobTypeName"": ""Full Job – Digital Printing"", ""processCode"": ""CUT"", ""printingMode"": ""DIGITAL"", ""isFullProcess"": true, ""isOutsourceJob"": false, ""isSingleProcess"": false, ""isInhouseMaterial"": true, ""isCustomerMaterial"": false, ""allowAdvancePayment"": true, ""requireCostingApproval"": true}","{""model"": ""agentic-workspace-v1"", ""enabled"": true, ""purpose"": ""process-work-guidance""}","{""seededFrom"": ""mst_process + mst_job_type + mst_department"", ""taskTypeLogic"": ""process.isapprovalrequired + client approval + job-type nature"", ""partyRoutingDepartment"": 9999}","NORMAL",True,True,181,"SYSTEM","2026-04-16 08:57:33.887592",NULL,"2026-04-16 08:57:33.887592"
"1726",1002,"FULL_DIGITAL",18,18,"CUT","CUT","1011","TASK_ASSIGNED","Paper Cutting Assigned",NULL,0,"INTERNAL",True,False,False,False,False,False,False,False,False,True,True,False,"P_CUT","[FULL_DIGITAL] Cutting [TASK_ASSIGNED] - {job_no}","Process: Paper Cutting (CUT)
Event: TASK_ASSIGNED
Job No: {job_no}
Work Note: Update step status and part-wise completion in workspace.","4.00","2.00",NULL,"2.00","PENDING",True,NULL,"{""channels"": {""push"": true, ""email"": true, ""workspace"": true}, ""eventType"": ""TASK_ASSIGNED"", ""jobTypeCode"": ""FULL_DIGITAL"", ""jobTypeName"": ""Full Job – Digital Printing"", ""processCode"": ""CUT"", ""printingMode"": ""DIGITAL"", ""isFullProcess"": true, ""isOutsourceJob"": false, ""isSingleProcess"": false, ""isInhouseMaterial"": true, ""isCustomerMaterial"": false, ""allowAdvancePayment"": true, ""requireCostingApproval"": true}","{""model"": ""agentic-workspace-v1"", ""enabled"": true, ""purpose"": ""process-work-guidance""}","{""seededFrom"": ""mst_process + mst_job_type + mst_department"", ""taskTypeLogic"": ""process.isapprovalrequired + client approval + job-type nature"", ""partyRoutingDepartment"": 9999}","NORMAL",True,True,182,"SYSTEM","2026-04-16 08:57:33.887592",NULL,"2026-04-16 08:57:33.887592"
"1727",1002,"FULL_DIGITAL",18,18,"CUT","CUT","1011","TASK_OVERDUE","Paper Cutting Overdue",NULL,0,"INTERNAL",True,False,False,False,False,False,False,False,False,True,True,False,"P_CUT","[FULL_DIGITAL] Cutting [TASK_OVERDUE] - {job_no}","Process: Paper Cutting (CUT)
Event: TASK_OVERDUE
Job No: {job_no}
Work Note: Update step status and part-wise completion in workspace.","4.00","2.00",NULL,"2.00","OVERDUE",False,NULL,"{""channels"": {""push"": true, ""email"": true, ""workspace"": true}, ""eventType"": ""TASK_OVERDUE"", ""jobTypeCode"": ""FULL_DIGITAL"", ""jobTypeName"": ""Full Job – Digital Printing"", ""processCode"": ""CUT"", ""printingMode"": ""DIGITAL"", ""isFullProcess"": true, ""isOutsourceJob"": false, ""isSingleProcess"": false, ""isInhouseMaterial"": true, ""isCustomerMaterial"": false, ""allowAdvancePayment"": true, ""requireCostingApproval"": true}","{""model"": ""agentic-workspace-v1"", ""enabled"": true, ""purpose"": ""process-work-guidance""}","{""seededFrom"": ""mst_process + mst_job_type + mst_department"", ""taskTypeLogic"": ""process.isapprovalrequired + client approval + job-type nature"", ""partyRoutingDepartment"": 9999}","NORMAL",True,True,183,"SYSTEM","2026-04-16 08:57:33.887592",NULL,"2026-04-16 08:57:33.887592"
"1728",1002,"FULL_DIGITAL",18,18,"CUT","CUT","1011","TASK_COMPLETED","Paper Cutting Completed",NULL,0,"INTERNAL",True,False,False,False,False,False,False,False,False,True,True,False,"P_CUT","[FULL_DIGITAL] Cutting [TASK_COMPLETED] - {job_no}","Process: Paper Cutting (CUT)
Event: TASK_COMPLETED
Job No: {job_no}
Work Note: Update step status and part-wise completion in workspace.","4.00","2.00",NULL,"2.00","COMPLETED",False,NULL,"{""channels"": {""push"": true, ""email"": true, ""workspace"": true}, ""eventType"": ""TASK_COMPLETED"", ""jobTypeCode"": ""FULL_DIGITAL"", ""jobTypeName"": ""Full Job – Digital Printing"", ""processCode"": ""CUT"", ""printingMode"": ""DIGITAL"", ""isFullProcess"": true, ""isOutsourceJob"": false, ""isSingleProcess"": false, ""isInhouseMaterial"": true, ""isCustomerMaterial"": false, ""allowAdvancePayment"": true, ""requireCostingApproval"": true}","{""model"": ""agentic-workspace-v1"", ""enabled"": true, ""purpose"": ""process-work-guidance""}","{""seededFrom"": ""mst_process + mst_job_type + mst_department"", ""taskTypeLogic"": ""process.isapprovalrequired + client approval + job-type nature"", ""partyRoutingDepartment"": 9999}","NORMAL",True,True,184,"SYSTEM","2026-04-16 08:57:33.887592",NULL,"2026-04-16 08:57:33.887592"
"1729",1002,"FULL_DIGITAL",19,19,"PRINT","PRINT","1010","PROC_START","Printing Started",NULL,0,"INTERNAL",True,False,False,False,False,False,False,False,False,True,True,False,"P_PRINT","[FULL_DIGITAL] Printing [PROC_START] - {job_no}","Process: Printing (PRINT)
Event: PROC_START
Job No: {job_no}
Work Note: Update step status and part-wise completion in workspace.","12.00","2.00",NULL,"2.00","PENDING",True,NULL,"{""channels"": {""push"": true, ""email"": true, ""workspace"": true}, ""eventType"": ""PROC_START"", ""jobTypeCode"": ""FULL_DIGITAL"", ""jobTypeName"": ""Full Job – Digital Printing"", ""processCode"": ""PRINT"", ""printingMode"": ""DIGITAL"", ""isFullProcess"": true, ""isOutsourceJob"": false, ""isSingleProcess"": false, ""isInhouseMaterial"": true, ""isCustomerMaterial"": false, ""allowAdvancePayment"": true, ""requireCostingApproval"": true}","{""model"": ""agentic-workspace-v1"", ""enabled"": true, ""purpose"": ""process-work-guidance""}","{""seededFrom"": ""mst_process + mst_job_type + mst_department"", ""taskTypeLogic"": ""process.isapprovalrequired + client approval + job-type nature"", ""partyRoutingDepartment"": 9999}","HIGH",True,True,191,"SYSTEM","2026-04-16 08:57:33.887592",NULL,"2026-04-16 08:57:33.887592"
"1730",1002,"FULL_DIGITAL",19,19,"PRINT","PRINT","1010","TASK_ASSIGNED","Printing Assigned",NULL,0,"INTERNAL",True,False,False,False,False,False,False,False,False,True,True,False,"P_PRINT","[FULL_DIGITAL] Printing [TASK_ASSIGNED] - {job_no}","Process: Printing (PRINT)
Event: TASK_ASSIGNED
Job No: {job_no}
Work Note: Update step status and part-wise completion in workspace.","12.00","2.00",NULL,"2.00","PENDING",True,NULL,"{""channels"": {""push"": true, ""email"": true, ""workspace"": true}, ""eventType"": ""TASK_ASSIGNED"", ""jobTypeCode"": ""FULL_DIGITAL"", ""jobTypeName"": ""Full Job – Digital Printing"", ""processCode"": ""PRINT"", ""printingMode"": ""DIGITAL"", ""isFullProcess"": true, ""isOutsourceJob"": false, ""isSingleProcess"": false, ""isInhouseMaterial"": true, ""isCustomerMaterial"": false, ""allowAdvancePayment"": true, ""requireCostingApproval"": true}","{""model"": ""agentic-workspace-v1"", ""enabled"": true, ""purpose"": ""process-work-guidance""}","{""seededFrom"": ""mst_process + mst_job_type + mst_department"", ""taskTypeLogic"": ""process.isapprovalrequired + client approval + job-type nature"", ""partyRoutingDepartment"": 9999}","HIGH",True,True,192,"SYSTEM","2026-04-16 08:57:33.887592",NULL,"2026-04-16 08:57:33.887592"
"1731",1002,"FULL_DIGITAL",19,19,"PRINT","PRINT","1010","TASK_OVERDUE","Printing Overdue",NULL,0,"INTERNAL",True,False,False,False,False,False,False,False,False,True,True,False,"P_PRINT","[FULL_DIGITAL] Printing [TASK_OVERDUE] - {job_no}","Process: Printing (PRINT)
Event: TASK_OVERDUE
Job No: {job_no}
Work Note: Update step status and part-wise completion in workspace.","12.00","2.00",NULL,"2.00","OVERDUE",False,NULL,"{""channels"": {""push"": true, ""email"": true, ""workspace"": true}, ""eventType"": ""TASK_OVERDUE"", ""jobTypeCode"": ""FULL_DIGITAL"", ""jobTypeName"": ""Full Job – Digital Printing"", ""processCode"": ""PRINT"", ""printingMode"": ""DIGITAL"", ""isFullProcess"": true, ""isOutsourceJob"": false, ""isSingleProcess"": false, ""isInhouseMaterial"": true, ""isCustomerMaterial"": false, ""allowAdvancePayment"": true, ""requireCostingApproval"": true}","{""model"": ""agentic-workspace-v1"", ""enabled"": true, ""purpose"": ""process-work-guidance""}","{""seededFrom"": ""mst_process + mst_job_type + mst_department"", ""taskTypeLogic"": ""process.isapprovalrequired + client approval + job-type nature"", ""partyRoutingDepartment"": 9999}","HIGH",True,True,193,"SYSTEM","2026-04-16 08:57:33.887592",NULL,"2026-04-16 08:57:33.887592"
"1732",1002,"FULL_DIGITAL",19,19,"PRINT","PRINT","1010","TASK_COMPLETED","Printing Completed",NULL,0,"INTERNAL",True,False,False,False,False,False,False,False,False,True,True,False,"P_PRINT","[FULL_DIGITAL] Printing [TASK_COMPLETED] - {job_no}","Process: Printing (PRINT)
Event: TASK_COMPLETED
Job No: {job_no}
Work Note: Update step status and part-wise completion in workspace.","12.00","2.00",NULL,"2.00","COMPLETED",False,NULL,"{""channels"": {""push"": true, ""email"": true, ""workspace"": true}, ""eventType"": ""TASK_COMPLETED"", ""jobTypeCode"": ""FULL_DIGITAL"", ""jobTypeName"": ""Full Job – Digital Printing"", ""processCode"": ""PRINT"", ""printingMode"": ""DIGITAL"", ""isFullProcess"": true, ""isOutsourceJob"": false, ""isSingleProcess"": false, ""isInhouseMaterial"": true, ""isCustomerMaterial"": false, ""allowAdvancePayment"": true, ""requireCostingApproval"": true}","{""model"": ""agentic-workspace-v1"", ""enabled"": true, ""purpose"": ""process-work-guidance""}","{""seededFrom"": ""mst_process + mst_job_type + mst_department"", ""taskTypeLogic"": ""process.isapprovalrequired + client approval + job-type nature"", ""partyRoutingDepartment"": 9999}","HIGH",True,True,194,"SYSTEM","2026-04-16 08:57:33.887592",NULL,"2026-04-16 08:57:33.887592"
"1733",1002,"FULL_DIGITAL",20,20,"QC_PROC","QC_PROC","1016","PROC_START","In-Process QC Started",NULL,0,"INTERNAL",True,False,False,False,False,False,False,False,False,True,True,False,"P_QC_PROC","[FULL_DIGITAL] Process QC [PROC_START] - {job_no}","Process: In-Process QC (QC_PROC)
Event: PROC_START
Job No: {job_no}
Work Note: Update step status and part-wise completion in workspace.","4.00","2.00",NULL,"2.00","PENDING",True,NULL,"{""channels"": {""push"": true, ""email"": true, ""workspace"": true}, ""eventType"": ""PROC_START"", ""jobTypeCode"": ""FULL_DIGITAL"", ""jobTypeName"": ""Full Job – Digital Printing"", ""processCode"": ""QC_PROC"", ""printingMode"": ""DIGITAL"", ""isFullProcess"": true, ""isOutsourceJob"": false, ""isSingleProcess"": false, ""isInhouseMaterial"": true, ""isCustomerMaterial"": false, ""allowAdvancePayment"": true, ""requireCostingApproval"": true}","{""model"": ""agentic-workspace-v1"", ""enabled"": true, ""purpose"": ""process-work-guidance""}","{""seededFrom"": ""mst_process + mst_job_type + mst_department"", ""taskTypeLogic"": ""process.isapprovalrequired + client approval + job-type nature"", ""partyRoutingDepartment"": 9999}","NORMAL",True,True,201,"SYSTEM","2026-04-16 08:57:33.887592",NULL,"2026-04-16 08:57:33.887592"
"1734",1002,"FULL_DIGITAL",20,20,"QC_PROC","QC_PROC","1016","TASK_ASSIGNED","In-Process QC Assigned",NULL,0,"INTERNAL",True,False,False,False,False,False,False,False,False,True,True,False,"P_QC_PROC","[FULL_DIGITAL] Process QC [TASK_ASSIGNED] - {job_no}","Process: In-Process QC (QC_PROC)
Event: TASK_ASSIGNED
Job No: {job_no}
Work Note: Update step status and part-wise completion in workspace.","4.00","2.00",NULL,"2.00","PENDING",True,NULL,"{""channels"": {""push"": true, ""email"": true, ""workspace"": true}, ""eventType"": ""TASK_ASSIGNED"", ""jobTypeCode"": ""FULL_DIGITAL"", ""jobTypeName"": ""Full Job – Digital Printing"", ""processCode"": ""QC_PROC"", ""printingMode"": ""DIGITAL"", ""isFullProcess"": true, ""isOutsourceJob"": false, ""isSingleProcess"": false, ""isInhouseMaterial"": true, ""isCustomerMaterial"": false, ""allowAdvancePayment"": true, ""requireCostingApproval"": true}","{""model"": ""agentic-workspace-v1"", ""enabled"": true, ""purpose"": ""process-work-guidance""}","{""seededFrom"": ""mst_process + mst_job_type + mst_department"", ""taskTypeLogic"": ""process.isapprovalrequired + client approval + job-type nature"", ""partyRoutingDepartment"": 9999}","NORMAL",True,True,202,"SYSTEM","2026-04-16 08:57:33.887592",NULL,"2026-04-16 08:57:33.887592"
"1735",1002,"FULL_DIGITAL",20,20,"QC_PROC","QC_PROC","1016","TASK_OVERDUE","In-Process QC Overdue",NULL,0,"INTERNAL",True,False,False,False,False,False,False,False,False,True,True,False,"P_QC_PROC","[FULL_DIGITAL] Process QC [TASK_OVERDUE] - {job_no}","Process: In-Process QC (QC_PROC)
Event: TASK_OVERDUE
Job No: {job_no}
Work Note: Update step status and part-wise completion in workspace.","4.00","2.00",NULL,"2.00","OVERDUE",False,NULL,"{""channels"": {""push"": true, ""email"": true, ""workspace"": true}, ""eventType"": ""TASK_OVERDUE"", ""jobTypeCode"": ""FULL_DIGITAL"", ""jobTypeName"": ""Full Job – Digital Printing"", ""processCode"": ""QC_PROC"", ""printingMode"": ""DIGITAL"", ""isFullProcess"": true, ""isOutsourceJob"": false, ""isSingleProcess"": false, ""isInhouseMaterial"": true, ""isCustomerMaterial"": false, ""allowAdvancePayment"": true, ""requireCostingApproval"": true}","{""model"": ""agentic-workspace-v1"", ""enabled"": true, ""purpose"": ""process-work-guidance""}","{""seededFrom"": ""mst_process + mst_job_type + mst_department"", ""taskTypeLogic"": ""process.isapprovalrequired + client approval + job-type nature"", ""partyRoutingDepartment"": 9999}","NORMAL",True,True,203,"SYSTEM","2026-04-16 08:57:33.887592",NULL,"2026-04-16 08:57:33.887592"
"1736",1002,"FULL_DIGITAL",20,20,"QC_PROC","QC_PROC","1016","TASK_COMPLETED","In-Process QC Completed",NULL,0,"INTERNAL",True,False,False,False,False,False,False,False,False,True,True,False,"P_QC_PROC","[FULL_DIGITAL] Process QC [TASK_COMPLETED] - {job_no}","Process: In-Process QC (QC_PROC)
Event: TASK_COMPLETED
Job No: {job_no}
Work Note: Update step status and part-wise completion in workspace.","4.00","2.00",NULL,"2.00","COMPLETED",False,NULL,"{""channels"": {""push"": true, ""email"": true, ""workspace"": true}, ""eventType"": ""TASK_COMPLETED"", ""jobTypeCode"": ""FULL_DIGITAL"", ""jobTypeName"": ""Full Job – Digital Printing"", ""processCode"": ""QC_PROC"", ""printingMode"": ""DIGITAL"", ""isFullProcess"": true, ""isOutsourceJob"": false, ""isSingleProcess"": false, ""isInhouseMaterial"": true, ""isCustomerMaterial"": false, ""allowAdvancePayment"": true, ""requireCostingApproval"": true}","{""model"": ""agentic-workspace-v1"", ""enabled"": true, ""purpose"": ""process-work-guidance""}","{""seededFrom"": ""mst_process + mst_job_type + mst_department"", ""taskTypeLogic"": ""process.isapprovalrequired + client approval + job-type nature"", ""partyRoutingDepartment"": 9999}","NORMAL",True,True,204,"SYSTEM","2026-04-16 08:57:33.887592",NULL,"2026-04-16 08:57:33.887592"
"1737",1002,"FULL_DIGITAL",21,21,"DRY","DRY","1010","PROC_START","Drying Started",NULL,0,"INTERNAL",True,False,False,False,False,False,False,False,False,True,True,False,"P_DRY","[FULL_DIGITAL] Drying [PROC_START] - {job_no}","Process: Drying (DRY)
Event: PROC_START
Job No: {job_no}
Work Note: Update step status and part-wise completion in workspace.","6.00","2.00",NULL,"2.00","PENDING",True,NULL,"{""channels"": {""push"": true, ""email"": true, ""workspace"": true}, ""eventType"": ""PROC_START"", ""jobTypeCode"": ""FULL_DIGITAL"", ""jobTypeName"": ""Full Job – Digital Printing"", ""processCode"": ""DRY"", ""printingMode"": ""DIGITAL"", ""isFullProcess"": true, ""isOutsourceJob"": false, ""isSingleProcess"": false, ""isInhouseMaterial"": true, ""isCustomerMaterial"": false, ""allowAdvancePayment"": true, ""requireCostingApproval"": true}","{""model"": ""agentic-workspace-v1"", ""enabled"": true, ""purpose"": ""process-work-guidance""}","{""seededFrom"": ""mst_process + mst_job_type + mst_department"", ""taskTypeLogic"": ""process.isapprovalrequired + client approval + job-type nature"", ""partyRoutingDepartment"": 9999}","NORMAL",True,True,211,"SYSTEM","2026-04-16 08:57:33.887592",NULL,"2026-04-16 08:57:33.887592"
"1738",1002,"FULL_DIGITAL",21,21,"DRY","DRY","1010","TASK_ASSIGNED","Drying Assigned",NULL,0,"INTERNAL",True,False,False,False,False,False,False,False,False,True,True,False,"P_DRY","[FULL_DIGITAL] Drying [TASK_ASSIGNED] - {job_no}","Process: Drying (DRY)
Event: TASK_ASSIGNED
Job No: {job_no}
Work Note: Update step status and part-wise completion in workspace.","6.00","2.00",NULL,"2.00","PENDING",True,NULL,"{""channels"": {""push"": true, ""email"": true, ""workspace"": true}, ""eventType"": ""TASK_ASSIGNED"", ""jobTypeCode"": ""FULL_DIGITAL"", ""jobTypeName"": ""Full Job – Digital Printing"", ""processCode"": ""DRY"", ""printingMode"": ""DIGITAL"", ""isFullProcess"": true, ""isOutsourceJob"": false, ""isSingleProcess"": false, ""isInhouseMaterial"": true, ""isCustomerMaterial"": false, ""allowAdvancePayment"": true, ""requireCostingApproval"": true}","{""model"": ""agentic-workspace-v1"", ""enabled"": true, ""purpose"": ""process-work-guidance""}","{""seededFrom"": ""mst_process + mst_job_type + mst_department"", ""taskTypeLogic"": ""process.isapprovalrequired + client approval + job-type nature"", ""partyRoutingDepartment"": 9999}","NORMAL",True,True,212,"SYSTEM","2026-04-16 08:57:33.887592",NULL,"2026-04-16 08:57:33.887592"
"1739",1002,"FULL_DIGITAL",21,21,"DRY","DRY","1010","TASK_OVERDUE","Drying Overdue",NULL,0,"INTERNAL",True,False,False,False,False,False,False,False,False,True,True,False,"P_DRY","[FULL_DIGITAL] Drying [TASK_OVERDUE] - {job_no}","Process: Drying (DRY)
Event: TASK_OVERDUE
Job No: {job_no}
Work Note: Update step status and part-wise completion in workspace.","6.00","2.00",NULL,"2.00","OVERDUE",False,NULL,"{""channels"": {""push"": true, ""email"": true, ""workspace"": true}, ""eventType"": ""TASK_OVERDUE"", ""jobTypeCode"": ""FULL_DIGITAL"", ""jobTypeName"": ""Full Job – Digital Printing"", ""processCode"": ""DRY"", ""printingMode"": ""DIGITAL"", ""isFullProcess"": true, ""isOutsourceJob"": false, ""isSingleProcess"": false, ""isInhouseMaterial"": true, ""isCustomerMaterial"": false, ""allowAdvancePayment"": true, ""requireCostingApproval"": true}","{""model"": ""agentic-workspace-v1"", ""enabled"": true, ""purpose"": ""process-work-guidance""}","{""seededFrom"": ""mst_process + mst_job_type + mst_department"", ""taskTypeLogic"": ""process.isapprovalrequired + client approval + job-type nature"", ""partyRoutingDepartment"": 9999}","NORMAL",True,True,213,"SYSTEM","2026-04-16 08:57:33.887592",NULL,"2026-04-16 08:57:33.887592"
"1740",1002,"FULL_DIGITAL",21,21,"DRY","DRY","1010","TASK_COMPLETED","Drying Completed",NULL,0,"INTERNAL",True,False,False,False,False,False,False,False,False,True,True,False,"P_DRY","[FULL_DIGITAL] Drying [TASK_COMPLETED] - {job_no}","Process: Drying (DRY)
Event: TASK_COMPLETED
Job No: {job_no}
Work Note: Update step status and part-wise completion in workspace.","6.00","2.00",NULL,"2.00","COMPLETED",False,NULL,"{""channels"": {""push"": true, ""email"": true, ""workspace"": true}, ""eventType"": ""TASK_COMPLETED"", ""jobTypeCode"": ""FULL_DIGITAL"", ""jobTypeName"": ""Full Job – Digital Printing"", ""processCode"": ""DRY"", ""printingMode"": ""DIGITAL"", ""isFullProcess"": true, ""isOutsourceJob"": false, ""isSingleProcess"": false, ""isInhouseMaterial"": true, ""isCustomerMaterial"": false, ""allowAdvancePayment"": true, ""requireCostingApproval"": true}","{""model"": ""agentic-workspace-v1"", ""enabled"": true, ""purpose"": ""process-work-guidance""}","{""seededFrom"": ""mst_process + mst_job_type + mst_department"", ""taskTypeLogic"": ""process.isapprovalrequired + client approval + job-type nature"", ""partyRoutingDepartment"": 9999}","NORMAL",True,True,214,"SYSTEM","2026-04-16 08:57:33.887592",NULL,"2026-04-16 08:57:33.887592"
"1741",1002,"FULL_DIGITAL",22,22,"POST_PRESS","POST_PRESS","1011","PROC_START","Post Press Finishing Started",NULL,0,"INTERNAL",True,False,False,False,False,False,False,False,False,True,True,False,"P_POST","[FULL_DIGITAL] Post Press [PROC_START] - {job_no}","Process: Post Press Finishing (POST_PRESS)
Event: PROC_START
Job No: {job_no}
Work Note: Update step status and part-wise completion in workspace.","8.00","2.00",NULL,"2.00","PENDING",True,NULL,"{""channels"": {""push"": true, ""email"": true, ""workspace"": true}, ""eventType"": ""PROC_START"", ""jobTypeCode"": ""FULL_DIGITAL"", ""jobTypeName"": ""Full Job – Digital Printing"", ""processCode"": ""POST_PRESS"", ""printingMode"": ""DIGITAL"", ""isFullProcess"": true, ""isOutsourceJob"": false, ""isSingleProcess"": false, ""isInhouseMaterial"": true, ""isCustomerMaterial"": false, ""allowAdvancePayment"": true, ""requireCostingApproval"": true}","{""model"": ""agentic-workspace-v1"", ""enabled"": true, ""purpose"": ""process-work-guidance""}","{""seededFrom"": ""mst_process + mst_job_type + mst_department"", ""taskTypeLogic"": ""process.isapprovalrequired + client approval + job-type nature"", ""partyRoutingDepartment"": 9999}","NORMAL",True,True,221,"SYSTEM","2026-04-16 08:57:33.887592",NULL,"2026-04-16 08:57:33.887592"
"1742",1002,"FULL_DIGITAL",22,22,"POST_PRESS","POST_PRESS","1011","TASK_ASSIGNED","Post Press Finishing Assigned",NULL,0,"INTERNAL",True,False,False,False,False,False,False,False,False,True,True,False,"P_POST","[FULL_DIGITAL] Post Press [TASK_ASSIGNED] - {job_no}","Process: Post Press Finishing (POST_PRESS)
Event: TASK_ASSIGNED
Job No: {job_no}
Work Note: Update step status and part-wise completion in workspace.","8.00","2.00",NULL,"2.00","PENDING",True,NULL,"{""channels"": {""push"": true, ""email"": true, ""workspace"": true}, ""eventType"": ""TASK_ASSIGNED"", ""jobTypeCode"": ""FULL_DIGITAL"", ""jobTypeName"": ""Full Job – Digital Printing"", ""processCode"": ""POST_PRESS"", ""printingMode"": ""DIGITAL"", ""isFullProcess"": true, ""isOutsourceJob"": false, ""isSingleProcess"": false, ""isInhouseMaterial"": true, ""isCustomerMaterial"": false, ""allowAdvancePayment"": true, ""requireCostingApproval"": true}","{""model"": ""agentic-workspace-v1"", ""enabled"": true, ""purpose"": ""process-work-guidance""}","{""seededFrom"": ""mst_process + mst_job_type + mst_department"", ""taskTypeLogic"": ""process.isapprovalrequired + client approval + job-type nature"", ""partyRoutingDepartment"": 9999}","NORMAL",True,True,222,"SYSTEM","2026-04-16 08:57:33.887592",NULL,"2026-04-16 08:57:33.887592"
"1743",1002,"FULL_DIGITAL",22,22,"POST_PRESS","POST_PRESS","1011","TASK_OVERDUE","Post Press Finishing Overdue",NULL,0,"INTERNAL",True,False,False,False,False,False,False,False,False,True,True,False,"P_POST","[FULL_DIGITAL] Post Press [TASK_OVERDUE] - {job_no}","Process: Post Press Finishing (POST_PRESS)
Event: TASK_OVERDUE
Job No: {job_no}
Work Note: Update step status and part-wise completion in workspace.","8.00","2.00",NULL,"2.00","OVERDUE",False,NULL,"{""channels"": {""push"": true, ""email"": true, ""workspace"": true}, ""eventType"": ""TASK_OVERDUE"", ""jobTypeCode"": ""FULL_DIGITAL"", ""jobTypeName"": ""Full Job – Digital Printing"", ""processCode"": ""POST_PRESS"", ""printingMode"": ""DIGITAL"", ""isFullProcess"": true, ""isOutsourceJob"": false, ""isSingleProcess"": false, ""isInhouseMaterial"": true, ""isCustomerMaterial"": false, ""allowAdvancePayment"": true, ""requireCostingApproval"": true}","{""model"": ""agentic-workspace-v1"", ""enabled"": true, ""purpose"": ""process-work-guidance""}","{""seededFrom"": ""mst_process + mst_job_type + mst_department"", ""taskTypeLogic"": ""process.isapprovalrequired + client approval + job-type nature"", ""partyRoutingDepartment"": 9999}","NORMAL",True,True,223,"SYSTEM","2026-04-16 08:57:33.887592",NULL,"2026-04-16 08:57:33.887592"
"1744",1002,"FULL_DIGITAL",22,22,"POST_PRESS","POST_PRESS","1011","TASK_COMPLETED","Post Press Finishing Completed",NULL,0,"INTERNAL",True,False,False,False,False,False,False,False,False,True,True,False,"P_POST","[FULL_DIGITAL] Post Press [TASK_COMPLETED] - {job_no}","Process: Post Press Finishing (POST_PRESS)
Event: TASK_COMPLETED
Job No: {job_no}
Work Note: Update step status and part-wise completion in workspace.","8.00","2.00",NULL,"2.00","COMPLETED",False,NULL,"{""channels"": {""push"": true, ""email"": true, ""workspace"": true}, ""eventType"": ""TASK_COMPLETED"", ""jobTypeCode"": ""FULL_DIGITAL"", ""jobTypeName"": ""Full Job – Digital Printing"", ""processCode"": ""POST_PRESS"", ""printingMode"": ""DIGITAL"", ""isFullProcess"": true, ""isOutsourceJob"": false, ""isSingleProcess"": false, ""isInhouseMaterial"": true, ""isCustomerMaterial"": false, ""allowAdvancePayment"": true, ""requireCostingApproval"": true}","{""model"": ""agentic-workspace-v1"", ""enabled"": true, ""purpose"": ""process-work-guidance""}","{""seededFrom"": ""mst_process + mst_job_type + mst_department"", ""taskTypeLogic"": ""process.isapprovalrequired + client approval + job-type nature"", ""partyRoutingDepartment"": 9999}","NORMAL",True,True,224,"SYSTEM","2026-04-16 08:57:33.887592",NULL,"2026-04-16 08:57:33.887592"
"1745",1002,"FULL_DIGITAL",23,23,"FOLD","FOLD","1011","PROC_START","Folding Started",NULL,0,"INTERNAL",True,False,False,False,False,False,False,False,False,True,True,False,"P_FOLD","[FULL_DIGITAL] Folding [PROC_START] - {job_no}","Process: Folding (FOLD)
Event: PROC_START
Job No: {job_no}
Work Note: Update step status and part-wise completion in workspace.","4.00","2.00",NULL,"2.00","PENDING",True,NULL,"{""channels"": {""push"": true, ""email"": true, ""workspace"": true}, ""eventType"": ""PROC_START"", ""jobTypeCode"": ""FULL_DIGITAL"", ""jobTypeName"": ""Full Job – Digital Printing"", ""processCode"": ""FOLD"", ""printingMode"": ""DIGITAL"", ""isFullProcess"": true, ""isOutsourceJob"": false, ""isSingleProcess"": false, ""isInhouseMaterial"": true, ""isCustomerMaterial"": false, ""allowAdvancePayment"": true, ""requireCostingApproval"": true}","{""model"": ""agentic-workspace-v1"", ""enabled"": true, ""purpose"": ""process-work-guidance""}","{""seededFrom"": ""mst_process + mst_job_type + mst_department"", ""taskTypeLogic"": ""process.isapprovalrequired + client approval + job-type nature"", ""partyRoutingDepartment"": 9999}","NORMAL",True,True,231,"SYSTEM","2026-04-16 08:57:33.887592",NULL,"2026-04-16 08:57:33.887592"
"1746",1002,"FULL_DIGITAL",23,23,"FOLD","FOLD","1011","TASK_ASSIGNED","Folding Assigned",NULL,0,"INTERNAL",True,False,False,False,False,False,False,False,False,True,True,False,"P_FOLD","[FULL_DIGITAL] Folding [TASK_ASSIGNED] - {job_no}","Process: Folding (FOLD)
Event: TASK_ASSIGNED
Job No: {job_no}
Work Note: Update step status and part-wise completion in workspace.","4.00","2.00",NULL,"2.00","PENDING",True,NULL,"{""channels"": {""push"": true, ""email"": true, ""workspace"": true}, ""eventType"": ""TASK_ASSIGNED"", ""jobTypeCode"": ""FULL_DIGITAL"", ""jobTypeName"": ""Full Job – Digital Printing"", ""processCode"": ""FOLD"", ""printingMode"": ""DIGITAL"", ""isFullProcess"": true, ""isOutsourceJob"": false, ""isSingleProcess"": false, ""isInhouseMaterial"": true, ""isCustomerMaterial"": false, ""allowAdvancePayment"": true, ""requireCostingApproval"": true}","{""model"": ""agentic-workspace-v1"", ""enabled"": true, ""purpose"": ""process-work-guidance""}","{""seededFrom"": ""mst_process + mst_job_type + mst_department"", ""taskTypeLogic"": ""process.isapprovalrequired + client approval + job-type nature"", ""partyRoutingDepartment"": 9999}","NORMAL",True,True,232,"SYSTEM","2026-04-16 08:57:33.887592",NULL,"2026-04-16 08:57:33.887592"
"1747",1002,"FULL_DIGITAL",23,23,"FOLD","FOLD","1011","TASK_OVERDUE","Folding Overdue",NULL,0,"INTERNAL",True,False,False,False,False,False,False,False,False,True,True,False,"P_FOLD","[FULL_DIGITAL] Folding [TASK_OVERDUE] - {job_no}","Process: Folding (FOLD)
Event: TASK_OVERDUE
Job No: {job_no}
Work Note: Update step status and part-wise completion in workspace.","4.00","2.00",NULL,"2.00","OVERDUE",False,NULL,"{""channels"": {""push"": true, ""email"": true, ""workspace"": true}, ""eventType"": ""TASK_OVERDUE"", ""jobTypeCode"": ""FULL_DIGITAL"", ""jobTypeName"": ""Full Job – Digital Printing"", ""processCode"": ""FOLD"", ""printingMode"": ""DIGITAL"", ""isFullProcess"": true, ""isOutsourceJob"": false, ""isSingleProcess"": false, ""isInhouseMaterial"": true, ""isCustomerMaterial"": false, ""allowAdvancePayment"": true, ""requireCostingApproval"": true}","{""model"": ""agentic-workspace-v1"", ""enabled"": true, ""purpose"": ""process-work-guidance""}","{""seededFrom"": ""mst_process + mst_job_type + mst_department"", ""taskTypeLogic"": ""process.isapprovalrequired + client approval + job-type nature"", ""partyRoutingDepartment"": 9999}","NORMAL",True,True,233,"SYSTEM","2026-04-16 08:57:33.887592",NULL,"2026-04-16 08:57:33.887592"
"1748",1002,"FULL_DIGITAL",23,23,"FOLD","FOLD","1011","TASK_COMPLETED","Folding Completed",NULL,0,"INTERNAL",True,False,False,False,False,False,False,False,False,True,True,False,"P_FOLD","[FULL_DIGITAL] Folding [TASK_COMPLETED] - {job_no}","Process: Folding (FOLD)
Event: TASK_COMPLETED
Job No: {job_no}
Work Note: Update step status and part-wise completion in workspace.","4.00","2.00",NULL,"2.00","COMPLETED",False,NULL,"{""channels"": {""push"": true, ""email"": true, ""workspace"": true}, ""eventType"": ""TASK_COMPLETED"", ""jobTypeCode"": ""FULL_DIGITAL"", ""jobTypeName"": ""Full Job – Digital Printing"", ""processCode"": ""FOLD"", ""printingMode"": ""DIGITAL"", ""isFullProcess"": true, ""isOutsourceJob"": false, ""isSingleProcess"": false, ""isInhouseMaterial"": true, ""isCustomerMaterial"": false, ""allowAdvancePayment"": true, ""requireCostingApproval"": true}","{""model"": ""agentic-workspace-v1"", ""enabled"": true, ""purpose"": ""process-work-guidance""}","{""seededFrom"": ""mst_process + mst_job_type + mst_department"", ""taskTypeLogic"": ""process.isapprovalrequired + client approval + job-type nature"", ""partyRoutingDepartment"": 9999}","NORMAL",True,True,234,"SYSTEM","2026-04-16 08:57:33.887592",NULL,"2026-04-16 08:57:33.887592"
"1749",1002,"FULL_DIGITAL",24,24,"BIND","BIND","1011","PROC_START","Binding Started",NULL,0,"INTERNAL",True,False,False,False,False,False,False,False,False,True,True,False,"P_BIND","[FULL_DIGITAL] Binding [PROC_START] - {job_no}","Process: Binding (BIND)
Event: PROC_START
Job No: {job_no}
Work Note: Update step status and part-wise completion in workspace.","8.00","2.00",NULL,"2.00","PENDING",True,NULL,"{""channels"": {""push"": true, ""email"": true, ""workspace"": true}, ""eventType"": ""PROC_START"", ""jobTypeCode"": ""FULL_DIGITAL"", ""jobTypeName"": ""Full Job – Digital Printing"", ""processCode"": ""BIND"", ""printingMode"": ""DIGITAL"", ""isFullProcess"": true, ""isOutsourceJob"": false, ""isSingleProcess"": false, ""isInhouseMaterial"": true, ""isCustomerMaterial"": false, ""allowAdvancePayment"": true, ""requireCostingApproval"": true}","{""model"": ""agentic-workspace-v1"", ""enabled"": true, ""purpose"": ""process-work-guidance""}","{""seededFrom"": ""mst_process + mst_job_type + mst_department"", ""taskTypeLogic"": ""process.isapprovalrequired + client approval + job-type nature"", ""partyRoutingDepartment"": 9999}","NORMAL",True,True,241,"SYSTEM","2026-04-16 08:57:33.887592",NULL,"2026-04-16 08:57:33.887592"
"1750",1002,"FULL_DIGITAL",24,24,"BIND","BIND","1011","TASK_ASSIGNED","Binding Assigned",NULL,0,"INTERNAL",True,False,False,False,False,False,False,False,False,True,True,False,"P_BIND","[FULL_DIGITAL] Binding [TASK_ASSIGNED] - {job_no}","Process: Binding (BIND)
Event: TASK_ASSIGNED
Job No: {job_no}
Work Note: Update step status and part-wise completion in workspace.","8.00","2.00",NULL,"2.00","PENDING",True,NULL,"{""channels"": {""push"": true, ""email"": true, ""workspace"": true}, ""eventType"": ""TASK_ASSIGNED"", ""jobTypeCode"": ""FULL_DIGITAL"", ""jobTypeName"": ""Full Job – Digital Printing"", ""processCode"": ""BIND"", ""printingMode"": ""DIGITAL"", ""isFullProcess"": true, ""isOutsourceJob"": false, ""isSingleProcess"": false, ""isInhouseMaterial"": true, ""isCustomerMaterial"": false, ""allowAdvancePayment"": true, ""requireCostingApproval"": true}","{""model"": ""agentic-workspace-v1"", ""enabled"": true, ""purpose"": ""process-work-guidance""}","{""seededFrom"": ""mst_process + mst_job_type + mst_department"", ""taskTypeLogic"": ""process.isapprovalrequired + client approval + job-type nature"", ""partyRoutingDepartment"": 9999}","NORMAL",True,True,242,"SYSTEM","2026-04-16 08:57:33.887592",NULL,"2026-04-16 08:57:33.887592"
"1751",1002,"FULL_DIGITAL",24,24,"BIND","BIND","1011","TASK_OVERDUE","Binding Overdue",NULL,0,"INTERNAL",True,False,False,False,False,False,False,False,False,True,True,False,"P_BIND","[FULL_DIGITAL] Binding [TASK_OVERDUE] - {job_no}","Process: Binding (BIND)
Event: TASK_OVERDUE
Job No: {job_no}
Work Note: Update step status and part-wise completion in workspace.","8.00","2.00",NULL,"2.00","OVERDUE",False,NULL,"{""channels"": {""push"": true, ""email"": true, ""workspace"": true}, ""eventType"": ""TASK_OVERDUE"", ""jobTypeCode"": ""FULL_DIGITAL"", ""jobTypeName"": ""Full Job – Digital Printing"", ""processCode"": ""BIND"", ""printingMode"": ""DIGITAL"", ""isFullProcess"": true, ""isOutsourceJob"": false, ""isSingleProcess"": false, ""isInhouseMaterial"": true, ""isCustomerMaterial"": false, ""allowAdvancePayment"": true, ""requireCostingApproval"": true}","{""model"": ""agentic-workspace-v1"", ""enabled"": true, ""purpose"": ""process-work-guidance""}","{""seededFrom"": ""mst_process + mst_job_type + mst_department"", ""taskTypeLogic"": ""process.isapprovalrequired + client approval + job-type nature"", ""partyRoutingDepartment"": 9999}","NORMAL",True,True,243,"SYSTEM","2026-04-16 08:57:33.887592",NULL,"2026-04-16 08:57:33.887592"
"1752",1002,"FULL_DIGITAL",24,24,"BIND","BIND","1011","TASK_COMPLETED","Binding Completed",NULL,0,"INTERNAL",True,False,False,False,False,False,False,False,False,True,True,False,"P_BIND","[FULL_DIGITAL] Binding [TASK_COMPLETED] - {job_no}","Process: Binding (BIND)
Event: TASK_COMPLETED
Job No: {job_no}
Work Note: Update step status and part-wise completion in workspace.","8.00","2.00",NULL,"2.00","COMPLETED",False,NULL,"{""channels"": {""push"": true, ""email"": true, ""workspace"": true}, ""eventType"": ""TASK_COMPLETED"", ""jobTypeCode"": ""FULL_DIGITAL"", ""jobTypeName"": ""Full Job – Digital Printing"", ""processCode"": ""BIND"", ""printingMode"": ""DIGITAL"", ""isFullProcess"": true, ""isOutsourceJob"": false, ""isSingleProcess"": false, ""isInhouseMaterial"": true, ""isCustomerMaterial"": false, ""allowAdvancePayment"": true, ""requireCostingApproval"": true}","{""model"": ""agentic-workspace-v1"", ""enabled"": true, ""purpose"": ""process-work-guidance""}","{""seededFrom"": ""mst_process + mst_job_type + mst_department"", ""taskTypeLogic"": ""process.isapprovalrequired + client approval + job-type nature"", ""partyRoutingDepartment"": 9999}","NORMAL",True,True,244,"SYSTEM","2026-04-16 08:57:33.887592",NULL,"2026-04-16 08:57:33.887592"
"1753",1002,"FULL_DIGITAL",25,25,"TRIM","TRIM","1011","PROC_START","Final Trim Started",NULL,0,"INTERNAL",True,False,False,False,False,False,False,False,False,True,True,False,"P_TRIM","[FULL_DIGITAL] Trimming [PROC_START] - {job_no}","Process: Final Trim (TRIM)
Event: PROC_START
Job No: {job_no}
Work Note: Update step status and part-wise completion in workspace.","4.00","2.00",NULL,"2.00","PENDING",True,NULL,"{""channels"": {""push"": true, ""email"": true, ""workspace"": true}, ""eventType"": ""PROC_START"", ""jobTypeCode"": ""FULL_DIGITAL"", ""jobTypeName"": ""Full Job – Digital Printing"", ""processCode"": ""TRIM"", ""printingMode"": ""DIGITAL"", ""isFullProcess"": true, ""isOutsourceJob"": false, ""isSingleProcess"": false, ""isInhouseMaterial"": true, ""isCustomerMaterial"": false, ""allowAdvancePayment"": true, ""requireCostingApproval"": true}","{""model"": ""agentic-workspace-v1"", ""enabled"": true, ""purpose"": ""process-work-guidance""}","{""seededFrom"": ""mst_process + mst_job_type + mst_department"", ""taskTypeLogic"": ""process.isapprovalrequired + client approval + job-type nature"", ""partyRoutingDepartment"": 9999}","NORMAL",True,True,251,"SYSTEM","2026-04-16 08:57:33.887592",NULL,"2026-04-16 08:57:33.887592"
"1754",1002,"FULL_DIGITAL",25,25,"TRIM","TRIM","1011","TASK_ASSIGNED","Final Trim Assigned",NULL,0,"INTERNAL",True,False,False,False,False,False,False,False,False,True,True,False,"P_TRIM","[FULL_DIGITAL] Trimming [TASK_ASSIGNED] - {job_no}","Process: Final Trim (TRIM)
Event: TASK_ASSIGNED
Job No: {job_no}
Work Note: Update step status and part-wise completion in workspace.","4.00","2.00",NULL,"2.00","PENDING",True,NULL,"{""channels"": {""push"": true, ""email"": true, ""workspace"": true}, ""eventType"": ""TASK_ASSIGNED"", ""jobTypeCode"": ""FULL_DIGITAL"", ""jobTypeName"": ""Full Job – Digital Printing"", ""processCode"": ""TRIM"", ""printingMode"": ""DIGITAL"", ""isFullProcess"": true, ""isOutsourceJob"": false, ""isSingleProcess"": false, ""isInhouseMaterial"": true, ""isCustomerMaterial"": false, ""allowAdvancePayment"": true, ""requireCostingApproval"": true}","{""model"": ""agentic-workspace-v1"", ""enabled"": true, ""purpose"": ""process-work-guidance""}","{""seededFrom"": ""mst_process + mst_job_type + mst_department"", ""taskTypeLogic"": ""process.isapprovalrequired + client approval + job-type nature"", ""partyRoutingDepartment"": 9999}","NORMAL",True,True,252,"SYSTEM","2026-04-16 08:57:33.887592",NULL,"2026-04-16 08:57:33.887592"
"1755",1002,"FULL_DIGITAL",25,25,"TRIM","TRIM","1011","TASK_OVERDUE","Final Trim Overdue",NULL,0,"INTERNAL",True,False,False,False,False,False,False,False,False,True,True,False,"P_TRIM","[FULL_DIGITAL] Trimming [TASK_OVERDUE] - {job_no}","Process: Final Trim (TRIM)
Event: TASK_OVERDUE
Job No: {job_no}
Work Note: Update step status and part-wise completion in workspace.","4.00","2.00",NULL,"2.00","OVERDUE",False,NULL,"{""channels"": {""push"": true, ""email"": true, ""workspace"": true}, ""eventType"": ""TASK_OVERDUE"", ""jobTypeCode"": ""FULL_DIGITAL"", ""jobTypeName"": ""Full Job – Digital Printing"", ""processCode"": ""TRIM"", ""printingMode"": ""DIGITAL"", ""isFullProcess"": true, ""isOutsourceJob"": false, ""isSingleProcess"": false, ""isInhouseMaterial"": true, ""isCustomerMaterial"": false, ""allowAdvancePayment"": true, ""requireCostingApproval"": true}","{""model"": ""agentic-workspace-v1"", ""enabled"": true, ""purpose"": ""process-work-guidance""}","{""seededFrom"": ""mst_process + mst_job_type + mst_department"", ""taskTypeLogic"": ""process.isapprovalrequired + client approval + job-type nature"", ""partyRoutingDepartment"": 9999}","NORMAL",True,True,253,"SYSTEM","2026-04-16 08:57:33.887592",NULL,"2026-04-16 08:57:33.887592"
"1756",1002,"FULL_DIGITAL",25,25,"TRIM","TRIM","1011","TASK_COMPLETED","Final Trim Completed",NULL,0,"INTERNAL",True,False,False,False,False,False,False,False,False,True,True,False,"P_TRIM","[FULL_DIGITAL] Trimming [TASK_COMPLETED] - {job_no}","Process: Final Trim (TRIM)
Event: TASK_COMPLETED
Job No: {job_no}
Work Note: Update step status and part-wise completion in workspace.","4.00","2.00",NULL,"2.00","COMPLETED",False,NULL,"{""channels"": {""push"": true, ""email"": true, ""workspace"": true}, ""eventType"": ""TASK_COMPLETED"", ""jobTypeCode"": ""FULL_DIGITAL"", ""jobTypeName"": ""Full Job – Digital Printing"", ""processCode"": ""TRIM"", ""printingMode"": ""DIGITAL"", ""isFullProcess"": true, ""isOutsourceJob"": false, ""isSingleProcess"": false, ""isInhouseMaterial"": true, ""isCustomerMaterial"": false, ""allowAdvancePayment"": true, ""requireCostingApproval"": true}","{""model"": ""agentic-workspace-v1"", ""enabled"": true, ""purpose"": ""process-work-guidance""}","{""seededFrom"": ""mst_process + mst_job_type + mst_department"", ""taskTypeLogic"": ""process.isapprovalrequired + client approval + job-type nature"", ""partyRoutingDepartment"": 9999}","NORMAL",True,True,254,"SYSTEM","2026-04-16 08:57:33.887592",NULL,"2026-04-16 08:57:33.887592"
"1757",1002,"FULL_DIGITAL",26,26,"QC_POST","QC_POST","1016","PROC_START","Post Press QC Started",NULL,1,"INTERNAL",True,True,False,True,False,False,False,False,False,True,True,False,"P_QC_POST","[FULL_DIGITAL] Post QC [PROC_START] - {job_no}","Process: Post Press QC (QC_POST)
Event: PROC_START
Job No: {job_no}
Work Note: Update step status and part-wise completion in workspace.","4.00","2.00","DEPT_HEAD","2.00","PENDING",True,NULL,"{""channels"": {""push"": true, ""email"": true, ""workspace"": true}, ""eventType"": ""PROC_START"", ""jobTypeCode"": ""FULL_DIGITAL"", ""jobTypeName"": ""Full Job – Digital Printing"", ""processCode"": ""QC_POST"", ""printingMode"": ""DIGITAL"", ""isFullProcess"": true, ""isOutsourceJob"": false, ""isSingleProcess"": false, ""isInhouseMaterial"": true, ""isCustomerMaterial"": false, ""allowAdvancePayment"": true, ""requireCostingApproval"": true}","{""model"": ""agentic-workspace-v1"", ""enabled"": true, ""purpose"": ""process-work-guidance""}","{""seededFrom"": ""mst_process + mst_job_type + mst_department"", ""taskTypeLogic"": ""process.isapprovalrequired + client approval + job-type nature"", ""partyRoutingDepartment"": 9999}","HIGH",True,True,261,"SYSTEM","2026-04-16 08:57:33.887592",NULL,"2026-04-16 08:57:33.887592"
"1758",1002,"FULL_DIGITAL",26,26,"QC_POST","QC_POST","1016","TASK_ASSIGNED","Post Press QC Assigned",NULL,1,"INTERNAL",True,True,False,True,False,False,False,False,False,True,True,False,"P_QC_POST","[FULL_DIGITAL] Post QC [TASK_ASSIGNED] - {job_no}","Process: Post Press QC (QC_POST)
Event: TASK_ASSIGNED
Job No: {job_no}
Work Note: Update step status and part-wise completion in workspace.","4.00","2.00","DEPT_HEAD","2.00","PENDING",True,NULL,"{""channels"": {""push"": true, ""email"": true, ""workspace"": true}, ""eventType"": ""TASK_ASSIGNED"", ""jobTypeCode"": ""FULL_DIGITAL"", ""jobTypeName"": ""Full Job – Digital Printing"", ""processCode"": ""QC_POST"", ""printingMode"": ""DIGITAL"", ""isFullProcess"": true, ""isOutsourceJob"": false, ""isSingleProcess"": false, ""isInhouseMaterial"": true, ""isCustomerMaterial"": false, ""allowAdvancePayment"": true, ""requireCostingApproval"": true}","{""model"": ""agentic-workspace-v1"", ""enabled"": true, ""purpose"": ""process-work-guidance""}","{""seededFrom"": ""mst_process + mst_job_type + mst_department"", ""taskTypeLogic"": ""process.isapprovalrequired + client approval + job-type nature"", ""partyRoutingDepartment"": 9999}","HIGH",True,True,262,"SYSTEM","2026-04-16 08:57:33.887592",NULL,"2026-04-16 08:57:33.887592"
"1759",1002,"FULL_DIGITAL",26,26,"QC_POST","QC_POST","1016","TASK_OVERDUE","Post Press QC Overdue",NULL,1,"INTERNAL",True,True,False,True,False,False,False,False,False,True,True,False,"P_QC_POST","[FULL_DIGITAL] Post QC [TASK_OVERDUE] - {job_no}","Process: Post Press QC (QC_POST)
Event: TASK_OVERDUE
Job No: {job_no}
Work Note: Update step status and part-wise completion in workspace.","4.00","2.00","DEPT_HEAD","2.00","OVERDUE",False,NULL,"{""channels"": {""push"": true, ""email"": true, ""workspace"": true}, ""eventType"": ""TASK_OVERDUE"", ""jobTypeCode"": ""FULL_DIGITAL"", ""jobTypeName"": ""Full Job – Digital Printing"", ""processCode"": ""QC_POST"", ""printingMode"": ""DIGITAL"", ""isFullProcess"": true, ""isOutsourceJob"": false, ""isSingleProcess"": false, ""isInhouseMaterial"": true, ""isCustomerMaterial"": false, ""allowAdvancePayment"": true, ""requireCostingApproval"": true}","{""model"": ""agentic-workspace-v1"", ""enabled"": true, ""purpose"": ""process-work-guidance""}","{""seededFrom"": ""mst_process + mst_job_type + mst_department"", ""taskTypeLogic"": ""process.isapprovalrequired + client approval + job-type nature"", ""partyRoutingDepartment"": 9999}","HIGH",True,True,263,"SYSTEM","2026-04-16 08:57:33.887592",NULL,"2026-04-16 08:57:33.887592"
"1760",1002,"FULL_DIGITAL",26,26,"QC_POST","QC_POST","1016","TASK_COMPLETED","Post Press QC Completed",NULL,1,"INTERNAL",True,True,False,True,False,False,False,False,False,True,True,False,"P_QC_POST","[FULL_DIGITAL] Post QC [TASK_COMPLETED] - {job_no}","Process: Post Press QC (QC_POST)
Event: TASK_COMPLETED
Job No: {job_no}
Work Note: Update step status and part-wise completion in workspace.","4.00","2.00","DEPT_HEAD","2.00","COMPLETED",False,NULL,"{""channels"": {""push"": true, ""email"": true, ""workspace"": true}, ""eventType"": ""TASK_COMPLETED"", ""jobTypeCode"": ""FULL_DIGITAL"", ""jobTypeName"": ""Full Job – Digital Printing"", ""processCode"": ""QC_POST"", ""printingMode"": ""DIGITAL"", ""isFullProcess"": true, ""isOutsourceJob"": false, ""isSingleProcess"": false, ""isInhouseMaterial"": true, ""isCustomerMaterial"": false, ""allowAdvancePayment"": true, ""requireCostingApproval"": true}","{""model"": ""agentic-workspace-v1"", ""enabled"": true, ""purpose"": ""process-work-guidance""}","{""seededFrom"": ""mst_process + mst_job_type + mst_department"", ""taskTypeLogic"": ""process.isapprovalrequired + client approval + job-type nature"", ""partyRoutingDepartment"": 9999}","HIGH",True,True,264,"SYSTEM","2026-04-16 08:57:33.887592",NULL,"2026-04-16 08:57:33.887592"
"1761",1002,"FULL_DIGITAL",27,27,"PACK","PACK","1012","PROC_START","Packing Started",NULL,0,"INTERNAL",True,False,False,False,False,False,False,False,False,True,True,False,"P_PACK","[FULL_DIGITAL] Packing [PROC_START] - {job_no}","Process: Packing (PACK)
Event: PROC_START
Job No: {job_no}
Work Note: Update step status and part-wise completion in workspace.","3.00","2.00",NULL,"2.00","PENDING",True,NULL,"{""channels"": {""push"": true, ""email"": true, ""workspace"": true}, ""eventType"": ""PROC_START"", ""jobTypeCode"": ""FULL_DIGITAL"", ""jobTypeName"": ""Full Job – Digital Printing"", ""processCode"": ""PACK"", ""printingMode"": ""DIGITAL"", ""isFullProcess"": true, ""isOutsourceJob"": false, ""isSingleProcess"": false, ""isInhouseMaterial"": true, ""isCustomerMaterial"": false, ""allowAdvancePayment"": true, ""requireCostingApproval"": true}","{""model"": ""agentic-workspace-v1"", ""enabled"": true, ""purpose"": ""process-work-guidance""}","{""seededFrom"": ""mst_process + mst_job_type + mst_department"", ""taskTypeLogic"": ""process.isapprovalrequired + client approval + job-type nature"", ""partyRoutingDepartment"": 9999}","NORMAL",True,True,271,"SYSTEM","2026-04-16 08:57:33.887592",NULL,"2026-04-16 08:57:33.887592"
"1762",1002,"FULL_DIGITAL",27,27,"PACK","PACK","1012","TASK_ASSIGNED","Packing Assigned",NULL,0,"INTERNAL",True,False,False,False,False,False,False,False,False,True,True,False,"P_PACK","[FULL_DIGITAL] Packing [TASK_ASSIGNED] - {job_no}","Process: Packing (PACK)
Event: TASK_ASSIGNED
Job No: {job_no}
Work Note: Update step status and part-wise completion in workspace.","3.00","2.00",NULL,"2.00","PENDING",True,NULL,"{""channels"": {""push"": true, ""email"": true, ""workspace"": true}, ""eventType"": ""TASK_ASSIGNED"", ""jobTypeCode"": ""FULL_DIGITAL"", ""jobTypeName"": ""Full Job – Digital Printing"", ""processCode"": ""PACK"", ""printingMode"": ""DIGITAL"", ""isFullProcess"": true, ""isOutsourceJob"": false, ""isSingleProcess"": false, ""isInhouseMaterial"": true, ""isCustomerMaterial"": false, ""allowAdvancePayment"": true, ""requireCostingApproval"": true}","{""model"": ""agentic-workspace-v1"", ""enabled"": true, ""purpose"": ""process-work-guidance""}","{""seededFrom"": ""mst_process + mst_job_type + mst_department"", ""taskTypeLogic"": ""process.isapprovalrequired + client approval + job-type nature"", ""partyRoutingDepartment"": 9999}","NORMAL",True,True,272,"SYSTEM","2026-04-16 08:57:33.887592",NULL,"2026-04-16 08:57:33.887592"
"1763",1002,"FULL_DIGITAL",27,27,"PACK","PACK","1012","TASK_OVERDUE","Packing Overdue",NULL,0,"INTERNAL",True,False,False,False,False,False,False,False,False,True,True,False,"P_PACK","[FULL_DIGITAL] Packing [TASK_OVERDUE] - {job_no}","Process: Packing (PACK)
Event: TASK_OVERDUE
Job No: {job_no}
Work Note: Update step status and part-wise completion in workspace.","3.00","2.00",NULL,"2.00","OVERDUE",False,NULL,"{""channels"": {""push"": true, ""email"": true, ""workspace"": true}, ""eventType"": ""TASK_OVERDUE"", ""jobTypeCode"": ""FULL_DIGITAL"", ""jobTypeName"": ""Full Job – Digital Printing"", ""processCode"": ""PACK"", ""printingMode"": ""DIGITAL"", ""isFullProcess"": true, ""isOutsourceJob"": false, ""isSingleProcess"": false, ""isInhouseMaterial"": true, ""isCustomerMaterial"": false, ""allowAdvancePayment"": true, ""requireCostingApproval"": true}","{""model"": ""agentic-workspace-v1"", ""enabled"": true, ""purpose"": ""process-work-guidance""}","{""seededFrom"": ""mst_process + mst_job_type + mst_department"", ""taskTypeLogic"": ""process.isapprovalrequired + client approval + job-type nature"", ""partyRoutingDepartment"": 9999}","NORMAL",True,True,273,"SYSTEM","2026-04-16 08:57:33.887592",NULL,"2026-04-16 08:57:33.887592"
"1764",1002,"FULL_DIGITAL",27,27,"PACK","PACK","1012","TASK_COMPLETED","Packing Completed",NULL,0,"INTERNAL",True,False,False,False,False,False,False,False,False,True,True,False,"P_PACK","[FULL_DIGITAL] Packing [TASK_COMPLETED] - {job_no}","Process: Packing (PACK)
Event: TASK_COMPLETED
Job No: {job_no}
Work Note: Update step status and part-wise completion in workspace.","3.00","2.00",NULL,"2.00","COMPLETED",False,NULL,"{""channels"": {""push"": true, ""email"": true, ""workspace"": true}, ""eventType"": ""TASK_COMPLETED"", ""jobTypeCode"": ""FULL_DIGITAL"", ""jobTypeName"": ""Full Job – Digital Printing"", ""processCode"": ""PACK"", ""printingMode"": ""DIGITAL"", ""isFullProcess"": true, ""isOutsourceJob"": false, ""isSingleProcess"": false, ""isInhouseMaterial"": true, ""isCustomerMaterial"": false, ""allowAdvancePayment"": true, ""requireCostingApproval"": true}","{""model"": ""agentic-workspace-v1"", ""enabled"": true, ""purpose"": ""process-work-guidance""}","{""seededFrom"": ""mst_process + mst_job_type + mst_department"", ""taskTypeLogic"": ""process.isapprovalrequired + client approval + job-type nature"", ""partyRoutingDepartment"": 9999}","NORMAL",True,True,274,"SYSTEM","2026-04-16 08:57:33.887592",NULL,"2026-04-16 08:57:33.887592"
"1765",1002,"FULL_DIGITAL",28,28,"LOAD","LOAD","1013","PROC_START","Loading Started",NULL,0,"INTERNAL",True,False,False,False,False,False,False,False,False,True,True,False,"P_LOAD","[FULL_DIGITAL] Loading [PROC_START] - {job_no}","Process: Loading (LOAD)
Event: PROC_START
Job No: {job_no}
Work Note: Update step status and part-wise completion in workspace.","2.00","2.00",NULL,"2.00","PENDING",True,NULL,"{""channels"": {""push"": true, ""email"": true, ""workspace"": true}, ""eventType"": ""PROC_START"", ""jobTypeCode"": ""FULL_DIGITAL"", ""jobTypeName"": ""Full Job – Digital Printing"", ""processCode"": ""LOAD"", ""printingMode"": ""DIGITAL"", ""isFullProcess"": true, ""isOutsourceJob"": false, ""isSingleProcess"": false, ""isInhouseMaterial"": true, ""isCustomerMaterial"": false, ""allowAdvancePayment"": true, ""requireCostingApproval"": true}","{""model"": ""agentic-workspace-v1"", ""enabled"": true, ""purpose"": ""process-work-guidance""}","{""seededFrom"": ""mst_process + mst_job_type + mst_department"", ""taskTypeLogic"": ""process.isapprovalrequired + client approval + job-type nature"", ""partyRoutingDepartment"": 9999}","NORMAL",True,True,281,"SYSTEM","2026-04-16 08:57:33.887592",NULL,"2026-04-16 08:57:33.887592"
"1766",1002,"FULL_DIGITAL",28,28,"LOAD","LOAD","1013","TASK_ASSIGNED","Loading Assigned",NULL,0,"INTERNAL",True,False,False,False,False,False,False,False,False,True,True,False,"P_LOAD","[FULL_DIGITAL] Loading [TASK_ASSIGNED] - {job_no}","Process: Loading (LOAD)
Event: TASK_ASSIGNED
Job No: {job_no}
Work Note: Update step status and part-wise completion in workspace.","2.00","2.00",NULL,"2.00","PENDING",True,NULL,"{""channels"": {""push"": true, ""email"": true, ""workspace"": true}, ""eventType"": ""TASK_ASSIGNED"", ""jobTypeCode"": ""FULL_DIGITAL"", ""jobTypeName"": ""Full Job – Digital Printing"", ""processCode"": ""LOAD"", ""printingMode"": ""DIGITAL"", ""isFullProcess"": true, ""isOutsourceJob"": false, ""isSingleProcess"": false, ""isInhouseMaterial"": true, ""isCustomerMaterial"": false, ""allowAdvancePayment"": true, ""requireCostingApproval"": true}","{""model"": ""agentic-workspace-v1"", ""enabled"": true, ""purpose"": ""process-work-guidance""}","{""seededFrom"": ""mst_process + mst_job_type + mst_department"", ""taskTypeLogic"": ""process.isapprovalrequired + client approval + job-type nature"", ""partyRoutingDepartment"": 9999}","NORMAL",True,True,282,"SYSTEM","2026-04-16 08:57:33.887592",NULL,"2026-04-16 08:57:33.887592"
"1767",1002,"FULL_DIGITAL",28,28,"LOAD","LOAD","1013","TASK_OVERDUE","Loading Overdue",NULL,0,"INTERNAL",True,False,False,False,False,False,False,False,False,True,True,False,"P_LOAD","[FULL_DIGITAL] Loading [TASK_OVERDUE] - {job_no}","Process: Loading (LOAD)
Event: TASK_OVERDUE
Job No: {job_no}
Work Note: Update step status and part-wise completion in workspace.","2.00","2.00",NULL,"2.00","OVERDUE",False,NULL,"{""channels"": {""push"": true, ""email"": true, ""workspace"": true}, ""eventType"": ""TASK_OVERDUE"", ""jobTypeCode"": ""FULL_DIGITAL"", ""jobTypeName"": ""Full Job – Digital Printing"", ""processCode"": ""LOAD"", ""printingMode"": ""DIGITAL"", ""isFullProcess"": true, ""isOutsourceJob"": false, ""isSingleProcess"": false, ""isInhouseMaterial"": true, ""isCustomerMaterial"": false, ""allowAdvancePayment"": true, ""requireCostingApproval"": true}","{""model"": ""agentic-workspace-v1"", ""enabled"": true, ""purpose"": ""process-work-guidance""}","{""seededFrom"": ""mst_process + mst_job_type + mst_department"", ""taskTypeLogic"": ""process.isapprovalrequired + client approval + job-type nature"", ""partyRoutingDepartment"": 9999}","NORMAL",True,True,283,"SYSTEM","2026-04-16 08:57:33.887592",NULL,"2026-04-16 08:57:33.887592"
"1768",1002,"FULL_DIGITAL",28,28,"LOAD","LOAD","1013","TASK_COMPLETED","Loading Completed",NULL,0,"INTERNAL",True,False,False,False,False,False,False,False,False,True,True,False,"P_LOAD","[FULL_DIGITAL] Loading [TASK_COMPLETED] - {job_no}","Process: Loading (LOAD)
Event: TASK_COMPLETED
Job No: {job_no}
Work Note: Update step status and part-wise completion in workspace.","2.00","2.00",NULL,"2.00","COMPLETED",False,NULL,"{""channels"": {""push"": true, ""email"": true, ""workspace"": true}, ""eventType"": ""TASK_COMPLETED"", ""jobTypeCode"": ""FULL_DIGITAL"", ""jobTypeName"": ""Full Job – Digital Printing"", ""processCode"": ""LOAD"", ""printingMode"": ""DIGITAL"", ""isFullProcess"": true, ""isOutsourceJob"": false, ""isSingleProcess"": false, ""isInhouseMaterial"": true, ""isCustomerMaterial"": false, ""allowAdvancePayment"": true, ""requireCostingApproval"": true}","{""model"": ""agentic-workspace-v1"", ""enabled"": true, ""purpose"": ""process-work-guidance""}","{""seededFrom"": ""mst_process + mst_job_type + mst_department"", ""taskTypeLogic"": ""process.isapprovalrequired + client approval + job-type nature"", ""partyRoutingDepartment"": 9999}","NORMAL",True,True,284,"SYSTEM","2026-04-16 08:57:33.887592",NULL,"2026-04-16 08:57:33.887592"
"1769",1002,"FULL_DIGITAL",29,29,"CHALLAN","CHALLAN","1004","PROC_START","Delivery Challan Started",NULL,1,"INTERNAL",True,True,False,True,False,False,False,False,False,True,True,False,"P_CHALLAN","[FULL_DIGITAL] Challan [PROC_START] - {job_no}","Process: Delivery Challan (CHALLAN)
Event: PROC_START
Job No: {job_no}
Work Note: Update step status and part-wise completion in workspace.","2.00","1.00","DEPT_HEAD","2.00","PENDING",True,NULL,"{""channels"": {""push"": true, ""email"": true, ""workspace"": true}, ""eventType"": ""PROC_START"", ""jobTypeCode"": ""FULL_DIGITAL"", ""jobTypeName"": ""Full Job – Digital Printing"", ""processCode"": ""CHALLAN"", ""printingMode"": ""DIGITAL"", ""isFullProcess"": true, ""isOutsourceJob"": false, ""isSingleProcess"": false, ""isInhouseMaterial"": true, ""isCustomerMaterial"": false, ""allowAdvancePayment"": true, ""requireCostingApproval"": true}","{""model"": ""agentic-workspace-v1"", ""enabled"": true, ""purpose"": ""process-work-guidance""}","{""seededFrom"": ""mst_process + mst_job_type + mst_department"", ""taskTypeLogic"": ""process.isapprovalrequired + client approval + job-type nature"", ""partyRoutingDepartment"": 9999}","HIGH",True,True,291,"SYSTEM","2026-04-16 08:57:33.887592",NULL,"2026-04-16 08:57:33.887592"
"1770",1002,"FULL_DIGITAL",29,29,"CHALLAN","CHALLAN","1004","TASK_ASSIGNED","Delivery Challan Assigned",NULL,1,"INTERNAL",True,True,False,True,False,False,False,False,False,True,True,False,"P_CHALLAN","[FULL_DIGITAL] Challan [TASK_ASSIGNED] - {job_no}","Process: Delivery Challan (CHALLAN)
Event: TASK_ASSIGNED
Job No: {job_no}
Work Note: Update step status and part-wise completion in workspace.","2.00","1.00","DEPT_HEAD","2.00","PENDING",True,NULL,"{""channels"": {""push"": true, ""email"": true, ""workspace"": true}, ""eventType"": ""TASK_ASSIGNED"", ""jobTypeCode"": ""FULL_DIGITAL"", ""jobTypeName"": ""Full Job – Digital Printing"", ""processCode"": ""CHALLAN"", ""printingMode"": ""DIGITAL"", ""isFullProcess"": true, ""isOutsourceJob"": false, ""isSingleProcess"": false, ""isInhouseMaterial"": true, ""isCustomerMaterial"": false, ""allowAdvancePayment"": true, ""requireCostingApproval"": true}","{""model"": ""agentic-workspace-v1"", ""enabled"": true, ""purpose"": ""process-work-guidance""}","{""seededFrom"": ""mst_process + mst_job_type + mst_department"", ""taskTypeLogic"": ""process.isapprovalrequired + client approval + job-type nature"", ""partyRoutingDepartment"": 9999}","HIGH",True,True,292,"SYSTEM","2026-04-16 08:57:33.887592",NULL,"2026-04-16 08:57:33.887592"
"1771",1002,"FULL_DIGITAL",29,29,"CHALLAN","CHALLAN","1004","TASK_OVERDUE","Delivery Challan Overdue",NULL,1,"INTERNAL",True,True,False,True,False,False,False,False,False,True,True,False,"P_CHALLAN","[FULL_DIGITAL] Challan [TASK_OVERDUE] - {job_no}","Process: Delivery Challan (CHALLAN)
Event: TASK_OVERDUE
Job No: {job_no}
Work Note: Update step status and part-wise completion in workspace.","2.00","1.00","DEPT_HEAD","2.00","OVERDUE",False,NULL,"{""channels"": {""push"": true, ""email"": true, ""workspace"": true}, ""eventType"": ""TASK_OVERDUE"", ""jobTypeCode"": ""FULL_DIGITAL"", ""jobTypeName"": ""Full Job – Digital Printing"", ""processCode"": ""CHALLAN"", ""printingMode"": ""DIGITAL"", ""isFullProcess"": true, ""isOutsourceJob"": false, ""isSingleProcess"": false, ""isInhouseMaterial"": true, ""isCustomerMaterial"": false, ""allowAdvancePayment"": true, ""requireCostingApproval"": true}","{""model"": ""agentic-workspace-v1"", ""enabled"": true, ""purpose"": ""process-work-guidance""}","{""seededFrom"": ""mst_process + mst_job_type + mst_department"", ""taskTypeLogic"": ""process.isapprovalrequired + client approval + job-type nature"", ""partyRoutingDepartment"": 9999}","HIGH",True,True,293,"SYSTEM","2026-04-16 08:57:33.887592",NULL,"2026-04-16 08:57:33.887592"
"1772",1002,"FULL_DIGITAL",29,29,"CHALLAN","CHALLAN","1004","TASK_COMPLETED","Delivery Challan Completed",NULL,1,"INTERNAL",True,True,False,True,False,False,False,False,False,True,True,False,"P_CHALLAN","[FULL_DIGITAL] Challan [TASK_COMPLETED] - {job_no}","Process: Delivery Challan (CHALLAN)
Event: TASK_COMPLETED
Job No: {job_no}
Work Note: Update step status and part-wise completion in workspace.","2.00","1.00","DEPT_HEAD","2.00","COMPLETED",False,NULL,"{""channels"": {""push"": true, ""email"": true, ""workspace"": true}, ""eventType"": ""TASK_COMPLETED"", ""jobTypeCode"": ""FULL_DIGITAL"", ""jobTypeName"": ""Full Job – Digital Printing"", ""processCode"": ""CHALLAN"", ""printingMode"": ""DIGITAL"", ""isFullProcess"": true, ""isOutsourceJob"": false, ""isSingleProcess"": false, ""isInhouseMaterial"": true, ""isCustomerMaterial"": false, ""allowAdvancePayment"": true, ""requireCostingApproval"": true}","{""model"": ""agentic-workspace-v1"", ""enabled"": true, ""purpose"": ""process-work-guidance""}","{""seededFrom"": ""mst_process + mst_job_type + mst_department"", ""taskTypeLogic"": ""process.isapprovalrequired + client approval + job-type nature"", ""partyRoutingDepartment"": 9999}","HIGH",True,True,294,"SYSTEM","2026-04-16 08:57:33.887592",NULL,"2026-04-16 08:57:33.887592"
"1773",1002,"FULL_DIGITAL",30,30,"GATE_PASS","GATE_PASS","1018","PROC_START","Gate Pass Started",NULL,1,"INTERNAL",True,True,False,True,False,False,False,False,False,True,True,False,"P_GATE","[FULL_DIGITAL] Gate Pass [PROC_START] - {job_no}","Process: Gate Pass (GATE_PASS)
Event: PROC_START
Job No: {job_no}
Work Note: Update step status and part-wise completion in workspace.","1.00","1.00","DEPT_HEAD","2.00","PENDING",True,NULL,"{""channels"": {""push"": true, ""email"": true, ""workspace"": true}, ""eventType"": ""PROC_START"", ""jobTypeCode"": ""FULL_DIGITAL"", ""jobTypeName"": ""Full Job – Digital Printing"", ""processCode"": ""GATE_PASS"", ""printingMode"": ""DIGITAL"", ""isFullProcess"": true, ""isOutsourceJob"": false, ""isSingleProcess"": false, ""isInhouseMaterial"": true, ""isCustomerMaterial"": false, ""allowAdvancePayment"": true, ""requireCostingApproval"": true}","{""model"": ""agentic-workspace-v1"", ""enabled"": true, ""purpose"": ""process-work-guidance""}","{""seededFrom"": ""mst_process + mst_job_type + mst_department"", ""taskTypeLogic"": ""process.isapprovalrequired + client approval + job-type nature"", ""partyRoutingDepartment"": 9999}","HIGH",True,True,301,"SYSTEM","2026-04-16 08:57:33.887592",NULL,"2026-04-16 08:57:33.887592"
"1774",1002,"FULL_DIGITAL",30,30,"GATE_PASS","GATE_PASS","1018","TASK_ASSIGNED","Gate Pass Assigned",NULL,1,"INTERNAL",True,True,False,True,False,False,False,False,False,True,True,False,"P_GATE","[FULL_DIGITAL] Gate Pass [TASK_ASSIGNED] - {job_no}","Process: Gate Pass (GATE_PASS)
Event: TASK_ASSIGNED
Job No: {job_no}
Work Note: Update step status and part-wise completion in workspace.","1.00","1.00","DEPT_HEAD","2.00","PENDING",True,NULL,"{""channels"": {""push"": true, ""email"": true, ""workspace"": true}, ""eventType"": ""TASK_ASSIGNED"", ""jobTypeCode"": ""FULL_DIGITAL"", ""jobTypeName"": ""Full Job – Digital Printing"", ""processCode"": ""GATE_PASS"", ""printingMode"": ""DIGITAL"", ""isFullProcess"": true, ""isOutsourceJob"": false, ""isSingleProcess"": false, ""isInhouseMaterial"": true, ""isCustomerMaterial"": false, ""allowAdvancePayment"": true, ""requireCostingApproval"": true}","{""model"": ""agentic-workspace-v1"", ""enabled"": true, ""purpose"": ""process-work-guidance""}","{""seededFrom"": ""mst_process + mst_job_type + mst_department"", ""taskTypeLogic"": ""process.isapprovalrequired + client approval + job-type nature"", ""partyRoutingDepartment"": 9999}","HIGH",True,True,302,"SYSTEM","2026-04-16 08:57:33.887592",NULL,"2026-04-16 08:57:33.887592"
"1775",1002,"FULL_DIGITAL",30,30,"GATE_PASS","GATE_PASS","1018","TASK_OVERDUE","Gate Pass Overdue",NULL,1,"INTERNAL",True,True,False,True,False,False,False,False,False,True,True,False,"P_GATE","[FULL_DIGITAL] Gate Pass [TASK_OVERDUE] - {job_no}","Process: Gate Pass (GATE_PASS)
Event: TASK_OVERDUE
Job No: {job_no}
Work Note: Update step status and part-wise completion in workspace.","1.00","1.00","DEPT_HEAD","2.00","OVERDUE",False,NULL,"{""channels"": {""push"": true, ""email"": true, ""workspace"": true}, ""eventType"": ""TASK_OVERDUE"", ""jobTypeCode"": ""FULL_DIGITAL"", ""jobTypeName"": ""Full Job – Digital Printing"", ""processCode"": ""GATE_PASS"", ""printingMode"": ""DIGITAL"", ""isFullProcess"": true, ""isOutsourceJob"": false, ""isSingleProcess"": false, ""isInhouseMaterial"": true, ""isCustomerMaterial"": false, ""allowAdvancePayment"": true, ""requireCostingApproval"": true}","{""model"": ""agentic-workspace-v1"", ""enabled"": true, ""purpose"": ""process-work-guidance""}","{""seededFrom"": ""mst_process + mst_job_type + mst_department"", ""taskTypeLogic"": ""process.isapprovalrequired + client approval + job-type nature"", ""partyRoutingDepartment"": 9999}","HIGH",True,True,303,"SYSTEM","2026-04-16 08:57:33.887592",NULL,"2026-04-16 08:57:33.887592"
"1776",1002,"FULL_DIGITAL",30,30,"GATE_PASS","GATE_PASS","1018","TASK_COMPLETED","Gate Pass Completed",NULL,1,"INTERNAL",True,True,False,True,False,False,False,False,False,True,True,False,"P_GATE","[FULL_DIGITAL] Gate Pass [TASK_COMPLETED] - {job_no}","Process: Gate Pass (GATE_PASS)
Event: TASK_COMPLETED
Job No: {job_no}
Work Note: Update step status and part-wise completion in workspace.","1.00","1.00","DEPT_HEAD","2.00","COMPLETED",False,NULL,"{""channels"": {""push"": true, ""email"": true, ""workspace"": true}, ""eventType"": ""TASK_COMPLETED"", ""jobTypeCode"": ""FULL_DIGITAL"", ""jobTypeName"": ""Full Job – Digital Printing"", ""processCode"": ""GATE_PASS"", ""printingMode"": ""DIGITAL"", ""isFullProcess"": true, ""isOutsourceJob"": false, ""isSingleProcess"": false, ""isInhouseMaterial"": true, ""isCustomerMaterial"": false, ""allowAdvancePayment"": true, ""requireCostingApproval"": true}","{""model"": ""agentic-workspace-v1"", ""enabled"": true, ""purpose"": ""process-work-guidance""}","{""seededFrom"": ""mst_process + mst_job_type + mst_department"", ""taskTypeLogic"": ""process.isapprovalrequired + client approval + job-type nature"", ""partyRoutingDepartment"": 9999}","HIGH",True,True,304,"SYSTEM","2026-04-16 08:57:33.887592",NULL,"2026-04-16 08:57:33.887592"
"1777",1002,"FULL_DIGITAL",31,31,"DISPATCH","DISPATCH","1013","PROC_START","Dispatch Started",NULL,0,"INTERNAL",True,False,False,False,False,False,False,False,False,True,True,False,"P_DISPATCH","[FULL_DIGITAL] Dispatch [PROC_START] - {job_no}","Process: Dispatch (DISPATCH)
Event: PROC_START
Job No: {job_no}
Work Note: Update step status and part-wise completion in workspace.","2.00","1.00",NULL,"2.00","PENDING",True,NULL,"{""channels"": {""push"": true, ""email"": true, ""workspace"": true}, ""eventType"": ""PROC_START"", ""jobTypeCode"": ""FULL_DIGITAL"", ""jobTypeName"": ""Full Job – Digital Printing"", ""processCode"": ""DISPATCH"", ""printingMode"": ""DIGITAL"", ""isFullProcess"": true, ""isOutsourceJob"": false, ""isSingleProcess"": false, ""isInhouseMaterial"": true, ""isCustomerMaterial"": false, ""allowAdvancePayment"": true, ""requireCostingApproval"": true}","{""model"": ""agentic-workspace-v1"", ""enabled"": true, ""purpose"": ""process-work-guidance""}","{""seededFrom"": ""mst_process + mst_job_type + mst_department"", ""taskTypeLogic"": ""process.isapprovalrequired + client approval + job-type nature"", ""partyRoutingDepartment"": 9999}","NORMAL",True,True,311,"SYSTEM","2026-04-16 08:57:33.887592",NULL,"2026-04-16 08:57:33.887592"
"1778",1002,"FULL_DIGITAL",31,31,"DISPATCH","DISPATCH","1013","TASK_ASSIGNED","Dispatch Assigned",NULL,0,"INTERNAL",True,False,False,False,False,False,False,False,False,True,True,False,"P_DISPATCH","[FULL_DIGITAL] Dispatch [TASK_ASSIGNED] - {job_no}","Process: Dispatch (DISPATCH)
Event: TASK_ASSIGNED
Job No: {job_no}
Work Note: Update step status and part-wise completion in workspace.","2.00","1.00",NULL,"2.00","PENDING",True,NULL,"{""channels"": {""push"": true, ""email"": true, ""workspace"": true}, ""eventType"": ""TASK_ASSIGNED"", ""jobTypeCode"": ""FULL_DIGITAL"", ""jobTypeName"": ""Full Job – Digital Printing"", ""processCode"": ""DISPATCH"", ""printingMode"": ""DIGITAL"", ""isFullProcess"": true, ""isOutsourceJob"": false, ""isSingleProcess"": false, ""isInhouseMaterial"": true, ""isCustomerMaterial"": false, ""allowAdvancePayment"": true, ""requireCostingApproval"": true}","{""model"": ""agentic-workspace-v1"", ""enabled"": true, ""purpose"": ""process-work-guidance""}","{""seededFrom"": ""mst_process + mst_job_type + mst_department"", ""taskTypeLogic"": ""process.isapprovalrequired + client approval + job-type nature"", ""partyRoutingDepartment"": 9999}","NORMAL",True,True,312,"SYSTEM","2026-04-16 08:57:33.887592",NULL,"2026-04-16 08:57:33.887592"
"1779",1002,"FULL_DIGITAL",31,31,"DISPATCH","DISPATCH","1013","TASK_OVERDUE","Dispatch Overdue",NULL,0,"INTERNAL",True,False,False,False,False,False,False,False,False,True,True,False,"P_DISPATCH","[FULL_DIGITAL] Dispatch [TASK_OVERDUE] - {job_no}","Process: Dispatch (DISPATCH)
Event: TASK_OVERDUE
Job No: {job_no}
Work Note: Update step status and part-wise completion in workspace.","2.00","1.00",NULL,"2.00","OVERDUE",False,NULL,"{""channels"": {""push"": true, ""email"": true, ""workspace"": true}, ""eventType"": ""TASK_OVERDUE"", ""jobTypeCode"": ""FULL_DIGITAL"", ""jobTypeName"": ""Full Job – Digital Printing"", ""processCode"": ""DISPATCH"", ""printingMode"": ""DIGITAL"", ""isFullProcess"": true, ""isOutsourceJob"": false, ""isSingleProcess"": false, ""isInhouseMaterial"": true, ""isCustomerMaterial"": false, ""allowAdvancePayment"": true, ""requireCostingApproval"": true}","{""model"": ""agentic-workspace-v1"", ""enabled"": true, ""purpose"": ""process-work-guidance""}","{""seededFrom"": ""mst_process + mst_job_type + mst_department"", ""taskTypeLogic"": ""process.isapprovalrequired + client approval + job-type nature"", ""partyRoutingDepartment"": 9999}","NORMAL",True,True,313,"SYSTEM","2026-04-16 08:57:33.887592",NULL,"2026-04-16 08:57:33.887592"
"1780",1002,"FULL_DIGITAL",31,31,"DISPATCH","DISPATCH","1013","TASK_COMPLETED","Dispatch Completed",NULL,0,"INTERNAL",True,False,False,False,False,False,False,False,False,True,True,False,"P_DISPATCH","[FULL_DIGITAL] Dispatch [TASK_COMPLETED] - {job_no}","Process: Dispatch (DISPATCH)
Event: TASK_COMPLETED
Job No: {job_no}
Work Note: Update step status and part-wise completion in workspace.","2.00","1.00",NULL,"2.00","COMPLETED",False,NULL,"{""channels"": {""push"": true, ""email"": true, ""workspace"": true}, ""eventType"": ""TASK_COMPLETED"", ""jobTypeCode"": ""FULL_DIGITAL"", ""jobTypeName"": ""Full Job – Digital Printing"", ""processCode"": ""DISPATCH"", ""printingMode"": ""DIGITAL"", ""isFullProcess"": true, ""isOutsourceJob"": false, ""isSingleProcess"": false, ""isInhouseMaterial"": true, ""isCustomerMaterial"": false, ""allowAdvancePayment"": true, ""requireCostingApproval"": true}","{""model"": ""agentic-workspace-v1"", ""enabled"": true, ""purpose"": ""process-work-guidance""}","{""seededFrom"": ""mst_process + mst_job_type + mst_department"", ""taskTypeLogic"": ""process.isapprovalrequired + client approval + job-type nature"", ""partyRoutingDepartment"": 9999}","NORMAL",True,True,314,"SYSTEM","2026-04-16 08:57:33.887592",NULL,"2026-04-16 08:57:33.887592"
"1781",1003,"FULL_SCREEN",2,2,"ENQ_JOB","ENQ_JOB","9999","PROC_START","Enquiry Creation Started",NULL,1,"PARTY",True,True,False,True,False,True,True,False,False,True,True,False,"P_ENQ_JOB","[FULL_SCREEN] Enquiry Workflow [PROC_START] - {job_no}","Process: Enquiry Creation (ENQ_JOB)
Event: PROC_START
Job No: {job_no}
Work Note: Update step status and part-wise completion in workspace.","2.00","2.00","DEPT_HEAD","2.00","PENDING",True,NULL,"{""channels"": {""push"": true, ""email"": true, ""workspace"": true}, ""eventType"": ""PROC_START"", ""jobTypeCode"": ""FULL_SCREEN"", ""jobTypeName"": ""Full Job – Screen Printing"", ""processCode"": ""ENQ_JOB"", ""printingMode"": ""SCREEN"", ""isFullProcess"": true, ""isOutsourceJob"": false, ""isSingleProcess"": false, ""isInhouseMaterial"": true, ""isCustomerMaterial"": false, ""allowAdvancePayment"": true, ""requireCostingApproval"": true}","{""model"": ""agentic-workspace-v1"", ""enabled"": true, ""purpose"": ""process-work-guidance""}","{""seededFrom"": ""mst_process + mst_job_type + mst_department"", ""taskTypeLogic"": ""process.isapprovalrequired + client approval + job-type nature"", ""partyRoutingDepartment"": 9999}","HIGH",True,True,21,"SYSTEM","2026-04-16 08:57:33.887592",NULL,"2026-04-16 08:57:33.887592"
"1782",1003,"FULL_SCREEN",2,2,"ENQ_JOB","ENQ_JOB","9999","TASK_ASSIGNED","Enquiry Creation Assigned",NULL,1,"PARTY",True,True,False,True,False,True,True,False,False,True,True,False,"P_ENQ_JOB","[FULL_SCREEN] Enquiry Workflow [TASK_ASSIGNED] - {job_no}","Process: Enquiry Creation (ENQ_JOB)
Event: TASK_ASSIGNED
Job No: {job_no}
Work Note: Update step status and part-wise completion in workspace.","2.00","2.00","DEPT_HEAD","2.00","PENDING",True,NULL,"{""channels"": {""push"": true, ""email"": true, ""workspace"": true}, ""eventType"": ""TASK_ASSIGNED"", ""jobTypeCode"": ""FULL_SCREEN"", ""jobTypeName"": ""Full Job – Screen Printing"", ""processCode"": ""ENQ_JOB"", ""printingMode"": ""SCREEN"", ""isFullProcess"": true, ""isOutsourceJob"": false, ""isSingleProcess"": false, ""isInhouseMaterial"": true, ""isCustomerMaterial"": false, ""allowAdvancePayment"": true, ""requireCostingApproval"": true}","{""model"": ""agentic-workspace-v1"", ""enabled"": true, ""purpose"": ""process-work-guidance""}","{""seededFrom"": ""mst_process + mst_job_type + mst_department"", ""taskTypeLogic"": ""process.isapprovalrequired + client approval + job-type nature"", ""partyRoutingDepartment"": 9999}","HIGH",True,True,22,"SYSTEM","2026-04-16 08:57:33.887592",NULL,"2026-04-16 08:57:33.887592"
"1783",1003,"FULL_SCREEN",2,2,"ENQ_JOB","ENQ_JOB","9999","TASK_OVERDUE","Enquiry Creation Overdue",NULL,1,"PARTY",True,True,False,True,False,True,True,False,False,True,True,False,"P_ENQ_JOB","[FULL_SCREEN] Enquiry Workflow [TASK_OVERDUE] - {job_no}","Process: Enquiry Creation (ENQ_JOB)
Event: TASK_OVERDUE
Job No: {job_no}
Work Note: Update step status and part-wise completion in workspace.","2.00","2.00","DEPT_HEAD","2.00","OVERDUE",False,NULL,"{""channels"": {""push"": true, ""email"": true, ""workspace"": true}, ""eventType"": ""TASK_OVERDUE"", ""jobTypeCode"": ""FULL_SCREEN"", ""jobTypeName"": ""Full Job – Screen Printing"", ""processCode"": ""ENQ_JOB"", ""printingMode"": ""SCREEN"", ""isFullProcess"": true, ""isOutsourceJob"": false, ""isSingleProcess"": false, ""isInhouseMaterial"": true, ""isCustomerMaterial"": false, ""allowAdvancePayment"": true, ""requireCostingApproval"": true}","{""model"": ""agentic-workspace-v1"", ""enabled"": true, ""purpose"": ""process-work-guidance""}","{""seededFrom"": ""mst_process + mst_job_type + mst_department"", ""taskTypeLogic"": ""process.isapprovalrequired + client approval + job-type nature"", ""partyRoutingDepartment"": 9999}","HIGH",True,True,23,"SYSTEM","2026-04-16 08:57:33.887592",NULL,"2026-04-16 08:57:33.887592"
"1784",1003,"FULL_SCREEN",2,2,"ENQ_JOB","ENQ_JOB","9999","TASK_COMPLETED","Enquiry Creation Completed",NULL,1,"PARTY",True,True,False,True,False,True,True,False,False,True,True,False,"P_ENQ_JOB","[FULL_SCREEN] Enquiry Workflow [TASK_COMPLETED] - {job_no}","Process: Enquiry Creation (ENQ_JOB)
Event: TASK_COMPLETED
Job No: {job_no}
Work Note: Update step status and part-wise completion in workspace.","2.00","2.00","DEPT_HEAD","2.00","COMPLETED",False,NULL,"{""channels"": {""push"": true, ""email"": true, ""workspace"": true}, ""eventType"": ""TASK_COMPLETED"", ""jobTypeCode"": ""FULL_SCREEN"", ""jobTypeName"": ""Full Job – Screen Printing"", ""processCode"": ""ENQ_JOB"", ""printingMode"": ""SCREEN"", ""isFullProcess"": true, ""isOutsourceJob"": false, ""isSingleProcess"": false, ""isInhouseMaterial"": true, ""isCustomerMaterial"": false, ""allowAdvancePayment"": true, ""requireCostingApproval"": true}","{""model"": ""agentic-workspace-v1"", ""enabled"": true, ""purpose"": ""process-work-guidance""}","{""seededFrom"": ""mst_process + mst_job_type + mst_department"", ""taskTypeLogic"": ""process.isapprovalrequired + client approval + job-type nature"", ""partyRoutingDepartment"": 9999}","HIGH",True,True,24,"SYSTEM","2026-04-16 08:57:33.887592",NULL,"2026-04-16 08:57:33.887592"
"1785",1003,"FULL_SCREEN",3,3,"ENQ_EST","ENQ_EST","1008","PROC_START","Estimation / Costing Started",NULL,1,"INTERNAL",True,True,False,True,False,False,False,False,False,True,True,False,"P_EST","[FULL_SCREEN] Estimation [PROC_START] - {job_no}","Process: Estimation / Costing (ENQ_EST)
Event: PROC_START
Job No: {job_no}
Work Note: Update step status and part-wise completion in workspace.","6.00","2.00","DEPT_HEAD","2.00","PENDING",True,NULL,"{""channels"": {""push"": true, ""email"": true, ""workspace"": true}, ""eventType"": ""PROC_START"", ""jobTypeCode"": ""FULL_SCREEN"", ""jobTypeName"": ""Full Job – Screen Printing"", ""processCode"": ""ENQ_EST"", ""printingMode"": ""SCREEN"", ""isFullProcess"": true, ""isOutsourceJob"": false, ""isSingleProcess"": false, ""isInhouseMaterial"": true, ""isCustomerMaterial"": false, ""allowAdvancePayment"": true, ""requireCostingApproval"": true}","{""model"": ""agentic-workspace-v1"", ""enabled"": true, ""purpose"": ""process-work-guidance""}","{""seededFrom"": ""mst_process + mst_job_type + mst_department"", ""taskTypeLogic"": ""process.isapprovalrequired + client approval + job-type nature"", ""partyRoutingDepartment"": 9999}","HIGH",True,True,31,"SYSTEM","2026-04-16 08:57:33.887592",NULL,"2026-04-16 08:57:33.887592"
"1786",1003,"FULL_SCREEN",3,3,"ENQ_EST","ENQ_EST","1008","TASK_ASSIGNED","Estimation / Costing Assigned",NULL,1,"INTERNAL",True,True,False,True,False,False,False,False,False,True,True,False,"P_EST","[FULL_SCREEN] Estimation [TASK_ASSIGNED] - {job_no}","Process: Estimation / Costing (ENQ_EST)
Event: TASK_ASSIGNED
Job No: {job_no}
Work Note: Update step status and part-wise completion in workspace.","6.00","2.00","DEPT_HEAD","2.00","PENDING",True,NULL,"{""channels"": {""push"": true, ""email"": true, ""workspace"": true}, ""eventType"": ""TASK_ASSIGNED"", ""jobTypeCode"": ""FULL_SCREEN"", ""jobTypeName"": ""Full Job – Screen Printing"", ""processCode"": ""ENQ_EST"", ""printingMode"": ""SCREEN"", ""isFullProcess"": true, ""isOutsourceJob"": false, ""isSingleProcess"": false, ""isInhouseMaterial"": true, ""isCustomerMaterial"": false, ""allowAdvancePayment"": true, ""requireCostingApproval"": true}","{""model"": ""agentic-workspace-v1"", ""enabled"": true, ""purpose"": ""process-work-guidance""}","{""seededFrom"": ""mst_process + mst_job_type + mst_department"", ""taskTypeLogic"": ""process.isapprovalrequired + client approval + job-type nature"", ""partyRoutingDepartment"": 9999}","HIGH",True,True,32,"SYSTEM","2026-04-16 08:57:33.887592",NULL,"2026-04-16 08:57:33.887592"
"1787",1003,"FULL_SCREEN",3,3,"ENQ_EST","ENQ_EST","1008","TASK_OVERDUE","Estimation / Costing Overdue",NULL,1,"INTERNAL",True,True,False,True,False,False,False,False,False,True,True,False,"P_EST","[FULL_SCREEN] Estimation [TASK_OVERDUE] - {job_no}","Process: Estimation / Costing (ENQ_EST)
Event: TASK_OVERDUE
Job No: {job_no}
Work Note: Update step status and part-wise completion in workspace.","6.00","2.00","DEPT_HEAD","2.00","OVERDUE",False,NULL,"{""channels"": {""push"": true, ""email"": true, ""workspace"": true}, ""eventType"": ""TASK_OVERDUE"", ""jobTypeCode"": ""FULL_SCREEN"", ""jobTypeName"": ""Full Job – Screen Printing"", ""processCode"": ""ENQ_EST"", ""printingMode"": ""SCREEN"", ""isFullProcess"": true, ""isOutsourceJob"": false, ""isSingleProcess"": false, ""isInhouseMaterial"": true, ""isCustomerMaterial"": false, ""allowAdvancePayment"": true, ""requireCostingApproval"": true}","{""model"": ""agentic-workspace-v1"", ""enabled"": true, ""purpose"": ""process-work-guidance""}","{""seededFrom"": ""mst_process + mst_job_type + mst_department"", ""taskTypeLogic"": ""process.isapprovalrequired + client approval + job-type nature"", ""partyRoutingDepartment"": 9999}","HIGH",True,True,33,"SYSTEM","2026-04-16 08:57:33.887592",NULL,"2026-04-16 08:57:33.887592"
"1788",1003,"FULL_SCREEN",3,3,"ENQ_EST","ENQ_EST","1008","TASK_COMPLETED","Estimation / Costing Completed",NULL,1,"INTERNAL",True,True,False,True,False,False,False,False,False,True,True,False,"P_EST","[FULL_SCREEN] Estimation [TASK_COMPLETED] - {job_no}","Process: Estimation / Costing (ENQ_EST)
Event: TASK_COMPLETED
Job No: {job_no}
Work Note: Update step status and part-wise completion in workspace.","6.00","2.00","DEPT_HEAD","2.00","COMPLETED",False,NULL,"{""channels"": {""push"": true, ""email"": true, ""workspace"": true}, ""eventType"": ""TASK_COMPLETED"", ""jobTypeCode"": ""FULL_SCREEN"", ""jobTypeName"": ""Full Job – Screen Printing"", ""processCode"": ""ENQ_EST"", ""printingMode"": ""SCREEN"", ""isFullProcess"": true, ""isOutsourceJob"": false, ""isSingleProcess"": false, ""isInhouseMaterial"": true, ""isCustomerMaterial"": false, ""allowAdvancePayment"": true, ""requireCostingApproval"": true}","{""model"": ""agentic-workspace-v1"", ""enabled"": true, ""purpose"": ""process-work-guidance""}","{""seededFrom"": ""mst_process + mst_job_type + mst_department"", ""taskTypeLogic"": ""process.isapprovalrequired + client approval + job-type nature"", ""partyRoutingDepartment"": 9999}","HIGH",True,True,34,"SYSTEM","2026-04-16 08:57:33.887592",NULL,"2026-04-16 08:57:33.887592"
"1789",1003,"FULL_SCREEN",4,4,"QUOT","QUOT","9999","PROC_START","Quotation Generation Started",NULL,1,"PARTY",True,True,False,True,False,True,True,False,False,True,True,False,"P_QUOT","[FULL_SCREEN] Quotation [PROC_START] - {job_no}","Process: Quotation Generation (QUOT)
Event: PROC_START
Job No: {job_no}
Work Note: Update step status and part-wise completion in workspace.","4.00","2.00","DEPT_HEAD","2.00","PENDING",True,NULL,"{""channels"": {""push"": true, ""email"": true, ""workspace"": true}, ""eventType"": ""PROC_START"", ""jobTypeCode"": ""FULL_SCREEN"", ""jobTypeName"": ""Full Job – Screen Printing"", ""processCode"": ""QUOT"", ""printingMode"": ""SCREEN"", ""isFullProcess"": true, ""isOutsourceJob"": false, ""isSingleProcess"": false, ""isInhouseMaterial"": true, ""isCustomerMaterial"": false, ""allowAdvancePayment"": true, ""requireCostingApproval"": true}","{""model"": ""agentic-workspace-v1"", ""enabled"": true, ""purpose"": ""process-work-guidance""}","{""seededFrom"": ""mst_process + mst_job_type + mst_department"", ""taskTypeLogic"": ""process.isapprovalrequired + client approval + job-type nature"", ""partyRoutingDepartment"": 9999}","HIGH",True,True,41,"SYSTEM","2026-04-16 08:57:33.887592",NULL,"2026-04-16 08:57:33.887592"
"1790",1003,"FULL_SCREEN",4,4,"QUOT","QUOT","9999","TASK_ASSIGNED","Quotation Generation Assigned",NULL,1,"PARTY",True,True,False,True,False,True,True,False,False,True,True,False,"P_QUOT","[FULL_SCREEN] Quotation [TASK_ASSIGNED] - {job_no}","Process: Quotation Generation (QUOT)
Event: TASK_ASSIGNED
Job No: {job_no}
Work Note: Update step status and part-wise completion in workspace.","4.00","2.00","DEPT_HEAD","2.00","PENDING",True,NULL,"{""channels"": {""push"": true, ""email"": true, ""workspace"": true}, ""eventType"": ""TASK_ASSIGNED"", ""jobTypeCode"": ""FULL_SCREEN"", ""jobTypeName"": ""Full Job – Screen Printing"", ""processCode"": ""QUOT"", ""printingMode"": ""SCREEN"", ""isFullProcess"": true, ""isOutsourceJob"": false, ""isSingleProcess"": false, ""isInhouseMaterial"": true, ""isCustomerMaterial"": false, ""allowAdvancePayment"": true, ""requireCostingApproval"": true}","{""model"": ""agentic-workspace-v1"", ""enabled"": true, ""purpose"": ""process-work-guidance""}","{""seededFrom"": ""mst_process + mst_job_type + mst_department"", ""taskTypeLogic"": ""process.isapprovalrequired + client approval + job-type nature"", ""partyRoutingDepartment"": 9999}","HIGH",True,True,42,"SYSTEM","2026-04-16 08:57:33.887592",NULL,"2026-04-16 08:57:33.887592"
"1791",1003,"FULL_SCREEN",4,4,"QUOT","QUOT","9999","TASK_OVERDUE","Quotation Generation Overdue",NULL,1,"PARTY",True,True,False,True,False,True,True,False,False,True,True,False,"P_QUOT","[FULL_SCREEN] Quotation [TASK_OVERDUE] - {job_no}","Process: Quotation Generation (QUOT)
Event: TASK_OVERDUE
Job No: {job_no}
Work Note: Update step status and part-wise completion in workspace.","4.00","2.00","DEPT_HEAD","2.00","OVERDUE",False,NULL,"{""channels"": {""push"": true, ""email"": true, ""workspace"": true}, ""eventType"": ""TASK_OVERDUE"", ""jobTypeCode"": ""FULL_SCREEN"", ""jobTypeName"": ""Full Job – Screen Printing"", ""processCode"": ""QUOT"", ""printingMode"": ""SCREEN"", ""isFullProcess"": true, ""isOutsourceJob"": false, ""isSingleProcess"": false, ""isInhouseMaterial"": true, ""isCustomerMaterial"": false, ""allowAdvancePayment"": true, ""requireCostingApproval"": true}","{""model"": ""agentic-workspace-v1"", ""enabled"": true, ""purpose"": ""process-work-guidance""}","{""seededFrom"": ""mst_process + mst_job_type + mst_department"", ""taskTypeLogic"": ""process.isapprovalrequired + client approval + job-type nature"", ""partyRoutingDepartment"": 9999}","HIGH",True,True,43,"SYSTEM","2026-04-16 08:57:33.887592",NULL,"2026-04-16 08:57:33.887592"
"1792",1003,"FULL_SCREEN",4,4,"QUOT","QUOT","9999","TASK_COMPLETED","Quotation Generation Completed",NULL,1,"PARTY",True,True,False,True,False,True,True,False,False,True,True,False,"P_QUOT","[FULL_SCREEN] Quotation [TASK_COMPLETED] - {job_no}","Process: Quotation Generation (QUOT)
Event: TASK_COMPLETED
Job No: {job_no}
Work Note: Update step status and part-wise completion in workspace.","4.00","2.00","DEPT_HEAD","2.00","COMPLETED",False,NULL,"{""channels"": {""push"": true, ""email"": true, ""workspace"": true}, ""eventType"": ""TASK_COMPLETED"", ""jobTypeCode"": ""FULL_SCREEN"", ""jobTypeName"": ""Full Job – Screen Printing"", ""processCode"": ""QUOT"", ""printingMode"": ""SCREEN"", ""isFullProcess"": true, ""isOutsourceJob"": false, ""isSingleProcess"": false, ""isInhouseMaterial"": true, ""isCustomerMaterial"": false, ""allowAdvancePayment"": true, ""requireCostingApproval"": true}","{""model"": ""agentic-workspace-v1"", ""enabled"": true, ""purpose"": ""process-work-guidance""}","{""seededFrom"": ""mst_process + mst_job_type + mst_department"", ""taskTypeLogic"": ""process.isapprovalrequired + client approval + job-type nature"", ""partyRoutingDepartment"": 9999}","HIGH",True,True,44,"SYSTEM","2026-04-16 08:57:33.887592",NULL,"2026-04-16 08:57:33.887592"
"1793",1003,"FULL_SCREEN",5,5,"QUOT_APPR","QUOT_APPR","1001","PROC_START","Quotation Approval Started",NULL,1,"INTERNAL",True,True,False,True,False,False,False,False,False,True,True,False,"P_QUOT_APPR","[FULL_SCREEN] Quotation Approval [PROC_START] - {job_no}","Process: Quotation Approval (QUOT_APPR)
Event: PROC_START
Job No: {job_no}
Work Note: Update step status and part-wise completion in workspace.","8.00","2.00","DEPT_HEAD","2.00","PENDING",True,NULL,"{""channels"": {""push"": true, ""email"": true, ""workspace"": true}, ""eventType"": ""PROC_START"", ""jobTypeCode"": ""FULL_SCREEN"", ""jobTypeName"": ""Full Job – Screen Printing"", ""processCode"": ""QUOT_APPR"", ""printingMode"": ""SCREEN"", ""isFullProcess"": true, ""isOutsourceJob"": false, ""isSingleProcess"": false, ""isInhouseMaterial"": true, ""isCustomerMaterial"": false, ""allowAdvancePayment"": true, ""requireCostingApproval"": true}","{""model"": ""agentic-workspace-v1"", ""enabled"": true, ""purpose"": ""process-work-guidance""}","{""seededFrom"": ""mst_process + mst_job_type + mst_department"", ""taskTypeLogic"": ""process.isapprovalrequired + client approval + job-type nature"", ""partyRoutingDepartment"": 9999}","HIGH",True,True,51,"SYSTEM","2026-04-16 08:57:33.887592",NULL,"2026-04-16 08:57:33.887592"
"1794",1003,"FULL_SCREEN",5,5,"QUOT_APPR","QUOT_APPR","1001","TASK_ASSIGNED","Quotation Approval Assigned",NULL,1,"INTERNAL",True,True,False,True,False,False,False,False,False,True,True,False,"P_QUOT_APPR","[FULL_SCREEN] Quotation Approval [TASK_ASSIGNED] - {job_no}","Process: Quotation Approval (QUOT_APPR)
Event: TASK_ASSIGNED
Job No: {job_no}
Work Note: Update step status and part-wise completion in workspace.","8.00","2.00","DEPT_HEAD","2.00","PENDING",True,NULL,"{""channels"": {""push"": true, ""email"": true, ""workspace"": true}, ""eventType"": ""TASK_ASSIGNED"", ""jobTypeCode"": ""FULL_SCREEN"", ""jobTypeName"": ""Full Job – Screen Printing"", ""processCode"": ""QUOT_APPR"", ""printingMode"": ""SCREEN"", ""isFullProcess"": true, ""isOutsourceJob"": false, ""isSingleProcess"": false, ""isInhouseMaterial"": true, ""isCustomerMaterial"": false, ""allowAdvancePayment"": true, ""requireCostingApproval"": true}","{""model"": ""agentic-workspace-v1"", ""enabled"": true, ""purpose"": ""process-work-guidance""}","{""seededFrom"": ""mst_process + mst_job_type + mst_department"", ""taskTypeLogic"": ""process.isapprovalrequired + client approval + job-type nature"", ""partyRoutingDepartment"": 9999}","HIGH",True,True,52,"SYSTEM","2026-04-16 08:57:33.887592",NULL,"2026-04-16 08:57:33.887592"
"1795",1003,"FULL_SCREEN",5,5,"QUOT_APPR","QUOT_APPR","1001","TASK_OVERDUE","Quotation Approval Overdue",NULL,1,"INTERNAL",True,True,False,True,False,False,False,False,False,True,True,False,"P_QUOT_APPR","[FULL_SCREEN] Quotation Approval [TASK_OVERDUE] - {job_no}","Process: Quotation Approval (QUOT_APPR)
Event: TASK_OVERDUE
Job No: {job_no}
Work Note: Update step status and part-wise completion in workspace.","8.00","2.00","DEPT_HEAD","2.00","OVERDUE",False,NULL,"{""channels"": {""push"": true, ""email"": true, ""workspace"": true}, ""eventType"": ""TASK_OVERDUE"", ""jobTypeCode"": ""FULL_SCREEN"", ""jobTypeName"": ""Full Job – Screen Printing"", ""processCode"": ""QUOT_APPR"", ""printingMode"": ""SCREEN"", ""isFullProcess"": true, ""isOutsourceJob"": false, ""isSingleProcess"": false, ""isInhouseMaterial"": true, ""isCustomerMaterial"": false, ""allowAdvancePayment"": true, ""requireCostingApproval"": true}","{""model"": ""agentic-workspace-v1"", ""enabled"": true, ""purpose"": ""process-work-guidance""}","{""seededFrom"": ""mst_process + mst_job_type + mst_department"", ""taskTypeLogic"": ""process.isapprovalrequired + client approval + job-type nature"", ""partyRoutingDepartment"": 9999}","HIGH",True,True,53,"SYSTEM","2026-04-16 08:57:33.887592",NULL,"2026-04-16 08:57:33.887592"
"1796",1003,"FULL_SCREEN",5,5,"QUOT_APPR","QUOT_APPR","1001","TASK_COMPLETED","Quotation Approval Completed",NULL,1,"INTERNAL",True,True,False,True,False,False,False,False,False,True,True,False,"P_QUOT_APPR","[FULL_SCREEN] Quotation Approval [TASK_COMPLETED] - {job_no}","Process: Quotation Approval (QUOT_APPR)
Event: TASK_COMPLETED
Job No: {job_no}
Work Note: Update step status and part-wise completion in workspace.","8.00","2.00","DEPT_HEAD","2.00","COMPLETED",False,NULL,"{""channels"": {""push"": true, ""email"": true, ""workspace"": true}, ""eventType"": ""TASK_COMPLETED"", ""jobTypeCode"": ""FULL_SCREEN"", ""jobTypeName"": ""Full Job – Screen Printing"", ""processCode"": ""QUOT_APPR"", ""printingMode"": ""SCREEN"", ""isFullProcess"": true, ""isOutsourceJob"": false, ""isSingleProcess"": false, ""isInhouseMaterial"": true, ""isCustomerMaterial"": false, ""allowAdvancePayment"": true, ""requireCostingApproval"": true}","{""model"": ""agentic-workspace-v1"", ""enabled"": true, ""purpose"": ""process-work-guidance""}","{""seededFrom"": ""mst_process + mst_job_type + mst_department"", ""taskTypeLogic"": ""process.isapprovalrequired + client approval + job-type nature"", ""partyRoutingDepartment"": 9999}","HIGH",True,True,54,"SYSTEM","2026-04-16 08:57:33.887592",NULL,"2026-04-16 08:57:33.887592"
"1797",1003,"FULL_SCREEN",6,6,"JOB_CREATE","JOB_CREATE","1007","PROC_START","Job Creation Started",NULL,1,"INTERNAL",True,True,False,True,False,False,False,False,False,True,True,False,"P_JOB_CREATE","[FULL_SCREEN] Job Creation [PROC_START] - {job_no}","Process: Job Creation (JOB_CREATE)
Event: PROC_START
Job No: {job_no}
Work Note: Update step status and part-wise completion in workspace.","2.00","2.00","DEPT_HEAD","2.00","PENDING",True,NULL,"{""channels"": {""push"": true, ""email"": true, ""workspace"": true}, ""eventType"": ""PROC_START"", ""jobTypeCode"": ""FULL_SCREEN"", ""jobTypeName"": ""Full Job – Screen Printing"", ""processCode"": ""JOB_CREATE"", ""printingMode"": ""SCREEN"", ""isFullProcess"": true, ""isOutsourceJob"": false, ""isSingleProcess"": false, ""isInhouseMaterial"": true, ""isCustomerMaterial"": false, ""allowAdvancePayment"": true, ""requireCostingApproval"": true}","{""model"": ""agentic-workspace-v1"", ""enabled"": true, ""purpose"": ""process-work-guidance""}","{""seededFrom"": ""mst_process + mst_job_type + mst_department"", ""taskTypeLogic"": ""process.isapprovalrequired + client approval + job-type nature"", ""partyRoutingDepartment"": 9999}","HIGH",True,True,61,"SYSTEM","2026-04-16 08:57:33.887592",NULL,"2026-04-16 08:57:33.887592"
"1798",1003,"FULL_SCREEN",6,6,"JOB_CREATE","JOB_CREATE","1007","TASK_ASSIGNED","Job Creation Assigned",NULL,1,"INTERNAL",True,True,False,True,False,False,False,False,False,True,True,False,"P_JOB_CREATE","[FULL_SCREEN] Job Creation [TASK_ASSIGNED] - {job_no}","Process: Job Creation (JOB_CREATE)
Event: TASK_ASSIGNED
Job No: {job_no}
Work Note: Update step status and part-wise completion in workspace.","2.00","2.00","DEPT_HEAD","2.00","PENDING",True,NULL,"{""channels"": {""push"": true, ""email"": true, ""workspace"": true}, ""eventType"": ""TASK_ASSIGNED"", ""jobTypeCode"": ""FULL_SCREEN"", ""jobTypeName"": ""Full Job – Screen Printing"", ""processCode"": ""JOB_CREATE"", ""printingMode"": ""SCREEN"", ""isFullProcess"": true, ""isOutsourceJob"": false, ""isSingleProcess"": false, ""isInhouseMaterial"": true, ""isCustomerMaterial"": false, ""allowAdvancePayment"": true, ""requireCostingApproval"": true}","{""model"": ""agentic-workspace-v1"", ""enabled"": true, ""purpose"": ""process-work-guidance""}","{""seededFrom"": ""mst_process + mst_job_type + mst_department"", ""taskTypeLogic"": ""process.isapprovalrequired + client approval + job-type nature"", ""partyRoutingDepartment"": 9999}","HIGH",True,True,62,"SYSTEM","2026-04-16 08:57:33.887592",NULL,"2026-04-16 08:57:33.887592"
"1799",1003,"FULL_SCREEN",6,6,"JOB_CREATE","JOB_CREATE","1007","TASK_OVERDUE","Job Creation Overdue",NULL,1,"INTERNAL",True,True,False,True,False,False,False,False,False,True,True,False,"P_JOB_CREATE","[FULL_SCREEN] Job Creation [TASK_OVERDUE] - {job_no}","Process: Job Creation (JOB_CREATE)
Event: TASK_OVERDUE
Job No: {job_no}
Work Note: Update step status and part-wise completion in workspace.","2.00","2.00","DEPT_HEAD","2.00","OVERDUE",False,NULL,"{""channels"": {""push"": true, ""email"": true, ""workspace"": true}, ""eventType"": ""TASK_OVERDUE"", ""jobTypeCode"": ""FULL_SCREEN"", ""jobTypeName"": ""Full Job – Screen Printing"", ""processCode"": ""JOB_CREATE"", ""printingMode"": ""SCREEN"", ""isFullProcess"": true, ""isOutsourceJob"": false, ""isSingleProcess"": false, ""isInhouseMaterial"": true, ""isCustomerMaterial"": false, ""allowAdvancePayment"": true, ""requireCostingApproval"": true}","{""model"": ""agentic-workspace-v1"", ""enabled"": true, ""purpose"": ""process-work-guidance""}","{""seededFrom"": ""mst_process + mst_job_type + mst_department"", ""taskTypeLogic"": ""process.isapprovalrequired + client approval + job-type nature"", ""partyRoutingDepartment"": 9999}","HIGH",True,True,63,"SYSTEM","2026-04-16 08:57:33.887592",NULL,"2026-04-16 08:57:33.887592"
"1800",1003,"FULL_SCREEN",6,6,"JOB_CREATE","JOB_CREATE","1007","TASK_COMPLETED","Job Creation Completed",NULL,1,"INTERNAL",True,True,False,True,False,False,False,False,False,True,True,False,"P_JOB_CREATE","[FULL_SCREEN] Job Creation [TASK_COMPLETED] - {job_no}","Process: Job Creation (JOB_CREATE)
Event: TASK_COMPLETED
Job No: {job_no}
Work Note: Update step status and part-wise completion in workspace.","2.00","2.00","DEPT_HEAD","2.00","COMPLETED",False,NULL,"{""channels"": {""push"": true, ""email"": true, ""workspace"": true}, ""eventType"": ""TASK_COMPLETED"", ""jobTypeCode"": ""FULL_SCREEN"", ""jobTypeName"": ""Full Job – Screen Printing"", ""processCode"": ""JOB_CREATE"", ""printingMode"": ""SCREEN"", ""isFullProcess"": true, ""isOutsourceJob"": false, ""isSingleProcess"": false, ""isInhouseMaterial"": true, ""isCustomerMaterial"": false, ""allowAdvancePayment"": true, ""requireCostingApproval"": true}","{""model"": ""agentic-workspace-v1"", ""enabled"": true, ""purpose"": ""process-work-guidance""}","{""seededFrom"": ""mst_process + mst_job_type + mst_department"", ""taskTypeLogic"": ""process.isapprovalrequired + client approval + job-type nature"", ""partyRoutingDepartment"": 9999}","HIGH",True,True,64,"SYSTEM","2026-04-16 08:57:33.887592",NULL,"2026-04-16 08:57:33.887592"
"1801",1003,"FULL_SCREEN",7,7,"JOB_APPROVAL","JOB_APPROVAL","9999","PROC_START","Job Approval Started",NULL,1,"PARTY",True,True,False,True,False,True,True,False,False,True,True,False,"P_PRE_DES","[FULL_SCREEN] Job Approval [PROC_START] - {job_no}","Process: Job Approval (JOB_APPROVAL)
Event: PROC_START
Job No: {job_no}
Work Note: Update step status and part-wise completion in workspace.","4.00","2.00","DEPT_HEAD","2.00","PENDING",True,NULL,"{""channels"": {""push"": true, ""email"": true, ""workspace"": true}, ""eventType"": ""PROC_START"", ""jobTypeCode"": ""FULL_SCREEN"", ""jobTypeName"": ""Full Job – Screen Printing"", ""processCode"": ""JOB_APPROVAL"", ""printingMode"": ""SCREEN"", ""isFullProcess"": true, ""isOutsourceJob"": false, ""isSingleProcess"": false, ""isInhouseMaterial"": true, ""isCustomerMaterial"": false, ""allowAdvancePayment"": true, ""requireCostingApproval"": true}","{""model"": ""agentic-workspace-v1"", ""enabled"": true, ""purpose"": ""process-work-guidance""}","{""seededFrom"": ""mst_process + mst_job_type + mst_department"", ""taskTypeLogic"": ""process.isapprovalrequired + client approval + job-type nature"", ""partyRoutingDepartment"": 9999}","HIGH",False,True,71,"SYSTEM","2026-04-16 08:57:33.887592",NULL,"2026-04-16 08:57:33.887592"
"1802",1003,"FULL_SCREEN",7,7,"JOB_APPROVAL","JOB_APPROVAL","9999","TASK_ASSIGNED","Job Approval Assigned",NULL,1,"PARTY",True,True,False,True,False,True,True,False,False,True,True,False,"P_PRE_DES","[FULL_SCREEN] Job Approval [TASK_ASSIGNED] - {job_no}","Process: Job Approval (JOB_APPROVAL)
Event: TASK_ASSIGNED
Job No: {job_no}
Work Note: Update step status and part-wise completion in workspace.","4.00","2.00","DEPT_HEAD","2.00","PENDING",True,NULL,"{""channels"": {""push"": true, ""email"": true, ""workspace"": true}, ""eventType"": ""TASK_ASSIGNED"", ""jobTypeCode"": ""FULL_SCREEN"", ""jobTypeName"": ""Full Job – Screen Printing"", ""processCode"": ""JOB_APPROVAL"", ""printingMode"": ""SCREEN"", ""isFullProcess"": true, ""isOutsourceJob"": false, ""isSingleProcess"": false, ""isInhouseMaterial"": true, ""isCustomerMaterial"": false, ""allowAdvancePayment"": true, ""requireCostingApproval"": true}","{""model"": ""agentic-workspace-v1"", ""enabled"": true, ""purpose"": ""process-work-guidance""}","{""seededFrom"": ""mst_process + mst_job_type + mst_department"", ""taskTypeLogic"": ""process.isapprovalrequired + client approval + job-type nature"", ""partyRoutingDepartment"": 9999}","HIGH",False,True,72,"SYSTEM","2026-04-16 08:57:33.887592",NULL,"2026-04-16 08:57:33.887592"
"1803",1003,"FULL_SCREEN",7,7,"JOB_APPROVAL","JOB_APPROVAL","9999","TASK_OVERDUE","Job Approval Overdue",NULL,1,"PARTY",True,True,False,True,False,True,True,False,False,True,True,False,"P_PRE_DES","[FULL_SCREEN] Job Approval [TASK_OVERDUE] - {job_no}","Process: Job Approval (JOB_APPROVAL)
Event: TASK_OVERDUE
Job No: {job_no}
Work Note: Update step status and part-wise completion in workspace.","4.00","2.00","DEPT_HEAD","2.00","OVERDUE",False,NULL,"{""channels"": {""push"": true, ""email"": true, ""workspace"": true}, ""eventType"": ""TASK_OVERDUE"", ""jobTypeCode"": ""FULL_SCREEN"", ""jobTypeName"": ""Full Job – Screen Printing"", ""processCode"": ""JOB_APPROVAL"", ""printingMode"": ""SCREEN"", ""isFullProcess"": true, ""isOutsourceJob"": false, ""isSingleProcess"": false, ""isInhouseMaterial"": true, ""isCustomerMaterial"": false, ""allowAdvancePayment"": true, ""requireCostingApproval"": true}","{""model"": ""agentic-workspace-v1"", ""enabled"": true, ""purpose"": ""process-work-guidance""}","{""seededFrom"": ""mst_process + mst_job_type + mst_department"", ""taskTypeLogic"": ""process.isapprovalrequired + client approval + job-type nature"", ""partyRoutingDepartment"": 9999}","HIGH",False,True,73,"SYSTEM","2026-04-16 08:57:33.887592",NULL,"2026-04-16 08:57:33.887592"
"1804",1003,"FULL_SCREEN",7,7,"JOB_APPROVAL","JOB_APPROVAL","9999","TASK_COMPLETED","Job Approval Completed",NULL,1,"PARTY",True,True,False,True,False,True,True,False,False,True,True,False,"P_PRE_DES","[FULL_SCREEN] Job Approval [TASK_COMPLETED] - {job_no}","Process: Job Approval (JOB_APPROVAL)
Event: TASK_COMPLETED
Job No: {job_no}
Work Note: Update step status and part-wise completion in workspace.","4.00","2.00","DEPT_HEAD","2.00","COMPLETED",False,NULL,"{""channels"": {""push"": true, ""email"": true, ""workspace"": true}, ""eventType"": ""TASK_COMPLETED"", ""jobTypeCode"": ""FULL_SCREEN"", ""jobTypeName"": ""Full Job – Screen Printing"", ""processCode"": ""JOB_APPROVAL"", ""printingMode"": ""SCREEN"", ""isFullProcess"": true, ""isOutsourceJob"": false, ""isSingleProcess"": false, ""isInhouseMaterial"": true, ""isCustomerMaterial"": false, ""allowAdvancePayment"": true, ""requireCostingApproval"": true}","{""model"": ""agentic-workspace-v1"", ""enabled"": true, ""purpose"": ""process-work-guidance""}","{""seededFrom"": ""mst_process + mst_job_type + mst_department"", ""taskTypeLogic"": ""process.isapprovalrequired + client approval + job-type nature"", ""partyRoutingDepartment"": 9999}","HIGH",False,True,74,"SYSTEM","2026-04-16 08:57:33.887592",NULL,"2026-04-16 08:57:33.887592"
"1805",1003,"FULL_SCREEN",8,8,"DES_DTP","DES_DTP","1009","PROC_START","Designing / DTP Started",NULL,1,"INTERNAL",True,True,False,True,False,False,False,False,False,True,True,False,"P_DESIGN","[FULL_SCREEN] Design [PROC_START] - {job_no}","Process: Designing / DTP (DES_DTP)
Event: PROC_START
Job No: {job_no}
Work Note: Update step status and part-wise completion in workspace.","12.00","2.00","DEPT_HEAD","2.00","PENDING",True,NULL,"{""channels"": {""push"": true, ""email"": true, ""workspace"": true}, ""eventType"": ""PROC_START"", ""jobTypeCode"": ""FULL_SCREEN"", ""jobTypeName"": ""Full Job – Screen Printing"", ""processCode"": ""DES_DTP"", ""printingMode"": ""SCREEN"", ""isFullProcess"": true, ""isOutsourceJob"": false, ""isSingleProcess"": false, ""isInhouseMaterial"": true, ""isCustomerMaterial"": false, ""allowAdvancePayment"": true, ""requireCostingApproval"": true}","{""model"": ""agentic-workspace-v1"", ""enabled"": true, ""purpose"": ""process-work-guidance""}","{""seededFrom"": ""mst_process + mst_job_type + mst_department"", ""taskTypeLogic"": ""process.isapprovalrequired + client approval + job-type nature"", ""partyRoutingDepartment"": 9999}","HIGH",True,True,81,"SYSTEM","2026-04-16 08:57:33.887592",NULL,"2026-04-16 08:57:33.887592"
"1806",1003,"FULL_SCREEN",8,8,"DES_DTP","DES_DTP","1009","TASK_ASSIGNED","Designing / DTP Assigned",NULL,1,"INTERNAL",True,True,False,True,False,False,False,False,False,True,True,False,"P_DESIGN","[FULL_SCREEN] Design [TASK_ASSIGNED] - {job_no}","Process: Designing / DTP (DES_DTP)
Event: TASK_ASSIGNED
Job No: {job_no}
Work Note: Update step status and part-wise completion in workspace.","12.00","2.00","DEPT_HEAD","2.00","PENDING",True,NULL,"{""channels"": {""push"": true, ""email"": true, ""workspace"": true}, ""eventType"": ""TASK_ASSIGNED"", ""jobTypeCode"": ""FULL_SCREEN"", ""jobTypeName"": ""Full Job – Screen Printing"", ""processCode"": ""DES_DTP"", ""printingMode"": ""SCREEN"", ""isFullProcess"": true, ""isOutsourceJob"": false, ""isSingleProcess"": false, ""isInhouseMaterial"": true, ""isCustomerMaterial"": false, ""allowAdvancePayment"": true, ""requireCostingApproval"": true}","{""model"": ""agentic-workspace-v1"", ""enabled"": true, ""purpose"": ""process-work-guidance""}","{""seededFrom"": ""mst_process + mst_job_type + mst_department"", ""taskTypeLogic"": ""process.isapprovalrequired + client approval + job-type nature"", ""partyRoutingDepartment"": 9999}","HIGH",True,True,82,"SYSTEM","2026-04-16 08:57:33.887592",NULL,"2026-04-16 08:57:33.887592"
"1807",1003,"FULL_SCREEN",8,8,"DES_DTP","DES_DTP","1009","TASK_OVERDUE","Designing / DTP Overdue",NULL,1,"INTERNAL",True,True,False,True,False,False,False,False,False,True,True,False,"P_DESIGN","[FULL_SCREEN] Design [TASK_OVERDUE] - {job_no}","Process: Designing / DTP (DES_DTP)
Event: TASK_OVERDUE
Job No: {job_no}
Work Note: Update step status and part-wise completion in workspace.","12.00","2.00","DEPT_HEAD","2.00","OVERDUE",False,NULL,"{""channels"": {""push"": true, ""email"": true, ""workspace"": true}, ""eventType"": ""TASK_OVERDUE"", ""jobTypeCode"": ""FULL_SCREEN"", ""jobTypeName"": ""Full Job – Screen Printing"", ""processCode"": ""DES_DTP"", ""printingMode"": ""SCREEN"", ""isFullProcess"": true, ""isOutsourceJob"": false, ""isSingleProcess"": false, ""isInhouseMaterial"": true, ""isCustomerMaterial"": false, ""allowAdvancePayment"": true, ""requireCostingApproval"": true}","{""model"": ""agentic-workspace-v1"", ""enabled"": true, ""purpose"": ""process-work-guidance""}","{""seededFrom"": ""mst_process + mst_job_type + mst_department"", ""taskTypeLogic"": ""process.isapprovalrequired + client approval + job-type nature"", ""partyRoutingDepartment"": 9999}","HIGH",True,True,83,"SYSTEM","2026-04-16 08:57:33.887592",NULL,"2026-04-16 08:57:33.887592"
"1808",1003,"FULL_SCREEN",8,8,"DES_DTP","DES_DTP","1009","TASK_COMPLETED","Designing / DTP Completed",NULL,1,"INTERNAL",True,True,False,True,False,False,False,False,False,True,True,False,"P_DESIGN","[FULL_SCREEN] Design [TASK_COMPLETED] - {job_no}","Process: Designing / DTP (DES_DTP)
Event: TASK_COMPLETED
Job No: {job_no}
Work Note: Update step status and part-wise completion in workspace.","12.00","2.00","DEPT_HEAD","2.00","COMPLETED",False,NULL,"{""channels"": {""push"": true, ""email"": true, ""workspace"": true}, ""eventType"": ""TASK_COMPLETED"", ""jobTypeCode"": ""FULL_SCREEN"", ""jobTypeName"": ""Full Job – Screen Printing"", ""processCode"": ""DES_DTP"", ""printingMode"": ""SCREEN"", ""isFullProcess"": true, ""isOutsourceJob"": false, ""isSingleProcess"": false, ""isInhouseMaterial"": true, ""isCustomerMaterial"": false, ""allowAdvancePayment"": true, ""requireCostingApproval"": true}","{""model"": ""agentic-workspace-v1"", ""enabled"": true, ""purpose"": ""process-work-guidance""}","{""seededFrom"": ""mst_process + mst_job_type + mst_department"", ""taskTypeLogic"": ""process.isapprovalrequired + client approval + job-type nature"", ""partyRoutingDepartment"": 9999}","HIGH",True,True,84,"SYSTEM","2026-04-16 08:57:33.887592",NULL,"2026-04-16 08:57:33.887592"
"1809",1003,"FULL_SCREEN",9,9,"PROOF","PROOF","9999","PROC_START","Client Proof Approval Started",NULL,1,"PARTY",True,True,False,True,False,True,True,False,False,True,True,False,"P_PROOF","[FULL_SCREEN] Proof Approval [PROC_START] - {job_no}","Process: Client Proof Approval (PROOF)
Event: PROC_START
Job No: {job_no}
Work Note: Update step status and part-wise completion in workspace.","24.00","2.00","DEPT_HEAD","2.00","PENDING",True,NULL,"{""channels"": {""push"": true, ""email"": true, ""workspace"": true}, ""eventType"": ""PROC_START"", ""jobTypeCode"": ""FULL_SCREEN"", ""jobTypeName"": ""Full Job – Screen Printing"", ""processCode"": ""PROOF"", ""printingMode"": ""SCREEN"", ""isFullProcess"": true, ""isOutsourceJob"": false, ""isSingleProcess"": false, ""isInhouseMaterial"": true, ""isCustomerMaterial"": false, ""allowAdvancePayment"": true, ""requireCostingApproval"": true}","{""model"": ""agentic-workspace-v1"", ""enabled"": true, ""purpose"": ""process-work-guidance""}","{""seededFrom"": ""mst_process + mst_job_type + mst_department"", ""taskTypeLogic"": ""process.isapprovalrequired + client approval + job-type nature"", ""partyRoutingDepartment"": 9999}","HIGH",True,True,91,"SYSTEM","2026-04-16 08:57:33.887592",NULL,"2026-04-16 08:57:33.887592"
"1810",1003,"FULL_SCREEN",9,9,"PROOF","PROOF","9999","TASK_ASSIGNED","Client Proof Approval Assigned",NULL,1,"PARTY",True,True,False,True,False,True,True,False,False,True,True,False,"P_PROOF","[FULL_SCREEN] Proof Approval [TASK_ASSIGNED] - {job_no}","Process: Client Proof Approval (PROOF)
Event: TASK_ASSIGNED
Job No: {job_no}
Work Note: Update step status and part-wise completion in workspace.","24.00","2.00","DEPT_HEAD","2.00","PENDING",True,NULL,"{""channels"": {""push"": true, ""email"": true, ""workspace"": true}, ""eventType"": ""TASK_ASSIGNED"", ""jobTypeCode"": ""FULL_SCREEN"", ""jobTypeName"": ""Full Job – Screen Printing"", ""processCode"": ""PROOF"", ""printingMode"": ""SCREEN"", ""isFullProcess"": true, ""isOutsourceJob"": false, ""isSingleProcess"": false, ""isInhouseMaterial"": true, ""isCustomerMaterial"": false, ""allowAdvancePayment"": true, ""requireCostingApproval"": true}","{""model"": ""agentic-workspace-v1"", ""enabled"": true, ""purpose"": ""process-work-guidance""}","{""seededFrom"": ""mst_process + mst_job_type + mst_department"", ""taskTypeLogic"": ""process.isapprovalrequired + client approval + job-type nature"", ""partyRoutingDepartment"": 9999}","HIGH",True,True,92,"SYSTEM","2026-04-16 08:57:33.887592",NULL,"2026-04-16 08:57:33.887592"
"1811",1003,"FULL_SCREEN",9,9,"PROOF","PROOF","9999","TASK_OVERDUE","Client Proof Approval Overdue",NULL,1,"PARTY",True,True,False,True,False,True,True,False,False,True,True,False,"P_PROOF","[FULL_SCREEN] Proof Approval [TASK_OVERDUE] - {job_no}","Process: Client Proof Approval (PROOF)
Event: TASK_OVERDUE
Job No: {job_no}
Work Note: Update step status and part-wise completion in workspace.","24.00","2.00","DEPT_HEAD","2.00","OVERDUE",False,NULL,"{""channels"": {""push"": true, ""email"": true, ""workspace"": true}, ""eventType"": ""TASK_OVERDUE"", ""jobTypeCode"": ""FULL_SCREEN"", ""jobTypeName"": ""Full Job – Screen Printing"", ""processCode"": ""PROOF"", ""printingMode"": ""SCREEN"", ""isFullProcess"": true, ""isOutsourceJob"": false, ""isSingleProcess"": false, ""isInhouseMaterial"": true, ""isCustomerMaterial"": false, ""allowAdvancePayment"": true, ""requireCostingApproval"": true}","{""model"": ""agentic-workspace-v1"", ""enabled"": true, ""purpose"": ""process-work-guidance""}","{""seededFrom"": ""mst_process + mst_job_type + mst_department"", ""taskTypeLogic"": ""process.isapprovalrequired + client approval + job-type nature"", ""partyRoutingDepartment"": 9999}","HIGH",True,True,93,"SYSTEM","2026-04-16 08:57:33.887592",NULL,"2026-04-16 08:57:33.887592"
"1812",1003,"FULL_SCREEN",9,9,"PROOF","PROOF","9999","TASK_COMPLETED","Client Proof Approval Completed",NULL,1,"PARTY",True,True,False,True,False,True,True,False,False,True,True,False,"P_PROOF","[FULL_SCREEN] Proof Approval [TASK_COMPLETED] - {job_no}","Process: Client Proof Approval (PROOF)
Event: TASK_COMPLETED
Job No: {job_no}
Work Note: Update step status and part-wise completion in workspace.","24.00","2.00","DEPT_HEAD","2.00","COMPLETED",False,NULL,"{""channels"": {""push"": true, ""email"": true, ""workspace"": true}, ""eventType"": ""TASK_COMPLETED"", ""jobTypeCode"": ""FULL_SCREEN"", ""jobTypeName"": ""Full Job – Screen Printing"", ""processCode"": ""PROOF"", ""printingMode"": ""SCREEN"", ""isFullProcess"": true, ""isOutsourceJob"": false, ""isSingleProcess"": false, ""isInhouseMaterial"": true, ""isCustomerMaterial"": false, ""allowAdvancePayment"": true, ""requireCostingApproval"": true}","{""model"": ""agentic-workspace-v1"", ""enabled"": true, ""purpose"": ""process-work-guidance""}","{""seededFrom"": ""mst_process + mst_job_type + mst_department"", ""taskTypeLogic"": ""process.isapprovalrequired + client approval + job-type nature"", ""partyRoutingDepartment"": 9999}","HIGH",True,True,94,"SYSTEM","2026-04-16 08:57:33.887592",NULL,"2026-04-16 08:57:33.887592"
"1813",1003,"FULL_SCREEN",15,15,"JOB_PLAN","JOB_PLAN","1010","PROC_START","Production Planning Started",NULL,0,"INTERNAL",True,False,False,False,False,False,False,False,False,True,True,False,"P_PLAN","[FULL_SCREEN] Planning [PROC_START] - {job_no}","Process: Production Planning (JOB_PLAN)
Event: PROC_START
Job No: {job_no}
Work Note: Update step status and part-wise completion in workspace.","4.00","2.00",NULL,"2.00","PENDING",True,NULL,"{""channels"": {""push"": true, ""email"": true, ""workspace"": true}, ""eventType"": ""PROC_START"", ""jobTypeCode"": ""FULL_SCREEN"", ""jobTypeName"": ""Full Job – Screen Printing"", ""processCode"": ""JOB_PLAN"", ""printingMode"": ""SCREEN"", ""isFullProcess"": true, ""isOutsourceJob"": false, ""isSingleProcess"": false, ""isInhouseMaterial"": true, ""isCustomerMaterial"": false, ""allowAdvancePayment"": true, ""requireCostingApproval"": true}","{""model"": ""agentic-workspace-v1"", ""enabled"": true, ""purpose"": ""process-work-guidance""}","{""seededFrom"": ""mst_process + mst_job_type + mst_department"", ""taskTypeLogic"": ""process.isapprovalrequired + client approval + job-type nature"", ""partyRoutingDepartment"": 9999}","NORMAL",True,True,151,"SYSTEM","2026-04-16 08:57:33.887592",NULL,"2026-04-16 08:57:33.887592"
"1814",1003,"FULL_SCREEN",15,15,"JOB_PLAN","JOB_PLAN","1010","TASK_ASSIGNED","Production Planning Assigned",NULL,0,"INTERNAL",True,False,False,False,False,False,False,False,False,True,True,False,"P_PLAN","[FULL_SCREEN] Planning [TASK_ASSIGNED] - {job_no}","Process: Production Planning (JOB_PLAN)
Event: TASK_ASSIGNED
Job No: {job_no}
Work Note: Update step status and part-wise completion in workspace.","4.00","2.00",NULL,"2.00","PENDING",True,NULL,"{""channels"": {""push"": true, ""email"": true, ""workspace"": true}, ""eventType"": ""TASK_ASSIGNED"", ""jobTypeCode"": ""FULL_SCREEN"", ""jobTypeName"": ""Full Job – Screen Printing"", ""processCode"": ""JOB_PLAN"", ""printingMode"": ""SCREEN"", ""isFullProcess"": true, ""isOutsourceJob"": false, ""isSingleProcess"": false, ""isInhouseMaterial"": true, ""isCustomerMaterial"": false, ""allowAdvancePayment"": true, ""requireCostingApproval"": true}","{""model"": ""agentic-workspace-v1"", ""enabled"": true, ""purpose"": ""process-work-guidance""}","{""seededFrom"": ""mst_process + mst_job_type + mst_department"", ""taskTypeLogic"": ""process.isapprovalrequired + client approval + job-type nature"", ""partyRoutingDepartment"": 9999}","NORMAL",True,True,152,"SYSTEM","2026-04-16 08:57:33.887592",NULL,"2026-04-16 08:57:33.887592"
"1815",1003,"FULL_SCREEN",15,15,"JOB_PLAN","JOB_PLAN","1010","TASK_OVERDUE","Production Planning Overdue",NULL,0,"INTERNAL",True,False,False,False,False,False,False,False,False,True,True,False,"P_PLAN","[FULL_SCREEN] Planning [TASK_OVERDUE] - {job_no}","Process: Production Planning (JOB_PLAN)
Event: TASK_OVERDUE
Job No: {job_no}
Work Note: Update step status and part-wise completion in workspace.","4.00","2.00",NULL,"2.00","OVERDUE",False,NULL,"{""channels"": {""push"": true, ""email"": true, ""workspace"": true}, ""eventType"": ""TASK_OVERDUE"", ""jobTypeCode"": ""FULL_SCREEN"", ""jobTypeName"": ""Full Job – Screen Printing"", ""processCode"": ""JOB_PLAN"", ""printingMode"": ""SCREEN"", ""isFullProcess"": true, ""isOutsourceJob"": false, ""isSingleProcess"": false, ""isInhouseMaterial"": true, ""isCustomerMaterial"": false, ""allowAdvancePayment"": true, ""requireCostingApproval"": true}","{""model"": ""agentic-workspace-v1"", ""enabled"": true, ""purpose"": ""process-work-guidance""}","{""seededFrom"": ""mst_process + mst_job_type + mst_department"", ""taskTypeLogic"": ""process.isapprovalrequired + client approval + job-type nature"", ""partyRoutingDepartment"": 9999}","NORMAL",True,True,153,"SYSTEM","2026-04-16 08:57:33.887592",NULL,"2026-04-16 08:57:33.887592"
"1816",1003,"FULL_SCREEN",15,15,"JOB_PLAN","JOB_PLAN","1010","TASK_COMPLETED","Production Planning Completed",NULL,0,"INTERNAL",True,False,False,False,False,False,False,False,False,True,True,False,"P_PLAN","[FULL_SCREEN] Planning [TASK_COMPLETED] - {job_no}","Process: Production Planning (JOB_PLAN)
Event: TASK_COMPLETED
Job No: {job_no}
Work Note: Update step status and part-wise completion in workspace.","4.00","2.00",NULL,"2.00","COMPLETED",False,NULL,"{""channels"": {""push"": true, ""email"": true, ""workspace"": true}, ""eventType"": ""TASK_COMPLETED"", ""jobTypeCode"": ""FULL_SCREEN"", ""jobTypeName"": ""Full Job – Screen Printing"", ""processCode"": ""JOB_PLAN"", ""printingMode"": ""SCREEN"", ""isFullProcess"": true, ""isOutsourceJob"": false, ""isSingleProcess"": false, ""isInhouseMaterial"": true, ""isCustomerMaterial"": false, ""allowAdvancePayment"": true, ""requireCostingApproval"": true}","{""model"": ""agentic-workspace-v1"", ""enabled"": true, ""purpose"": ""process-work-guidance""}","{""seededFrom"": ""mst_process + mst_job_type + mst_department"", ""taskTypeLogic"": ""process.isapprovalrequired + client approval + job-type nature"", ""partyRoutingDepartment"": 9999}","NORMAL",True,True,154,"SYSTEM","2026-04-16 08:57:33.887592",NULL,"2026-04-16 08:57:33.887592"
"1817",1003,"FULL_SCREEN",16,16,"JOB_SCHED","JOB_SCHED","1010","PROC_START","Job Scheduling Started",NULL,0,"INTERNAL",True,False,False,False,False,False,False,False,False,True,True,False,"P_SCHED","[FULL_SCREEN] Scheduling [PROC_START] - {job_no}","Process: Job Scheduling (JOB_SCHED)
Event: PROC_START
Job No: {job_no}
Work Note: Update step status and part-wise completion in workspace.","4.00","2.00",NULL,"2.00","PENDING",True,NULL,"{""channels"": {""push"": true, ""email"": true, ""workspace"": true}, ""eventType"": ""PROC_START"", ""jobTypeCode"": ""FULL_SCREEN"", ""jobTypeName"": ""Full Job – Screen Printing"", ""processCode"": ""JOB_SCHED"", ""printingMode"": ""SCREEN"", ""isFullProcess"": true, ""isOutsourceJob"": false, ""isSingleProcess"": false, ""isInhouseMaterial"": true, ""isCustomerMaterial"": false, ""allowAdvancePayment"": true, ""requireCostingApproval"": true}","{""model"": ""agentic-workspace-v1"", ""enabled"": true, ""purpose"": ""process-work-guidance""}","{""seededFrom"": ""mst_process + mst_job_type + mst_department"", ""taskTypeLogic"": ""process.isapprovalrequired + client approval + job-type nature"", ""partyRoutingDepartment"": 9999}","NORMAL",True,True,161,"SYSTEM","2026-04-16 08:57:33.887592",NULL,"2026-04-16 08:57:33.887592"
"1818",1003,"FULL_SCREEN",16,16,"JOB_SCHED","JOB_SCHED","1010","TASK_ASSIGNED","Job Scheduling Assigned",NULL,0,"INTERNAL",True,False,False,False,False,False,False,False,False,True,True,False,"P_SCHED","[FULL_SCREEN] Scheduling [TASK_ASSIGNED] - {job_no}","Process: Job Scheduling (JOB_SCHED)
Event: TASK_ASSIGNED
Job No: {job_no}
Work Note: Update step status and part-wise completion in workspace.","4.00","2.00",NULL,"2.00","PENDING",True,NULL,"{""channels"": {""push"": true, ""email"": true, ""workspace"": true}, ""eventType"": ""TASK_ASSIGNED"", ""jobTypeCode"": ""FULL_SCREEN"", ""jobTypeName"": ""Full Job – Screen Printing"", ""processCode"": ""JOB_SCHED"", ""printingMode"": ""SCREEN"", ""isFullProcess"": true, ""isOutsourceJob"": false, ""isSingleProcess"": false, ""isInhouseMaterial"": true, ""isCustomerMaterial"": false, ""allowAdvancePayment"": true, ""requireCostingApproval"": true}","{""model"": ""agentic-workspace-v1"", ""enabled"": true, ""purpose"": ""process-work-guidance""}","{""seededFrom"": ""mst_process + mst_job_type + mst_department"", ""taskTypeLogic"": ""process.isapprovalrequired + client approval + job-type nature"", ""partyRoutingDepartment"": 9999}","NORMAL",True,True,162,"SYSTEM","2026-04-16 08:57:33.887592",NULL,"2026-04-16 08:57:33.887592"
"1819",1003,"FULL_SCREEN",16,16,"JOB_SCHED","JOB_SCHED","1010","TASK_OVERDUE","Job Scheduling Overdue",NULL,0,"INTERNAL",True,False,False,False,False,False,False,False,False,True,True,False,"P_SCHED","[FULL_SCREEN] Scheduling [TASK_OVERDUE] - {job_no}","Process: Job Scheduling (JOB_SCHED)
Event: TASK_OVERDUE
Job No: {job_no}
Work Note: Update step status and part-wise completion in workspace.","4.00","2.00",NULL,"2.00","OVERDUE",False,NULL,"{""channels"": {""push"": true, ""email"": true, ""workspace"": true}, ""eventType"": ""TASK_OVERDUE"", ""jobTypeCode"": ""FULL_SCREEN"", ""jobTypeName"": ""Full Job – Screen Printing"", ""processCode"": ""JOB_SCHED"", ""printingMode"": ""SCREEN"", ""isFullProcess"": true, ""isOutsourceJob"": false, ""isSingleProcess"": false, ""isInhouseMaterial"": true, ""isCustomerMaterial"": false, ""allowAdvancePayment"": true, ""requireCostingApproval"": true}","{""model"": ""agentic-workspace-v1"", ""enabled"": true, ""purpose"": ""process-work-guidance""}","{""seededFrom"": ""mst_process + mst_job_type + mst_department"", ""taskTypeLogic"": ""process.isapprovalrequired + client approval + job-type nature"", ""partyRoutingDepartment"": 9999}","NORMAL",True,True,163,"SYSTEM","2026-04-16 08:57:33.887592",NULL,"2026-04-16 08:57:33.887592"
"1820",1003,"FULL_SCREEN",16,16,"JOB_SCHED","JOB_SCHED","1010","TASK_COMPLETED","Job Scheduling Completed",NULL,0,"INTERNAL",True,False,False,False,False,False,False,False,False,True,True,False,"P_SCHED","[FULL_SCREEN] Scheduling [TASK_COMPLETED] - {job_no}","Process: Job Scheduling (JOB_SCHED)
Event: TASK_COMPLETED
Job No: {job_no}
Work Note: Update step status and part-wise completion in workspace.","4.00","2.00",NULL,"2.00","COMPLETED",False,NULL,"{""channels"": {""push"": true, ""email"": true, ""workspace"": true}, ""eventType"": ""TASK_COMPLETED"", ""jobTypeCode"": ""FULL_SCREEN"", ""jobTypeName"": ""Full Job – Screen Printing"", ""processCode"": ""JOB_SCHED"", ""printingMode"": ""SCREEN"", ""isFullProcess"": true, ""isOutsourceJob"": false, ""isSingleProcess"": false, ""isInhouseMaterial"": true, ""isCustomerMaterial"": false, ""allowAdvancePayment"": true, ""requireCostingApproval"": true}","{""model"": ""agentic-workspace-v1"", ""enabled"": true, ""purpose"": ""process-work-guidance""}","{""seededFrom"": ""mst_process + mst_job_type + mst_department"", ""taskTypeLogic"": ""process.isapprovalrequired + client approval + job-type nature"", ""partyRoutingDepartment"": 9999}","NORMAL",True,True,164,"SYSTEM","2026-04-16 08:57:33.887592",NULL,"2026-04-16 08:57:33.887592"
"1821",1003,"FULL_SCREEN",17,17,"JOB_CARD","JOB_CARD","1010","PROC_START","Job Card Generation Started",NULL,0,"INTERNAL",True,False,False,False,False,False,False,False,False,True,True,False,"P_JOB_CARD","[FULL_SCREEN] Job Card [PROC_START] - {job_no}","Process: Job Card Generation (JOB_CARD)
Event: PROC_START
Job No: {job_no}
Work Note: Update step status and part-wise completion in workspace.","2.00","2.00",NULL,"2.00","PENDING",True,NULL,"{""channels"": {""push"": true, ""email"": true, ""workspace"": true}, ""eventType"": ""PROC_START"", ""jobTypeCode"": ""FULL_SCREEN"", ""jobTypeName"": ""Full Job – Screen Printing"", ""processCode"": ""JOB_CARD"", ""printingMode"": ""SCREEN"", ""isFullProcess"": true, ""isOutsourceJob"": false, ""isSingleProcess"": false, ""isInhouseMaterial"": true, ""isCustomerMaterial"": false, ""allowAdvancePayment"": true, ""requireCostingApproval"": true}","{""model"": ""agentic-workspace-v1"", ""enabled"": true, ""purpose"": ""process-work-guidance""}","{""seededFrom"": ""mst_process + mst_job_type + mst_department"", ""taskTypeLogic"": ""process.isapprovalrequired + client approval + job-type nature"", ""partyRoutingDepartment"": 9999}","NORMAL",True,True,171,"SYSTEM","2026-04-16 08:57:33.887592",NULL,"2026-04-16 08:57:33.887592"
"1822",1003,"FULL_SCREEN",17,17,"JOB_CARD","JOB_CARD","1010","TASK_ASSIGNED","Job Card Generation Assigned",NULL,0,"INTERNAL",True,False,False,False,False,False,False,False,False,True,True,False,"P_JOB_CARD","[FULL_SCREEN] Job Card [TASK_ASSIGNED] - {job_no}","Process: Job Card Generation (JOB_CARD)
Event: TASK_ASSIGNED
Job No: {job_no}
Work Note: Update step status and part-wise completion in workspace.","2.00","2.00",NULL,"2.00","PENDING",True,NULL,"{""channels"": {""push"": true, ""email"": true, ""workspace"": true}, ""eventType"": ""TASK_ASSIGNED"", ""jobTypeCode"": ""FULL_SCREEN"", ""jobTypeName"": ""Full Job – Screen Printing"", ""processCode"": ""JOB_CARD"", ""printingMode"": ""SCREEN"", ""isFullProcess"": true, ""isOutsourceJob"": false, ""isSingleProcess"": false, ""isInhouseMaterial"": true, ""isCustomerMaterial"": false, ""allowAdvancePayment"": true, ""requireCostingApproval"": true}","{""model"": ""agentic-workspace-v1"", ""enabled"": true, ""purpose"": ""process-work-guidance""}","{""seededFrom"": ""mst_process + mst_job_type + mst_department"", ""taskTypeLogic"": ""process.isapprovalrequired + client approval + job-type nature"", ""partyRoutingDepartment"": 9999}","NORMAL",True,True,172,"SYSTEM","2026-04-16 08:57:33.887592",NULL,"2026-04-16 08:57:33.887592"
"1823",1003,"FULL_SCREEN",17,17,"JOB_CARD","JOB_CARD","1010","TASK_OVERDUE","Job Card Generation Overdue",NULL,0,"INTERNAL",True,False,False,False,False,False,False,False,False,True,True,False,"P_JOB_CARD","[FULL_SCREEN] Job Card [TASK_OVERDUE] - {job_no}","Process: Job Card Generation (JOB_CARD)
Event: TASK_OVERDUE
Job No: {job_no}
Work Note: Update step status and part-wise completion in workspace.","2.00","2.00",NULL,"2.00","OVERDUE",False,NULL,"{""channels"": {""push"": true, ""email"": true, ""workspace"": true}, ""eventType"": ""TASK_OVERDUE"", ""jobTypeCode"": ""FULL_SCREEN"", ""jobTypeName"": ""Full Job – Screen Printing"", ""processCode"": ""JOB_CARD"", ""printingMode"": ""SCREEN"", ""isFullProcess"": true, ""isOutsourceJob"": false, ""isSingleProcess"": false, ""isInhouseMaterial"": true, ""isCustomerMaterial"": false, ""allowAdvancePayment"": true, ""requireCostingApproval"": true}","{""model"": ""agentic-workspace-v1"", ""enabled"": true, ""purpose"": ""process-work-guidance""}","{""seededFrom"": ""mst_process + mst_job_type + mst_department"", ""taskTypeLogic"": ""process.isapprovalrequired + client approval + job-type nature"", ""partyRoutingDepartment"": 9999}","NORMAL",True,True,173,"SYSTEM","2026-04-16 08:57:33.887592",NULL,"2026-04-16 08:57:33.887592"
"1824",1003,"FULL_SCREEN",17,17,"JOB_CARD","JOB_CARD","1010","TASK_COMPLETED","Job Card Generation Completed",NULL,0,"INTERNAL",True,False,False,False,False,False,False,False,False,True,True,False,"P_JOB_CARD","[FULL_SCREEN] Job Card [TASK_COMPLETED] - {job_no}","Process: Job Card Generation (JOB_CARD)
Event: TASK_COMPLETED
Job No: {job_no}
Work Note: Update step status and part-wise completion in workspace.","2.00","2.00",NULL,"2.00","COMPLETED",False,NULL,"{""channels"": {""push"": true, ""email"": true, ""workspace"": true}, ""eventType"": ""TASK_COMPLETED"", ""jobTypeCode"": ""FULL_SCREEN"", ""jobTypeName"": ""Full Job – Screen Printing"", ""processCode"": ""JOB_CARD"", ""printingMode"": ""SCREEN"", ""isFullProcess"": true, ""isOutsourceJob"": false, ""isSingleProcess"": false, ""isInhouseMaterial"": true, ""isCustomerMaterial"": false, ""allowAdvancePayment"": true, ""requireCostingApproval"": true}","{""model"": ""agentic-workspace-v1"", ""enabled"": true, ""purpose"": ""process-work-guidance""}","{""seededFrom"": ""mst_process + mst_job_type + mst_department"", ""taskTypeLogic"": ""process.isapprovalrequired + client approval + job-type nature"", ""partyRoutingDepartment"": 9999}","NORMAL",True,True,174,"SYSTEM","2026-04-16 08:57:33.887592",NULL,"2026-04-16 08:57:33.887592"
"1825",1003,"FULL_SCREEN",18,18,"CUT","CUT","1011","PROC_START","Paper Cutting Started",NULL,0,"INTERNAL",True,False,False,False,False,False,False,False,False,True,True,False,"P_CUT","[FULL_SCREEN] Cutting [PROC_START] - {job_no}","Process: Paper Cutting (CUT)
Event: PROC_START
Job No: {job_no}
Work Note: Update step status and part-wise completion in workspace.","4.00","2.00",NULL,"2.00","PENDING",True,NULL,"{""channels"": {""push"": true, ""email"": true, ""workspace"": true}, ""eventType"": ""PROC_START"", ""jobTypeCode"": ""FULL_SCREEN"", ""jobTypeName"": ""Full Job – Screen Printing"", ""processCode"": ""CUT"", ""printingMode"": ""SCREEN"", ""isFullProcess"": true, ""isOutsourceJob"": false, ""isSingleProcess"": false, ""isInhouseMaterial"": true, ""isCustomerMaterial"": false, ""allowAdvancePayment"": true, ""requireCostingApproval"": true}","{""model"": ""agentic-workspace-v1"", ""enabled"": true, ""purpose"": ""process-work-guidance""}","{""seededFrom"": ""mst_process + mst_job_type + mst_department"", ""taskTypeLogic"": ""process.isapprovalrequired + client approval + job-type nature"", ""partyRoutingDepartment"": 9999}","NORMAL",True,True,181,"SYSTEM","2026-04-16 08:57:33.887592",NULL,"2026-04-16 08:57:33.887592"
"1826",1003,"FULL_SCREEN",18,18,"CUT","CUT","1011","TASK_ASSIGNED","Paper Cutting Assigned",NULL,0,"INTERNAL",True,False,False,False,False,False,False,False,False,True,True,False,"P_CUT","[FULL_SCREEN] Cutting [TASK_ASSIGNED] - {job_no}","Process: Paper Cutting (CUT)
Event: TASK_ASSIGNED
Job No: {job_no}
Work Note: Update step status and part-wise completion in workspace.","4.00","2.00",NULL,"2.00","PENDING",True,NULL,"{""channels"": {""push"": true, ""email"": true, ""workspace"": true}, ""eventType"": ""TASK_ASSIGNED"", ""jobTypeCode"": ""FULL_SCREEN"", ""jobTypeName"": ""Full Job – Screen Printing"", ""processCode"": ""CUT"", ""printingMode"": ""SCREEN"", ""isFullProcess"": true, ""isOutsourceJob"": false, ""isSingleProcess"": false, ""isInhouseMaterial"": true, ""isCustomerMaterial"": false, ""allowAdvancePayment"": true, ""requireCostingApproval"": true}","{""model"": ""agentic-workspace-v1"", ""enabled"": true, ""purpose"": ""process-work-guidance""}","{""seededFrom"": ""mst_process + mst_job_type + mst_department"", ""taskTypeLogic"": ""process.isapprovalrequired + client approval + job-type nature"", ""partyRoutingDepartment"": 9999}","NORMAL",True,True,182,"SYSTEM","2026-04-16 08:57:33.887592",NULL,"2026-04-16 08:57:33.887592"
"1827",1003,"FULL_SCREEN",18,18,"CUT","CUT","1011","TASK_OVERDUE","Paper Cutting Overdue",NULL,0,"INTERNAL",True,False,False,False,False,False,False,False,False,True,True,False,"P_CUT","[FULL_SCREEN] Cutting [TASK_OVERDUE] - {job_no}","Process: Paper Cutting (CUT)
Event: TASK_OVERDUE
Job No: {job_no}
Work Note: Update step status and part-wise completion in workspace.","4.00","2.00",NULL,"2.00","OVERDUE",False,NULL,"{""channels"": {""push"": true, ""email"": true, ""workspace"": true}, ""eventType"": ""TASK_OVERDUE"", ""jobTypeCode"": ""FULL_SCREEN"", ""jobTypeName"": ""Full Job – Screen Printing"", ""processCode"": ""CUT"", ""printingMode"": ""SCREEN"", ""isFullProcess"": true, ""isOutsourceJob"": false, ""isSingleProcess"": false, ""isInhouseMaterial"": true, ""isCustomerMaterial"": false, ""allowAdvancePayment"": true, ""requireCostingApproval"": true}","{""model"": ""agentic-workspace-v1"", ""enabled"": true, ""purpose"": ""process-work-guidance""}","{""seededFrom"": ""mst_process + mst_job_type + mst_department"", ""taskTypeLogic"": ""process.isapprovalrequired + client approval + job-type nature"", ""partyRoutingDepartment"": 9999}","NORMAL",True,True,183,"SYSTEM","2026-04-16 08:57:33.887592",NULL,"2026-04-16 08:57:33.887592"
"1828",1003,"FULL_SCREEN",18,18,"CUT","CUT","1011","TASK_COMPLETED","Paper Cutting Completed",NULL,0,"INTERNAL",True,False,False,False,False,False,False,False,False,True,True,False,"P_CUT","[FULL_SCREEN] Cutting [TASK_COMPLETED] - {job_no}","Process: Paper Cutting (CUT)
Event: TASK_COMPLETED
Job No: {job_no}
Work Note: Update step status and part-wise completion in workspace.","4.00","2.00",NULL,"2.00","COMPLETED",False,NULL,"{""channels"": {""push"": true, ""email"": true, ""workspace"": true}, ""eventType"": ""TASK_COMPLETED"", ""jobTypeCode"": ""FULL_SCREEN"", ""jobTypeName"": ""Full Job – Screen Printing"", ""processCode"": ""CUT"", ""printingMode"": ""SCREEN"", ""isFullProcess"": true, ""isOutsourceJob"": false, ""isSingleProcess"": false, ""isInhouseMaterial"": true, ""isCustomerMaterial"": false, ""allowAdvancePayment"": true, ""requireCostingApproval"": true}","{""model"": ""agentic-workspace-v1"", ""enabled"": true, ""purpose"": ""process-work-guidance""}","{""seededFrom"": ""mst_process + mst_job_type + mst_department"", ""taskTypeLogic"": ""process.isapprovalrequired + client approval + job-type nature"", ""partyRoutingDepartment"": 9999}","NORMAL",True,True,184,"SYSTEM","2026-04-16 08:57:33.887592",NULL,"2026-04-16 08:57:33.887592"
"1829",1003,"FULL_SCREEN",19,19,"PRINT","PRINT","1010","PROC_START","Printing Started",NULL,0,"INTERNAL",True,False,False,False,False,False,False,False,False,True,True,False,"P_PRINT","[FULL_SCREEN] Printing [PROC_START] - {job_no}","Process: Printing (PRINT)
Event: PROC_START
Job No: {job_no}
Work Note: Update step status and part-wise completion in workspace.","12.00","2.00",NULL,"2.00","PENDING",True,NULL,"{""channels"": {""push"": true, ""email"": true, ""workspace"": true}, ""eventType"": ""PROC_START"", ""jobTypeCode"": ""FULL_SCREEN"", ""jobTypeName"": ""Full Job – Screen Printing"", ""processCode"": ""PRINT"", ""printingMode"": ""SCREEN"", ""isFullProcess"": true, ""isOutsourceJob"": false, ""isSingleProcess"": false, ""isInhouseMaterial"": true, ""isCustomerMaterial"": false, ""allowAdvancePayment"": true, ""requireCostingApproval"": true}","{""model"": ""agentic-workspace-v1"", ""enabled"": true, ""purpose"": ""process-work-guidance""}","{""seededFrom"": ""mst_process + mst_job_type + mst_department"", ""taskTypeLogic"": ""process.isapprovalrequired + client approval + job-type nature"", ""partyRoutingDepartment"": 9999}","HIGH",True,True,191,"SYSTEM","2026-04-16 08:57:33.887592",NULL,"2026-04-16 08:57:33.887592"
"1830",1003,"FULL_SCREEN",19,19,"PRINT","PRINT","1010","TASK_ASSIGNED","Printing Assigned",NULL,0,"INTERNAL",True,False,False,False,False,False,False,False,False,True,True,False,"P_PRINT","[FULL_SCREEN] Printing [TASK_ASSIGNED] - {job_no}","Process: Printing (PRINT)
Event: TASK_ASSIGNED
Job No: {job_no}
Work Note: Update step status and part-wise completion in workspace.","12.00","2.00",NULL,"2.00","PENDING",True,NULL,"{""channels"": {""push"": true, ""email"": true, ""workspace"": true}, ""eventType"": ""TASK_ASSIGNED"", ""jobTypeCode"": ""FULL_SCREEN"", ""jobTypeName"": ""Full Job – Screen Printing"", ""processCode"": ""PRINT"", ""printingMode"": ""SCREEN"", ""isFullProcess"": true, ""isOutsourceJob"": false, ""isSingleProcess"": false, ""isInhouseMaterial"": true, ""isCustomerMaterial"": false, ""allowAdvancePayment"": true, ""requireCostingApproval"": true}","{""model"": ""agentic-workspace-v1"", ""enabled"": true, ""purpose"": ""process-work-guidance""}","{""seededFrom"": ""mst_process + mst_job_type + mst_department"", ""taskTypeLogic"": ""process.isapprovalrequired + client approval + job-type nature"", ""partyRoutingDepartment"": 9999}","HIGH",True,True,192,"SYSTEM","2026-04-16 08:57:33.887592",NULL,"2026-04-16 08:57:33.887592"
"1831",1003,"FULL_SCREEN",19,19,"PRINT","PRINT","1010","TASK_OVERDUE","Printing Overdue",NULL,0,"INTERNAL",True,False,False,False,False,False,False,False,False,True,True,False,"P_PRINT","[FULL_SCREEN] Printing [TASK_OVERDUE] - {job_no}","Process: Printing (PRINT)
Event: TASK_OVERDUE
Job No: {job_no}
Work Note: Update step status and part-wise completion in workspace.","12.00","2.00",NULL,"2.00","OVERDUE",False,NULL,"{""channels"": {""push"": true, ""email"": true, ""workspace"": true}, ""eventType"": ""TASK_OVERDUE"", ""jobTypeCode"": ""FULL_SCREEN"", ""jobTypeName"": ""Full Job – Screen Printing"", ""processCode"": ""PRINT"", ""printingMode"": ""SCREEN"", ""isFullProcess"": true, ""isOutsourceJob"": false, ""isSingleProcess"": false, ""isInhouseMaterial"": true, ""isCustomerMaterial"": false, ""allowAdvancePayment"": true, ""requireCostingApproval"": true}","{""model"": ""agentic-workspace-v1"", ""enabled"": true, ""purpose"": ""process-work-guidance""}","{""seededFrom"": ""mst_process + mst_job_type + mst_department"", ""taskTypeLogic"": ""process.isapprovalrequired + client approval + job-type nature"", ""partyRoutingDepartment"": 9999}","HIGH",True,True,193,"SYSTEM","2026-04-16 08:57:33.887592",NULL,"2026-04-16 08:57:33.887592"
"1832",1003,"FULL_SCREEN",19,19,"PRINT","PRINT","1010","TASK_COMPLETED","Printing Completed",NULL,0,"INTERNAL",True,False,False,False,False,False,False,False,False,True,True,False,"P_PRINT","[FULL_SCREEN] Printing [TASK_COMPLETED] - {job_no}","Process: Printing (PRINT)
Event: TASK_COMPLETED
Job No: {job_no}
Work Note: Update step status and part-wise completion in workspace.","12.00","2.00",NULL,"2.00","COMPLETED",False,NULL,"{""channels"": {""push"": true, ""email"": true, ""workspace"": true}, ""eventType"": ""TASK_COMPLETED"", ""jobTypeCode"": ""FULL_SCREEN"", ""jobTypeName"": ""Full Job – Screen Printing"", ""processCode"": ""PRINT"", ""printingMode"": ""SCREEN"", ""isFullProcess"": true, ""isOutsourceJob"": false, ""isSingleProcess"": false, ""isInhouseMaterial"": true, ""isCustomerMaterial"": false, ""allowAdvancePayment"": true, ""requireCostingApproval"": true}","{""model"": ""agentic-workspace-v1"", ""enabled"": true, ""purpose"": ""process-work-guidance""}","{""seededFrom"": ""mst_process + mst_job_type + mst_department"", ""taskTypeLogic"": ""process.isapprovalrequired + client approval + job-type nature"", ""partyRoutingDepartment"": 9999}","HIGH",True,True,194,"SYSTEM","2026-04-16 08:57:33.887592",NULL,"2026-04-16 08:57:33.887592"
"1833",1003,"FULL_SCREEN",20,20,"QC_PROC","QC_PROC","1016","PROC_START","In-Process QC Started",NULL,0,"INTERNAL",True,False,False,False,False,False,False,False,False,True,True,False,"P_QC_PROC","[FULL_SCREEN] Process QC [PROC_START] - {job_no}","Process: In-Process QC (QC_PROC)
Event: PROC_START
Job No: {job_no}
Work Note: Update step status and part-wise completion in workspace.","4.00","2.00",NULL,"2.00","PENDING",True,NULL,"{""channels"": {""push"": true, ""email"": true, ""workspace"": true}, ""eventType"": ""PROC_START"", ""jobTypeCode"": ""FULL_SCREEN"", ""jobTypeName"": ""Full Job – Screen Printing"", ""processCode"": ""QC_PROC"", ""printingMode"": ""SCREEN"", ""isFullProcess"": true, ""isOutsourceJob"": false, ""isSingleProcess"": false, ""isInhouseMaterial"": true, ""isCustomerMaterial"": false, ""allowAdvancePayment"": true, ""requireCostingApproval"": true}","{""model"": ""agentic-workspace-v1"", ""enabled"": true, ""purpose"": ""process-work-guidance""}","{""seededFrom"": ""mst_process + mst_job_type + mst_department"", ""taskTypeLogic"": ""process.isapprovalrequired + client approval + job-type nature"", ""partyRoutingDepartment"": 9999}","NORMAL",True,True,201,"SYSTEM","2026-04-16 08:57:33.887592",NULL,"2026-04-16 08:57:33.887592"
"1834",1003,"FULL_SCREEN",20,20,"QC_PROC","QC_PROC","1016","TASK_ASSIGNED","In-Process QC Assigned",NULL,0,"INTERNAL",True,False,False,False,False,False,False,False,False,True,True,False,"P_QC_PROC","[FULL_SCREEN] Process QC [TASK_ASSIGNED] - {job_no}","Process: In-Process QC (QC_PROC)
Event: TASK_ASSIGNED
Job No: {job_no}
Work Note: Update step status and part-wise completion in workspace.","4.00","2.00",NULL,"2.00","PENDING",True,NULL,"{""channels"": {""push"": true, ""email"": true, ""workspace"": true}, ""eventType"": ""TASK_ASSIGNED"", ""jobTypeCode"": ""FULL_SCREEN"", ""jobTypeName"": ""Full Job – Screen Printing"", ""processCode"": ""QC_PROC"", ""printingMode"": ""SCREEN"", ""isFullProcess"": true, ""isOutsourceJob"": false, ""isSingleProcess"": false, ""isInhouseMaterial"": true, ""isCustomerMaterial"": false, ""allowAdvancePayment"": true, ""requireCostingApproval"": true}","{""model"": ""agentic-workspace-v1"", ""enabled"": true, ""purpose"": ""process-work-guidance""}","{""seededFrom"": ""mst_process + mst_job_type + mst_department"", ""taskTypeLogic"": ""process.isapprovalrequired + client approval + job-type nature"", ""partyRoutingDepartment"": 9999}","NORMAL",True,True,202,"SYSTEM","2026-04-16 08:57:33.887592",NULL,"2026-04-16 08:57:33.887592"
"1835",1003,"FULL_SCREEN",20,20,"QC_PROC","QC_PROC","1016","TASK_OVERDUE","In-Process QC Overdue",NULL,0,"INTERNAL",True,False,False,False,False,False,False,False,False,True,True,False,"P_QC_PROC","[FULL_SCREEN] Process QC [TASK_OVERDUE] - {job_no}","Process: In-Process QC (QC_PROC)
Event: TASK_OVERDUE
Job No: {job_no}
Work Note: Update step status and part-wise completion in workspace.","4.00","2.00",NULL,"2.00","OVERDUE",False,NULL,"{""channels"": {""push"": true, ""email"": true, ""workspace"": true}, ""eventType"": ""TASK_OVERDUE"", ""jobTypeCode"": ""FULL_SCREEN"", ""jobTypeName"": ""Full Job – Screen Printing"", ""processCode"": ""QC_PROC"", ""printingMode"": ""SCREEN"", ""isFullProcess"": true, ""isOutsourceJob"": false, ""isSingleProcess"": false, ""isInhouseMaterial"": true, ""isCustomerMaterial"": false, ""allowAdvancePayment"": true, ""requireCostingApproval"": true}","{""model"": ""agentic-workspace-v1"", ""enabled"": true, ""purpose"": ""process-work-guidance""}","{""seededFrom"": ""mst_process + mst_job_type + mst_department"", ""taskTypeLogic"": ""process.isapprovalrequired + client approval + job-type nature"", ""partyRoutingDepartment"": 9999}","NORMAL",True,True,203,"SYSTEM","2026-04-16 08:57:33.887592",NULL,"2026-04-16 08:57:33.887592"
"1836",1003,"FULL_SCREEN",20,20,"QC_PROC","QC_PROC","1016","TASK_COMPLETED","In-Process QC Completed",NULL,0,"INTERNAL",True,False,False,False,False,False,False,False,False,True,True,False,"P_QC_PROC","[FULL_SCREEN] Process QC [TASK_COMPLETED] - {job_no}","Process: In-Process QC (QC_PROC)
Event: TASK_COMPLETED
Job No: {job_no}
Work Note: Update step status and part-wise completion in workspace.","4.00","2.00",NULL,"2.00","COMPLETED",False,NULL,"{""channels"": {""push"": true, ""email"": true, ""workspace"": true}, ""eventType"": ""TASK_COMPLETED"", ""jobTypeCode"": ""FULL_SCREEN"", ""jobTypeName"": ""Full Job – Screen Printing"", ""processCode"": ""QC_PROC"", ""printingMode"": ""SCREEN"", ""isFullProcess"": true, ""isOutsourceJob"": false, ""isSingleProcess"": false, ""isInhouseMaterial"": true, ""isCustomerMaterial"": false, ""allowAdvancePayment"": true, ""requireCostingApproval"": true}","{""model"": ""agentic-workspace-v1"", ""enabled"": true, ""purpose"": ""process-work-guidance""}","{""seededFrom"": ""mst_process + mst_job_type + mst_department"", ""taskTypeLogic"": ""process.isapprovalrequired + client approval + job-type nature"", ""partyRoutingDepartment"": 9999}","NORMAL",True,True,204,"SYSTEM","2026-04-16 08:57:33.887592",NULL,"2026-04-16 08:57:33.887592"
"1837",1003,"FULL_SCREEN",21,21,"DRY","DRY","1010","PROC_START","Drying Started",NULL,0,"INTERNAL",True,False,False,False,False,False,False,False,False,True,True,False,"P_DRY","[FULL_SCREEN] Drying [PROC_START] - {job_no}","Process: Drying (DRY)
Event: PROC_START
Job No: {job_no}
Work Note: Update step status and part-wise completion in workspace.","6.00","2.00",NULL,"2.00","PENDING",True,NULL,"{""channels"": {""push"": true, ""email"": true, ""workspace"": true}, ""eventType"": ""PROC_START"", ""jobTypeCode"": ""FULL_SCREEN"", ""jobTypeName"": ""Full Job – Screen Printing"", ""processCode"": ""DRY"", ""printingMode"": ""SCREEN"", ""isFullProcess"": true, ""isOutsourceJob"": false, ""isSingleProcess"": false, ""isInhouseMaterial"": true, ""isCustomerMaterial"": false, ""allowAdvancePayment"": true, ""requireCostingApproval"": true}","{""model"": ""agentic-workspace-v1"", ""enabled"": true, ""purpose"": ""process-work-guidance""}","{""seededFrom"": ""mst_process + mst_job_type + mst_department"", ""taskTypeLogic"": ""process.isapprovalrequired + client approval + job-type nature"", ""partyRoutingDepartment"": 9999}","NORMAL",True,True,211,"SYSTEM","2026-04-16 08:57:33.887592",NULL,"2026-04-16 08:57:33.887592"
"1838",1003,"FULL_SCREEN",21,21,"DRY","DRY","1010","TASK_ASSIGNED","Drying Assigned",NULL,0,"INTERNAL",True,False,False,False,False,False,False,False,False,True,True,False,"P_DRY","[FULL_SCREEN] Drying [TASK_ASSIGNED] - {job_no}","Process: Drying (DRY)
Event: TASK_ASSIGNED
Job No: {job_no}
Work Note: Update step status and part-wise completion in workspace.","6.00","2.00",NULL,"2.00","PENDING",True,NULL,"{""channels"": {""push"": true, ""email"": true, ""workspace"": true}, ""eventType"": ""TASK_ASSIGNED"", ""jobTypeCode"": ""FULL_SCREEN"", ""jobTypeName"": ""Full Job – Screen Printing"", ""processCode"": ""DRY"", ""printingMode"": ""SCREEN"", ""isFullProcess"": true, ""isOutsourceJob"": false, ""isSingleProcess"": false, ""isInhouseMaterial"": true, ""isCustomerMaterial"": false, ""allowAdvancePayment"": true, ""requireCostingApproval"": true}","{""model"": ""agentic-workspace-v1"", ""enabled"": true, ""purpose"": ""process-work-guidance""}","{""seededFrom"": ""mst_process + mst_job_type + mst_department"", ""taskTypeLogic"": ""process.isapprovalrequired + client approval + job-type nature"", ""partyRoutingDepartment"": 9999}","NORMAL",True,True,212,"SYSTEM","2026-04-16 08:57:33.887592",NULL,"2026-04-16 08:57:33.887592"
"1839",1003,"FULL_SCREEN",21,21,"DRY","DRY","1010","TASK_OVERDUE","Drying Overdue",NULL,0,"INTERNAL",True,False,False,False,False,False,False,False,False,True,True,False,"P_DRY","[FULL_SCREEN] Drying [TASK_OVERDUE] - {job_no}","Process: Drying (DRY)
Event: TASK_OVERDUE
Job No: {job_no}
Work Note: Update step status and part-wise completion in workspace.","6.00","2.00",NULL,"2.00","OVERDUE",False,NULL,"{""channels"": {""push"": true, ""email"": true, ""workspace"": true}, ""eventType"": ""TASK_OVERDUE"", ""jobTypeCode"": ""FULL_SCREEN"", ""jobTypeName"": ""Full Job – Screen Printing"", ""processCode"": ""DRY"", ""printingMode"": ""SCREEN"", ""isFullProcess"": true, ""isOutsourceJob"": false, ""isSingleProcess"": false, ""isInhouseMaterial"": true, ""isCustomerMaterial"": false, ""allowAdvancePayment"": true, ""requireCostingApproval"": true}","{""model"": ""agentic-workspace-v1"", ""enabled"": true, ""purpose"": ""process-work-guidance""}","{""seededFrom"": ""mst_process + mst_job_type + mst_department"", ""taskTypeLogic"": ""process.isapprovalrequired + client approval + job-type nature"", ""partyRoutingDepartment"": 9999}","NORMAL",True,True,213,"SYSTEM","2026-04-16 08:57:33.887592",NULL,"2026-04-16 08:57:33.887592"
"1840",1003,"FULL_SCREEN",21,21,"DRY","DRY","1010","TASK_COMPLETED","Drying Completed",NULL,0,"INTERNAL",True,False,False,False,False,False,False,False,False,True,True,False,"P_DRY","[FULL_SCREEN] Drying [TASK_COMPLETED] - {job_no}","Process: Drying (DRY)
Event: TASK_COMPLETED
Job No: {job_no}
Work Note: Update step status and part-wise completion in workspace.","6.00","2.00",NULL,"2.00","COMPLETED",False,NULL,"{""channels"": {""push"": true, ""email"": true, ""workspace"": true}, ""eventType"": ""TASK_COMPLETED"", ""jobTypeCode"": ""FULL_SCREEN"", ""jobTypeName"": ""Full Job – Screen Printing"", ""processCode"": ""DRY"", ""printingMode"": ""SCREEN"", ""isFullProcess"": true, ""isOutsourceJob"": false, ""isSingleProcess"": false, ""isInhouseMaterial"": true, ""isCustomerMaterial"": false, ""allowAdvancePayment"": true, ""requireCostingApproval"": true}","{""model"": ""agentic-workspace-v1"", ""enabled"": true, ""purpose"": ""process-work-guidance""}","{""seededFrom"": ""mst_process + mst_job_type + mst_department"", ""taskTypeLogic"": ""process.isapprovalrequired + client approval + job-type nature"", ""partyRoutingDepartment"": 9999}","NORMAL",True,True,214,"SYSTEM","2026-04-16 08:57:33.887592",NULL,"2026-04-16 08:57:33.887592"
"1841",1003,"FULL_SCREEN",22,22,"POST_PRESS","POST_PRESS","1011","PROC_START","Post Press Finishing Started",NULL,0,"INTERNAL",True,False,False,False,False,False,False,False,False,True,True,False,"P_POST","[FULL_SCREEN] Post Press [PROC_START] - {job_no}","Process: Post Press Finishing (POST_PRESS)
Event: PROC_START
Job No: {job_no}
Work Note: Update step status and part-wise completion in workspace.","8.00","2.00",NULL,"2.00","PENDING",True,NULL,"{""channels"": {""push"": true, ""email"": true, ""workspace"": true}, ""eventType"": ""PROC_START"", ""jobTypeCode"": ""FULL_SCREEN"", ""jobTypeName"": ""Full Job – Screen Printing"", ""processCode"": ""POST_PRESS"", ""printingMode"": ""SCREEN"", ""isFullProcess"": true, ""isOutsourceJob"": false, ""isSingleProcess"": false, ""isInhouseMaterial"": true, ""isCustomerMaterial"": false, ""allowAdvancePayment"": true, ""requireCostingApproval"": true}","{""model"": ""agentic-workspace-v1"", ""enabled"": true, ""purpose"": ""process-work-guidance""}","{""seededFrom"": ""mst_process + mst_job_type + mst_department"", ""taskTypeLogic"": ""process.isapprovalrequired + client approval + job-type nature"", ""partyRoutingDepartment"": 9999}","NORMAL",True,True,221,"SYSTEM","2026-04-16 08:57:33.887592",NULL,"2026-04-16 08:57:33.887592"
"1842",1003,"FULL_SCREEN",22,22,"POST_PRESS","POST_PRESS","1011","TASK_ASSIGNED","Post Press Finishing Assigned",NULL,0,"INTERNAL",True,False,False,False,False,False,False,False,False,True,True,False,"P_POST","[FULL_SCREEN] Post Press [TASK_ASSIGNED] - {job_no}","Process: Post Press Finishing (POST_PRESS)
Event: TASK_ASSIGNED
Job No: {job_no}
Work Note: Update step status and part-wise completion in workspace.","8.00","2.00",NULL,"2.00","PENDING",True,NULL,"{""channels"": {""push"": true, ""email"": true, ""workspace"": true}, ""eventType"": ""TASK_ASSIGNED"", ""jobTypeCode"": ""FULL_SCREEN"", ""jobTypeName"": ""Full Job – Screen Printing"", ""processCode"": ""POST_PRESS"", ""printingMode"": ""SCREEN"", ""isFullProcess"": true, ""isOutsourceJob"": false, ""isSingleProcess"": false, ""isInhouseMaterial"": true, ""isCustomerMaterial"": false, ""allowAdvancePayment"": true, ""requireCostingApproval"": true}","{""model"": ""agentic-workspace-v1"", ""enabled"": true, ""purpose"": ""process-work-guidance""}","{""seededFrom"": ""mst_process + mst_job_type + mst_department"", ""taskTypeLogic"": ""process.isapprovalrequired + client approval + job-type nature"", ""partyRoutingDepartment"": 9999}","NORMAL",True,True,222,"SYSTEM","2026-04-16 08:57:33.887592",NULL,"2026-04-16 08:57:33.887592"
"1843",1003,"FULL_SCREEN",22,22,"POST_PRESS","POST_PRESS","1011","TASK_OVERDUE","Post Press Finishing Overdue",NULL,0,"INTERNAL",True,False,False,False,False,False,False,False,False,True,True,False,"P_POST","[FULL_SCREEN] Post Press [TASK_OVERDUE] - {job_no}","Process: Post Press Finishing (POST_PRESS)
Event: TASK_OVERDUE
Job No: {job_no}
Work Note: Update step status and part-wise completion in workspace.","8.00","2.00",NULL,"2.00","OVERDUE",False,NULL,"{""channels"": {""push"": true, ""email"": true, ""workspace"": true}, ""eventType"": ""TASK_OVERDUE"", ""jobTypeCode"": ""FULL_SCREEN"", ""jobTypeName"": ""Full Job – Screen Printing"", ""processCode"": ""POST_PRESS"", ""printingMode"": ""SCREEN"", ""isFullProcess"": true, ""isOutsourceJob"": false, ""isSingleProcess"": false, ""isInhouseMaterial"": true, ""isCustomerMaterial"": false, ""allowAdvancePayment"": true, ""requireCostingApproval"": true}","{""model"": ""agentic-workspace-v1"", ""enabled"": true, ""purpose"": ""process-work-guidance""}","{""seededFrom"": ""mst_process + mst_job_type + mst_department"", ""taskTypeLogic"": ""process.isapprovalrequired + client approval + job-type nature"", ""partyRoutingDepartment"": 9999}","NORMAL",True,True,223,"SYSTEM","2026-04-16 08:57:33.887592",NULL,"2026-04-16 08:57:33.887592"
"1844",1003,"FULL_SCREEN",22,22,"POST_PRESS","POST_PRESS","1011","TASK_COMPLETED","Post Press Finishing Completed",NULL,0,"INTERNAL",True,False,False,False,False,False,False,False,False,True,True,False,"P_POST","[FULL_SCREEN] Post Press [TASK_COMPLETED] - {job_no}","Process: Post Press Finishing (POST_PRESS)
Event: TASK_COMPLETED
Job No: {job_no}
Work Note: Update step status and part-wise completion in workspace.","8.00","2.00",NULL,"2.00","COMPLETED",False,NULL,"{""channels"": {""push"": true, ""email"": true, ""workspace"": true}, ""eventType"": ""TASK_COMPLETED"", ""jobTypeCode"": ""FULL_SCREEN"", ""jobTypeName"": ""Full Job – Screen Printing"", ""processCode"": ""POST_PRESS"", ""printingMode"": ""SCREEN"", ""isFullProcess"": true, ""isOutsourceJob"": false, ""isSingleProcess"": false, ""isInhouseMaterial"": true, ""isCustomerMaterial"": false, ""allowAdvancePayment"": true, ""requireCostingApproval"": true}","{""model"": ""agentic-workspace-v1"", ""enabled"": true, ""purpose"": ""process-work-guidance""}","{""seededFrom"": ""mst_process + mst_job_type + mst_department"", ""taskTypeLogic"": ""process.isapprovalrequired + client approval + job-type nature"", ""partyRoutingDepartment"": 9999}","NORMAL",True,True,224,"SYSTEM","2026-04-16 08:57:33.887592",NULL,"2026-04-16 08:57:33.887592"
"1845",1003,"FULL_SCREEN",23,23,"FOLD","FOLD","1011","PROC_START","Folding Started",NULL,0,"INTERNAL",True,False,False,False,False,False,False,False,False,True,True,False,"P_FOLD","[FULL_SCREEN] Folding [PROC_START] - {job_no}","Process: Folding (FOLD)
Event: PROC_START
Job No: {job_no}
Work Note: Update step status and part-wise completion in workspace.","4.00","2.00",NULL,"2.00","PENDING",True,NULL,"{""channels"": {""push"": true, ""email"": true, ""workspace"": true}, ""eventType"": ""PROC_START"", ""jobTypeCode"": ""FULL_SCREEN"", ""jobTypeName"": ""Full Job – Screen Printing"", ""processCode"": ""FOLD"", ""printingMode"": ""SCREEN"", ""isFullProcess"": true, ""isOutsourceJob"": false, ""isSingleProcess"": false, ""isInhouseMaterial"": true, ""isCustomerMaterial"": false, ""allowAdvancePayment"": true, ""requireCostingApproval"": true}","{""model"": ""agentic-workspace-v1"", ""enabled"": true, ""purpose"": ""process-work-guidance""}","{""seededFrom"": ""mst_process + mst_job_type + mst_department"", ""taskTypeLogic"": ""process.isapprovalrequired + client approval + job-type nature"", ""partyRoutingDepartment"": 9999}","NORMAL",True,True,231,"SYSTEM","2026-04-16 08:57:33.887592",NULL,"2026-04-16 08:57:33.887592"
"1846",1003,"FULL_SCREEN",23,23,"FOLD","FOLD","1011","TASK_ASSIGNED","Folding Assigned",NULL,0,"INTERNAL",True,False,False,False,False,False,False,False,False,True,True,False,"P_FOLD","[FULL_SCREEN] Folding [TASK_ASSIGNED] - {job_no}","Process: Folding (FOLD)
Event: TASK_ASSIGNED
Job No: {job_no}
Work Note: Update step status and part-wise completion in workspace.","4.00","2.00",NULL,"2.00","PENDING",True,NULL,"{""channels"": {""push"": true, ""email"": true, ""workspace"": true}, ""eventType"": ""TASK_ASSIGNED"", ""jobTypeCode"": ""FULL_SCREEN"", ""jobTypeName"": ""Full Job – Screen Printing"", ""processCode"": ""FOLD"", ""printingMode"": ""SCREEN"", ""isFullProcess"": true, ""isOutsourceJob"": false, ""isSingleProcess"": false, ""isInhouseMaterial"": true, ""isCustomerMaterial"": false, ""allowAdvancePayment"": true, ""requireCostingApproval"": true}","{""model"": ""agentic-workspace-v1"", ""enabled"": true, ""purpose"": ""process-work-guidance""}","{""seededFrom"": ""mst_process + mst_job_type + mst_department"", ""taskTypeLogic"": ""process.isapprovalrequired + client approval + job-type nature"", ""partyRoutingDepartment"": 9999}","NORMAL",True,True,232,"SYSTEM","2026-04-16 08:57:33.887592",NULL,"2026-04-16 08:57:33.887592"
"1847",1003,"FULL_SCREEN",23,23,"FOLD","FOLD","1011","TASK_OVERDUE","Folding Overdue",NULL,0,"INTERNAL",True,False,False,False,False,False,False,False,False,True,True,False,"P_FOLD","[FULL_SCREEN] Folding [TASK_OVERDUE] - {job_no}","Process: Folding (FOLD)
Event: TASK_OVERDUE
Job No: {job_no}
Work Note: Update step status and part-wise completion in workspace.","4.00","2.00",NULL,"2.00","OVERDUE",False,NULL,"{""channels"": {""push"": true, ""email"": true, ""workspace"": true}, ""eventType"": ""TASK_OVERDUE"", ""jobTypeCode"": ""FULL_SCREEN"", ""jobTypeName"": ""Full Job – Screen Printing"", ""processCode"": ""FOLD"", ""printingMode"": ""SCREEN"", ""isFullProcess"": true, ""isOutsourceJob"": false, ""isSingleProcess"": false, ""isInhouseMaterial"": true, ""isCustomerMaterial"": false, ""allowAdvancePayment"": true, ""requireCostingApproval"": true}","{""model"": ""agentic-workspace-v1"", ""enabled"": true, ""purpose"": ""process-work-guidance""}","{""seededFrom"": ""mst_process + mst_job_type + mst_department"", ""taskTypeLogic"": ""process.isapprovalrequired + client approval + job-type nature"", ""partyRoutingDepartment"": 9999}","NORMAL",True,True,233,"SYSTEM","2026-04-16 08:57:33.887592",NULL,"2026-04-16 08:57:33.887592"
"1848",1003,"FULL_SCREEN",23,23,"FOLD","FOLD","1011","TASK_COMPLETED","Folding Completed",NULL,0,"INTERNAL",True,False,False,False,False,False,False,False,False,True,True,False,"P_FOLD","[FULL_SCREEN] Folding [TASK_COMPLETED] - {job_no}","Process: Folding (FOLD)
Event: TASK_COMPLETED
Job No: {job_no}
Work Note: Update step status and part-wise completion in workspace.","4.00","2.00",NULL,"2.00","COMPLETED",False,NULL,"{""channels"": {""push"": true, ""email"": true, ""workspace"": true}, ""eventType"": ""TASK_COMPLETED"", ""jobTypeCode"": ""FULL_SCREEN"", ""jobTypeName"": ""Full Job – Screen Printing"", ""processCode"": ""FOLD"", ""printingMode"": ""SCREEN"", ""isFullProcess"": true, ""isOutsourceJob"": false, ""isSingleProcess"": false, ""isInhouseMaterial"": true, ""isCustomerMaterial"": false, ""allowAdvancePayment"": true, ""requireCostingApproval"": true}","{""model"": ""agentic-workspace-v1"", ""enabled"": true, ""purpose"": ""process-work-guidance""}","{""seededFrom"": ""mst_process + mst_job_type + mst_department"", ""taskTypeLogic"": ""process.isapprovalrequired + client approval + job-type nature"", ""partyRoutingDepartment"": 9999}","NORMAL",True,True,234,"SYSTEM","2026-04-16 08:57:33.887592",NULL,"2026-04-16 08:57:33.887592"
"1849",1003,"FULL_SCREEN",24,24,"BIND","BIND","1011","PROC_START","Binding Started",NULL,0,"INTERNAL",True,False,False,False,False,False,False,False,False,True,True,False,"P_BIND","[FULL_SCREEN] Binding [PROC_START] - {job_no}","Process: Binding (BIND)
Event: PROC_START
Job No: {job_no}
Work Note: Update step status and part-wise completion in workspace.","8.00","2.00",NULL,"2.00","PENDING",True,NULL,"{""channels"": {""push"": true, ""email"": true, ""workspace"": true}, ""eventType"": ""PROC_START"", ""jobTypeCode"": ""FULL_SCREEN"", ""jobTypeName"": ""Full Job – Screen Printing"", ""processCode"": ""BIND"", ""printingMode"": ""SCREEN"", ""isFullProcess"": true, ""isOutsourceJob"": false, ""isSingleProcess"": false, ""isInhouseMaterial"": true, ""isCustomerMaterial"": false, ""allowAdvancePayment"": true, ""requireCostingApproval"": true}","{""model"": ""agentic-workspace-v1"", ""enabled"": true, ""purpose"": ""process-work-guidance""}","{""seededFrom"": ""mst_process + mst_job_type + mst_department"", ""taskTypeLogic"": ""process.isapprovalrequired + client approval + job-type nature"", ""partyRoutingDepartment"": 9999}","NORMAL",True,True,241,"SYSTEM","2026-04-16 08:57:33.887592",NULL,"2026-04-16 08:57:33.887592"
"1850",1003,"FULL_SCREEN",24,24,"BIND","BIND","1011","TASK_ASSIGNED","Binding Assigned",NULL,0,"INTERNAL",True,False,False,False,False,False,False,False,False,True,True,False,"P_BIND","[FULL_SCREEN] Binding [TASK_ASSIGNED] - {job_no}","Process: Binding (BIND)
Event: TASK_ASSIGNED
Job No: {job_no}
Work Note: Update step status and part-wise completion in workspace.","8.00","2.00",NULL,"2.00","PENDING",True,NULL,"{""channels"": {""push"": true, ""email"": true, ""workspace"": true}, ""eventType"": ""TASK_ASSIGNED"", ""jobTypeCode"": ""FULL_SCREEN"", ""jobTypeName"": ""Full Job – Screen Printing"", ""processCode"": ""BIND"", ""printingMode"": ""SCREEN"", ""isFullProcess"": true, ""isOutsourceJob"": false, ""isSingleProcess"": false, ""isInhouseMaterial"": true, ""isCustomerMaterial"": false, ""allowAdvancePayment"": true, ""requireCostingApproval"": true}","{""model"": ""agentic-workspace-v1"", ""enabled"": true, ""purpose"": ""process-work-guidance""}","{""seededFrom"": ""mst_process + mst_job_type + mst_department"", ""taskTypeLogic"": ""process.isapprovalrequired + client approval + job-type nature"", ""partyRoutingDepartment"": 9999}","NORMAL",True,True,242,"SYSTEM","2026-04-16 08:57:33.887592",NULL,"2026-04-16 08:57:33.887592"
"1851",1003,"FULL_SCREEN",24,24,"BIND","BIND","1011","TASK_OVERDUE","Binding Overdue",NULL,0,"INTERNAL",True,False,False,False,False,False,False,False,False,True,True,False,"P_BIND","[FULL_SCREEN] Binding [TASK_OVERDUE] - {job_no}","Process: Binding (BIND)
Event: TASK_OVERDUE
Job No: {job_no}
Work Note: Update step status and part-wise completion in workspace.","8.00","2.00",NULL,"2.00","OVERDUE",False,NULL,"{""channels"": {""push"": true, ""email"": true, ""workspace"": true}, ""eventType"": ""TASK_OVERDUE"", ""jobTypeCode"": ""FULL_SCREEN"", ""jobTypeName"": ""Full Job – Screen Printing"", ""processCode"": ""BIND"", ""printingMode"": ""SCREEN"", ""isFullProcess"": true, ""isOutsourceJob"": false, ""isSingleProcess"": false, ""isInhouseMaterial"": true, ""isCustomerMaterial"": false, ""allowAdvancePayment"": true, ""requireCostingApproval"": true}","{""model"": ""agentic-workspace-v1"", ""enabled"": true, ""purpose"": ""process-work-guidance""}","{""seededFrom"": ""mst_process + mst_job_type + mst_department"", ""taskTypeLogic"": ""process.isapprovalrequired + client approval + job-type nature"", ""partyRoutingDepartment"": 9999}","NORMAL",True,True,243,"SYSTEM","2026-04-16 08:57:33.887592",NULL,"2026-04-16 08:57:33.887592"
"1852",1003,"FULL_SCREEN",24,24,"BIND","BIND","1011","TASK_COMPLETED","Binding Completed",NULL,0,"INTERNAL",True,False,False,False,False,False,False,False,False,True,True,False,"P_BIND","[FULL_SCREEN] Binding [TASK_COMPLETED] - {job_no}","Process: Binding (BIND)
Event: TASK_COMPLETED
Job No: {job_no}
Work Note: Update step status and part-wise completion in workspace.","8.00","2.00",NULL,"2.00","COMPLETED",False,NULL,"{""channels"": {""push"": true, ""email"": true, ""workspace"": true}, ""eventType"": ""TASK_COMPLETED"", ""jobTypeCode"": ""FULL_SCREEN"", ""jobTypeName"": ""Full Job – Screen Printing"", ""processCode"": ""BIND"", ""printingMode"": ""SCREEN"", ""isFullProcess"": true, ""isOutsourceJob"": false, ""isSingleProcess"": false, ""isInhouseMaterial"": true, ""isCustomerMaterial"": false, ""allowAdvancePayment"": true, ""requireCostingApproval"": true}","{""model"": ""agentic-workspace-v1"", ""enabled"": true, ""purpose"": ""process-work-guidance""}","{""seededFrom"": ""mst_process + mst_job_type + mst_department"", ""taskTypeLogic"": ""process.isapprovalrequired + client approval + job-type nature"", ""partyRoutingDepartment"": 9999}","NORMAL",True,True,244,"SYSTEM","2026-04-16 08:57:33.887592",NULL,"2026-04-16 08:57:33.887592"
"1853",1003,"FULL_SCREEN",25,25,"TRIM","TRIM","1011","PROC_START","Final Trim Started",NULL,0,"INTERNAL",True,False,False,False,False,False,False,False,False,True,True,False,"P_TRIM","[FULL_SCREEN] Trimming [PROC_START] - {job_no}","Process: Final Trim (TRIM)
Event: PROC_START
Job No: {job_no}
Work Note: Update step status and part-wise completion in workspace.","4.00","2.00",NULL,"2.00","PENDING",True,NULL,"{""channels"": {""push"": true, ""email"": true, ""workspace"": true}, ""eventType"": ""PROC_START"", ""jobTypeCode"": ""FULL_SCREEN"", ""jobTypeName"": ""Full Job – Screen Printing"", ""processCode"": ""TRIM"", ""printingMode"": ""SCREEN"", ""isFullProcess"": true, ""isOutsourceJob"": false, ""isSingleProcess"": false, ""isInhouseMaterial"": true, ""isCustomerMaterial"": false, ""allowAdvancePayment"": true, ""requireCostingApproval"": true}","{""model"": ""agentic-workspace-v1"", ""enabled"": true, ""purpose"": ""process-work-guidance""}","{""seededFrom"": ""mst_process + mst_job_type + mst_department"", ""taskTypeLogic"": ""process.isapprovalrequired + client approval + job-type nature"", ""partyRoutingDepartment"": 9999}","NORMAL",True,True,251,"SYSTEM","2026-04-16 08:57:33.887592",NULL,"2026-04-16 08:57:33.887592"
"1854",1003,"FULL_SCREEN",25,25,"TRIM","TRIM","1011","TASK_ASSIGNED","Final Trim Assigned",NULL,0,"INTERNAL",True,False,False,False,False,False,False,False,False,True,True,False,"P_TRIM","[FULL_SCREEN] Trimming [TASK_ASSIGNED] - {job_no}","Process: Final Trim (TRIM)
Event: TASK_ASSIGNED
Job No: {job_no}
Work Note: Update step status and part-wise completion in workspace.","4.00","2.00",NULL,"2.00","PENDING",True,NULL,"{""channels"": {""push"": true, ""email"": true, ""workspace"": true}, ""eventType"": ""TASK_ASSIGNED"", ""jobTypeCode"": ""FULL_SCREEN"", ""jobTypeName"": ""Full Job – Screen Printing"", ""processCode"": ""TRIM"", ""printingMode"": ""SCREEN"", ""isFullProcess"": true, ""isOutsourceJob"": false, ""isSingleProcess"": false, ""isInhouseMaterial"": true, ""isCustomerMaterial"": false, ""allowAdvancePayment"": true, ""requireCostingApproval"": true}","{""model"": ""agentic-workspace-v1"", ""enabled"": true, ""purpose"": ""process-work-guidance""}","{""seededFrom"": ""mst_process + mst_job_type + mst_department"", ""taskTypeLogic"": ""process.isapprovalrequired + client approval + job-type nature"", ""partyRoutingDepartment"": 9999}","NORMAL",True,True,252,"SYSTEM","2026-04-16 08:57:33.887592",NULL,"2026-04-16 08:57:33.887592"
"1855",1003,"FULL_SCREEN",25,25,"TRIM","TRIM","1011","TASK_OVERDUE","Final Trim Overdue",NULL,0,"INTERNAL",True,False,False,False,False,False,False,False,False,True,True,False,"P_TRIM","[FULL_SCREEN] Trimming [TASK_OVERDUE] - {job_no}","Process: Final Trim (TRIM)
Event: TASK_OVERDUE
Job No: {job_no}
Work Note: Update step status and part-wise completion in workspace.","4.00","2.00",NULL,"2.00","OVERDUE",False,NULL,"{""channels"": {""push"": true, ""email"": true, ""workspace"": true}, ""eventType"": ""TASK_OVERDUE"", ""jobTypeCode"": ""FULL_SCREEN"", ""jobTypeName"": ""Full Job – Screen Printing"", ""processCode"": ""TRIM"", ""printingMode"": ""SCREEN"", ""isFullProcess"": true, ""isOutsourceJob"": false, ""isSingleProcess"": false, ""isInhouseMaterial"": true, ""isCustomerMaterial"": false, ""allowAdvancePayment"": true, ""requireCostingApproval"": true}","{""model"": ""agentic-workspace-v1"", ""enabled"": true, ""purpose"": ""process-work-guidance""}","{""seededFrom"": ""mst_process + mst_job_type + mst_department"", ""taskTypeLogic"": ""process.isapprovalrequired + client approval + job-type nature"", ""partyRoutingDepartment"": 9999}","NORMAL",True,True,253,"SYSTEM","2026-04-16 08:57:33.887592",NULL,"2026-04-16 08:57:33.887592"
"1856",1003,"FULL_SCREEN",25,25,"TRIM","TRIM","1011","TASK_COMPLETED","Final Trim Completed",NULL,0,"INTERNAL",True,False,False,False,False,False,False,False,False,True,True,False,"P_TRIM","[FULL_SCREEN] Trimming [TASK_COMPLETED] - {job_no}","Process: Final Trim (TRIM)
Event: TASK_COMPLETED
Job No: {job_no}
Work Note: Update step status and part-wise completion in workspace.","4.00","2.00",NULL,"2.00","COMPLETED",False,NULL,"{""channels"": {""push"": true, ""email"": true, ""workspace"": true}, ""eventType"": ""TASK_COMPLETED"", ""jobTypeCode"": ""FULL_SCREEN"", ""jobTypeName"": ""Full Job – Screen Printing"", ""processCode"": ""TRIM"", ""printingMode"": ""SCREEN"", ""isFullProcess"": true, ""isOutsourceJob"": false, ""isSingleProcess"": false, ""isInhouseMaterial"": true, ""isCustomerMaterial"": false, ""allowAdvancePayment"": true, ""requireCostingApproval"": true}","{""model"": ""agentic-workspace-v1"", ""enabled"": true, ""purpose"": ""process-work-guidance""}","{""seededFrom"": ""mst_process + mst_job_type + mst_department"", ""taskTypeLogic"": ""process.isapprovalrequired + client approval + job-type nature"", ""partyRoutingDepartment"": 9999}","NORMAL",True,True,254,"SYSTEM","2026-04-16 08:57:33.887592",NULL,"2026-04-16 08:57:33.887592"
"1857",1003,"FULL_SCREEN",26,26,"QC_POST","QC_POST","1016","PROC_START","Post Press QC Started",NULL,1,"INTERNAL",True,True,False,True,False,False,False,False,False,True,True,False,"P_QC_POST","[FULL_SCREEN] Post QC [PROC_START] - {job_no}","Process: Post Press QC (QC_POST)
Event: PROC_START
Job No: {job_no}
Work Note: Update step status and part-wise completion in workspace.","4.00","2.00","DEPT_HEAD","2.00","PENDING",True,NULL,"{""channels"": {""push"": true, ""email"": true, ""workspace"": true}, ""eventType"": ""PROC_START"", ""jobTypeCode"": ""FULL_SCREEN"", ""jobTypeName"": ""Full Job – Screen Printing"", ""processCode"": ""QC_POST"", ""printingMode"": ""SCREEN"", ""isFullProcess"": true, ""isOutsourceJob"": false, ""isSingleProcess"": false, ""isInhouseMaterial"": true, ""isCustomerMaterial"": false, ""allowAdvancePayment"": true, ""requireCostingApproval"": true}","{""model"": ""agentic-workspace-v1"", ""enabled"": true, ""purpose"": ""process-work-guidance""}","{""seededFrom"": ""mst_process + mst_job_type + mst_department"", ""taskTypeLogic"": ""process.isapprovalrequired + client approval + job-type nature"", ""partyRoutingDepartment"": 9999}","HIGH",True,True,261,"SYSTEM","2026-04-16 08:57:33.887592",NULL,"2026-04-16 08:57:33.887592"
"1858",1003,"FULL_SCREEN",26,26,"QC_POST","QC_POST","1016","TASK_ASSIGNED","Post Press QC Assigned",NULL,1,"INTERNAL",True,True,False,True,False,False,False,False,False,True,True,False,"P_QC_POST","[FULL_SCREEN] Post QC [TASK_ASSIGNED] - {job_no}","Process: Post Press QC (QC_POST)
Event: TASK_ASSIGNED
Job No: {job_no}
Work Note: Update step status and part-wise completion in workspace.","4.00","2.00","DEPT_HEAD","2.00","PENDING",True,NULL,"{""channels"": {""push"": true, ""email"": true, ""workspace"": true}, ""eventType"": ""TASK_ASSIGNED"", ""jobTypeCode"": ""FULL_SCREEN"", ""jobTypeName"": ""Full Job – Screen Printing"", ""processCode"": ""QC_POST"", ""printingMode"": ""SCREEN"", ""isFullProcess"": true, ""isOutsourceJob"": false, ""isSingleProcess"": false, ""isInhouseMaterial"": true, ""isCustomerMaterial"": false, ""allowAdvancePayment"": true, ""requireCostingApproval"": true}","{""model"": ""agentic-workspace-v1"", ""enabled"": true, ""purpose"": ""process-work-guidance""}","{""seededFrom"": ""mst_process + mst_job_type + mst_department"", ""taskTypeLogic"": ""process.isapprovalrequired + client approval + job-type nature"", ""partyRoutingDepartment"": 9999}","HIGH",True,True,262,"SYSTEM","2026-04-16 08:57:33.887592",NULL,"2026-04-16 08:57:33.887592"
"1859",1003,"FULL_SCREEN",26,26,"QC_POST","QC_POST","1016","TASK_OVERDUE","Post Press QC Overdue",NULL,1,"INTERNAL",True,True,False,True,False,False,False,False,False,True,True,False,"P_QC_POST","[FULL_SCREEN] Post QC [TASK_OVERDUE] - {job_no}","Process: Post Press QC (QC_POST)
Event: TASK_OVERDUE
Job No: {job_no}
Work Note: Update step status and part-wise completion in workspace.","4.00","2.00","DEPT_HEAD","2.00","OVERDUE",False,NULL,"{""channels"": {""push"": true, ""email"": true, ""workspace"": true}, ""eventType"": ""TASK_OVERDUE"", ""jobTypeCode"": ""FULL_SCREEN"", ""jobTypeName"": ""Full Job – Screen Printing"", ""processCode"": ""QC_POST"", ""printingMode"": ""SCREEN"", ""isFullProcess"": true, ""isOutsourceJob"": false, ""isSingleProcess"": false, ""isInhouseMaterial"": true, ""isCustomerMaterial"": false, ""allowAdvancePayment"": true, ""requireCostingApproval"": true}","{""model"": ""agentic-workspace-v1"", ""enabled"": true, ""purpose"": ""process-work-guidance""}","{""seededFrom"": ""mst_process + mst_job_type + mst_department"", ""taskTypeLogic"": ""process.isapprovalrequired + client approval + job-type nature"", ""partyRoutingDepartment"": 9999}","HIGH",True,True,263,"SYSTEM","2026-04-16 08:57:33.887592",NULL,"2026-04-16 08:57:33.887592"
"1860",1003,"FULL_SCREEN",26,26,"QC_POST","QC_POST","1016","TASK_COMPLETED","Post Press QC Completed",NULL,1,"INTERNAL",True,True,False,True,False,False,False,False,False,True,True,False,"P_QC_POST","[FULL_SCREEN] Post QC [TASK_COMPLETED] - {job_no}","Process: Post Press QC (QC_POST)
Event: TASK_COMPLETED
Job No: {job_no}
Work Note: Update step status and part-wise completion in workspace.","4.00","2.00","DEPT_HEAD","2.00","COMPLETED",False,NULL,"{""channels"": {""push"": true, ""email"": true, ""workspace"": true}, ""eventType"": ""TASK_COMPLETED"", ""jobTypeCode"": ""FULL_SCREEN"", ""jobTypeName"": ""Full Job – Screen Printing"", ""processCode"": ""QC_POST"", ""printingMode"": ""SCREEN"", ""isFullProcess"": true, ""isOutsourceJob"": false, ""isSingleProcess"": false, ""isInhouseMaterial"": true, ""isCustomerMaterial"": false, ""allowAdvancePayment"": true, ""requireCostingApproval"": true}","{""model"": ""agentic-workspace-v1"", ""enabled"": true, ""purpose"": ""process-work-guidance""}","{""seededFrom"": ""mst_process + mst_job_type + mst_department"", ""taskTypeLogic"": ""process.isapprovalrequired + client approval + job-type nature"", ""partyRoutingDepartment"": 9999}","HIGH",True,True,264,"SYSTEM","2026-04-16 08:57:33.887592",NULL,"2026-04-16 08:57:33.887592"
"1861",1003,"FULL_SCREEN",27,27,"PACK","PACK","1012","PROC_START","Packing Started",NULL,0,"INTERNAL",True,False,False,False,False,False,False,False,False,True,True,False,"P_PACK","[FULL_SCREEN] Packing [PROC_START] - {job_no}","Process: Packing (PACK)
Event: PROC_START
Job No: {job_no}
Work Note: Update step status and part-wise completion in workspace.","3.00","2.00",NULL,"2.00","PENDING",True,NULL,"{""channels"": {""push"": true, ""email"": true, ""workspace"": true}, ""eventType"": ""PROC_START"", ""jobTypeCode"": ""FULL_SCREEN"", ""jobTypeName"": ""Full Job – Screen Printing"", ""processCode"": ""PACK"", ""printingMode"": ""SCREEN"", ""isFullProcess"": true, ""isOutsourceJob"": false, ""isSingleProcess"": false, ""isInhouseMaterial"": true, ""isCustomerMaterial"": false, ""allowAdvancePayment"": true, ""requireCostingApproval"": true}","{""model"": ""agentic-workspace-v1"", ""enabled"": true, ""purpose"": ""process-work-guidance""}","{""seededFrom"": ""mst_process + mst_job_type + mst_department"", ""taskTypeLogic"": ""process.isapprovalrequired + client approval + job-type nature"", ""partyRoutingDepartment"": 9999}","NORMAL",True,True,271,"SYSTEM","2026-04-16 08:57:33.887592",NULL,"2026-04-16 08:57:33.887592"
"1862",1003,"FULL_SCREEN",27,27,"PACK","PACK","1012","TASK_ASSIGNED","Packing Assigned",NULL,0,"INTERNAL",True,False,False,False,False,False,False,False,False,True,True,False,"P_PACK","[FULL_SCREEN] Packing [TASK_ASSIGNED] - {job_no}","Process: Packing (PACK)
Event: TASK_ASSIGNED
Job No: {job_no}
Work Note: Update step status and part-wise completion in workspace.","3.00","2.00",NULL,"2.00","PENDING",True,NULL,"{""channels"": {""push"": true, ""email"": true, ""workspace"": true}, ""eventType"": ""TASK_ASSIGNED"", ""jobTypeCode"": ""FULL_SCREEN"", ""jobTypeName"": ""Full Job – Screen Printing"", ""processCode"": ""PACK"", ""printingMode"": ""SCREEN"", ""isFullProcess"": true, ""isOutsourceJob"": false, ""isSingleProcess"": false, ""isInhouseMaterial"": true, ""isCustomerMaterial"": false, ""allowAdvancePayment"": true, ""requireCostingApproval"": true}","{""model"": ""agentic-workspace-v1"", ""enabled"": true, ""purpose"": ""process-work-guidance""}","{""seededFrom"": ""mst_process + mst_job_type + mst_department"", ""taskTypeLogic"": ""process.isapprovalrequired + client approval + job-type nature"", ""partyRoutingDepartment"": 9999}","NORMAL",True,True,272,"SYSTEM","2026-04-16 08:57:33.887592",NULL,"2026-04-16 08:57:33.887592"
"1863",1003,"FULL_SCREEN",27,27,"PACK","PACK","1012","TASK_OVERDUE","Packing Overdue",NULL,0,"INTERNAL",True,False,False,False,False,False,False,False,False,True,True,False,"P_PACK","[FULL_SCREEN] Packing [TASK_OVERDUE] - {job_no}","Process: Packing (PACK)
Event: TASK_OVERDUE
Job No: {job_no}
Work Note: Update step status and part-wise completion in workspace.","3.00","2.00",NULL,"2.00","OVERDUE",False,NULL,"{""channels"": {""push"": true, ""email"": true, ""workspace"": true}, ""eventType"": ""TASK_OVERDUE"", ""jobTypeCode"": ""FULL_SCREEN"", ""jobTypeName"": ""Full Job – Screen Printing"", ""processCode"": ""PACK"", ""printingMode"": ""SCREEN"", ""isFullProcess"": true, ""isOutsourceJob"": false, ""isSingleProcess"": false, ""isInhouseMaterial"": true, ""isCustomerMaterial"": false, ""allowAdvancePayment"": true, ""requireCostingApproval"": true}","{""model"": ""agentic-workspace-v1"", ""enabled"": true, ""purpose"": ""process-work-guidance""}","{""seededFrom"": ""mst_process + mst_job_type + mst_department"", ""taskTypeLogic"": ""process.isapprovalrequired + client approval + job-type nature"", ""partyRoutingDepartment"": 9999}","NORMAL",True,True,273,"SYSTEM","2026-04-16 08:57:33.887592",NULL,"2026-04-16 08:57:33.887592"
"1864",1003,"FULL_SCREEN",27,27,"PACK","PACK","1012","TASK_COMPLETED","Packing Completed",NULL,0,"INTERNAL",True,False,False,False,False,False,False,False,False,True,True,False,"P_PACK","[FULL_SCREEN] Packing [TASK_COMPLETED] - {job_no}","Process: Packing (PACK)
Event: TASK_COMPLETED
Job No: {job_no}
Work Note: Update step status and part-wise completion in workspace.","3.00","2.00",NULL,"2.00","COMPLETED",False,NULL,"{""channels"": {""push"": true, ""email"": true, ""workspace"": true}, ""eventType"": ""TASK_COMPLETED"", ""jobTypeCode"": ""FULL_SCREEN"", ""jobTypeName"": ""Full Job – Screen Printing"", ""processCode"": ""PACK"", ""printingMode"": ""SCREEN"", ""isFullProcess"": true, ""isOutsourceJob"": false, ""isSingleProcess"": false, ""isInhouseMaterial"": true, ""isCustomerMaterial"": false, ""allowAdvancePayment"": true, ""requireCostingApproval"": true}","{""model"": ""agentic-workspace-v1"", ""enabled"": true, ""purpose"": ""process-work-guidance""}","{""seededFrom"": ""mst_process + mst_job_type + mst_department"", ""taskTypeLogic"": ""process.isapprovalrequired + client approval + job-type nature"", ""partyRoutingDepartment"": 9999}","NORMAL",True,True,274,"SYSTEM","2026-04-16 08:57:33.887592",NULL,"2026-04-16 08:57:33.887592"
"1865",1003,"FULL_SCREEN",28,28,"LOAD","LOAD","1013","PROC_START","Loading Started",NULL,0,"INTERNAL",True,False,False,False,False,False,False,False,False,True,True,False,"P_LOAD","[FULL_SCREEN] Loading [PROC_START] - {job_no}","Process: Loading (LOAD)
Event: PROC_START
Job No: {job_no}
Work Note: Update step status and part-wise completion in workspace.","2.00","2.00",NULL,"2.00","PENDING",True,NULL,"{""channels"": {""push"": true, ""email"": true, ""workspace"": true}, ""eventType"": ""PROC_START"", ""jobTypeCode"": ""FULL_SCREEN"", ""jobTypeName"": ""Full Job – Screen Printing"", ""processCode"": ""LOAD"", ""printingMode"": ""SCREEN"", ""isFullProcess"": true, ""isOutsourceJob"": false, ""isSingleProcess"": false, ""isInhouseMaterial"": true, ""isCustomerMaterial"": false, ""allowAdvancePayment"": true, ""requireCostingApproval"": true}","{""model"": ""agentic-workspace-v1"", ""enabled"": true, ""purpose"": ""process-work-guidance""}","{""seededFrom"": ""mst_process + mst_job_type + mst_department"", ""taskTypeLogic"": ""process.isapprovalrequired + client approval + job-type nature"", ""partyRoutingDepartment"": 9999}","NORMAL",True,True,281,"SYSTEM","2026-04-16 08:57:33.887592",NULL,"2026-04-16 08:57:33.887592"
"1866",1003,"FULL_SCREEN",28,28,"LOAD","LOAD","1013","TASK_ASSIGNED","Loading Assigned",NULL,0,"INTERNAL",True,False,False,False,False,False,False,False,False,True,True,False,"P_LOAD","[FULL_SCREEN] Loading [TASK_ASSIGNED] - {job_no}","Process: Loading (LOAD)
Event: TASK_ASSIGNED
Job No: {job_no}
Work Note: Update step status and part-wise completion in workspace.","2.00","2.00",NULL,"2.00","PENDING",True,NULL,"{""channels"": {""push"": true, ""email"": true, ""workspace"": true}, ""eventType"": ""TASK_ASSIGNED"", ""jobTypeCode"": ""FULL_SCREEN"", ""jobTypeName"": ""Full Job – Screen Printing"", ""processCode"": ""LOAD"", ""printingMode"": ""SCREEN"", ""isFullProcess"": true, ""isOutsourceJob"": false, ""isSingleProcess"": false, ""isInhouseMaterial"": true, ""isCustomerMaterial"": false, ""allowAdvancePayment"": true, ""requireCostingApproval"": true}","{""model"": ""agentic-workspace-v1"", ""enabled"": true, ""purpose"": ""process-work-guidance""}","{""seededFrom"": ""mst_process + mst_job_type + mst_department"", ""taskTypeLogic"": ""process.isapprovalrequired + client approval + job-type nature"", ""partyRoutingDepartment"": 9999}","NORMAL",True,True,282,"SYSTEM","2026-04-16 08:57:33.887592",NULL,"2026-04-16 08:57:33.887592"
"1867",1003,"FULL_SCREEN",28,28,"LOAD","LOAD","1013","TASK_OVERDUE","Loading Overdue",NULL,0,"INTERNAL",True,False,False,False,False,False,False,False,False,True,True,False,"P_LOAD","[FULL_SCREEN] Loading [TASK_OVERDUE] - {job_no}","Process: Loading (LOAD)
Event: TASK_OVERDUE
Job No: {job_no}
Work Note: Update step status and part-wise completion in workspace.","2.00","2.00",NULL,"2.00","OVERDUE",False,NULL,"{""channels"": {""push"": true, ""email"": true, ""workspace"": true}, ""eventType"": ""TASK_OVERDUE"", ""jobTypeCode"": ""FULL_SCREEN"", ""jobTypeName"": ""Full Job – Screen Printing"", ""processCode"": ""LOAD"", ""printingMode"": ""SCREEN"", ""isFullProcess"": true, ""isOutsourceJob"": false, ""isSingleProcess"": false, ""isInhouseMaterial"": true, ""isCustomerMaterial"": false, ""allowAdvancePayment"": true, ""requireCostingApproval"": true}","{""model"": ""agentic-workspace-v1"", ""enabled"": true, ""purpose"": ""process-work-guidance""}","{""seededFrom"": ""mst_process + mst_job_type + mst_department"", ""taskTypeLogic"": ""process.isapprovalrequired + client approval + job-type nature"", ""partyRoutingDepartment"": 9999}","NORMAL",True,True,283,"SYSTEM","2026-04-16 08:57:33.887592",NULL,"2026-04-16 08:57:33.887592"
"1868",1003,"FULL_SCREEN",28,28,"LOAD","LOAD","1013","TASK_COMPLETED","Loading Completed",NULL,0,"INTERNAL",True,False,False,False,False,False,False,False,False,True,True,False,"P_LOAD","[FULL_SCREEN] Loading [TASK_COMPLETED] - {job_no}","Process: Loading (LOAD)
Event: TASK_COMPLETED
Job No: {job_no}
Work Note: Update step status and part-wise completion in workspace.","2.00","2.00",NULL,"2.00","COMPLETED",False,NULL,"{""channels"": {""push"": true, ""email"": true, ""workspace"": true}, ""eventType"": ""TASK_COMPLETED"", ""jobTypeCode"": ""FULL_SCREEN"", ""jobTypeName"": ""Full Job – Screen Printing"", ""processCode"": ""LOAD"", ""printingMode"": ""SCREEN"", ""isFullProcess"": true, ""isOutsourceJob"": false, ""isSingleProcess"": false, ""isInhouseMaterial"": true, ""isCustomerMaterial"": false, ""allowAdvancePayment"": true, ""requireCostingApproval"": true}","{""model"": ""agentic-workspace-v1"", ""enabled"": true, ""purpose"": ""process-work-guidance""}","{""seededFrom"": ""mst_process + mst_job_type + mst_department"", ""taskTypeLogic"": ""process.isapprovalrequired + client approval + job-type nature"", ""partyRoutingDepartment"": 9999}","NORMAL",True,True,284,"SYSTEM","2026-04-16 08:57:33.887592",NULL,"2026-04-16 08:57:33.887592"
"1869",1003,"FULL_SCREEN",29,29,"CHALLAN","CHALLAN","1004","PROC_START","Delivery Challan Started",NULL,1,"INTERNAL",True,True,False,True,False,False,False,False,False,True,True,False,"P_CHALLAN","[FULL_SCREEN] Challan [PROC_START] - {job_no}","Process: Delivery Challan (CHALLAN)
Event: PROC_START
Job No: {job_no}
Work Note: Update step status and part-wise completion in workspace.","2.00","1.00","DEPT_HEAD","2.00","PENDING",True,NULL,"{""channels"": {""push"": true, ""email"": true, ""workspace"": true}, ""eventType"": ""PROC_START"", ""jobTypeCode"": ""FULL_SCREEN"", ""jobTypeName"": ""Full Job – Screen Printing"", ""processCode"": ""CHALLAN"", ""printingMode"": ""SCREEN"", ""isFullProcess"": true, ""isOutsourceJob"": false, ""isSingleProcess"": false, ""isInhouseMaterial"": true, ""isCustomerMaterial"": false, ""allowAdvancePayment"": true, ""requireCostingApproval"": true}","{""model"": ""agentic-workspace-v1"", ""enabled"": true, ""purpose"": ""process-work-guidance""}","{""seededFrom"": ""mst_process + mst_job_type + mst_department"", ""taskTypeLogic"": ""process.isapprovalrequired + client approval + job-type nature"", ""partyRoutingDepartment"": 9999}","HIGH",True,True,291,"SYSTEM","2026-04-16 08:57:33.887592",NULL,"2026-04-16 08:57:33.887592"
"1870",1003,"FULL_SCREEN",29,29,"CHALLAN","CHALLAN","1004","TASK_ASSIGNED","Delivery Challan Assigned",NULL,1,"INTERNAL",True,True,False,True,False,False,False,False,False,True,True,False,"P_CHALLAN","[FULL_SCREEN] Challan [TASK_ASSIGNED] - {job_no}","Process: Delivery Challan (CHALLAN)
Event: TASK_ASSIGNED
Job No: {job_no}
Work Note: Update step status and part-wise completion in workspace.","2.00","1.00","DEPT_HEAD","2.00","PENDING",True,NULL,"{""channels"": {""push"": true, ""email"": true, ""workspace"": true}, ""eventType"": ""TASK_ASSIGNED"", ""jobTypeCode"": ""FULL_SCREEN"", ""jobTypeName"": ""Full Job – Screen Printing"", ""processCode"": ""CHALLAN"", ""printingMode"": ""SCREEN"", ""isFullProcess"": true, ""isOutsourceJob"": false, ""isSingleProcess"": false, ""isInhouseMaterial"": true, ""isCustomerMaterial"": false, ""allowAdvancePayment"": true, ""requireCostingApproval"": true}","{""model"": ""agentic-workspace-v1"", ""enabled"": true, ""purpose"": ""process-work-guidance""}","{""seededFrom"": ""mst_process + mst_job_type + mst_department"", ""taskTypeLogic"": ""process.isapprovalrequired + client approval + job-type nature"", ""partyRoutingDepartment"": 9999}","HIGH",True,True,292,"SYSTEM","2026-04-16 08:57:33.887592",NULL,"2026-04-16 08:57:33.887592"
"1871",1003,"FULL_SCREEN",29,29,"CHALLAN","CHALLAN","1004","TASK_OVERDUE","Delivery Challan Overdue",NULL,1,"INTERNAL",True,True,False,True,False,False,False,False,False,True,True,False,"P_CHALLAN","[FULL_SCREEN] Challan [TASK_OVERDUE] - {job_no}","Process: Delivery Challan (CHALLAN)
Event: TASK_OVERDUE
Job No: {job_no}
Work Note: Update step status and part-wise completion in workspace.","2.00","1.00","DEPT_HEAD","2.00","OVERDUE",False,NULL,"{""channels"": {""push"": true, ""email"": true, ""workspace"": true}, ""eventType"": ""TASK_OVERDUE"", ""jobTypeCode"": ""FULL_SCREEN"", ""jobTypeName"": ""Full Job – Screen Printing"", ""processCode"": ""CHALLAN"", ""printingMode"": ""SCREEN"", ""isFullProcess"": true, ""isOutsourceJob"": false, ""isSingleProcess"": false, ""isInhouseMaterial"": true, ""isCustomerMaterial"": false, ""allowAdvancePayment"": true, ""requireCostingApproval"": true}","{""model"": ""agentic-workspace-v1"", ""enabled"": true, ""purpose"": ""process-work-guidance""}","{""seededFrom"": ""mst_process + mst_job_type + mst_department"", ""taskTypeLogic"": ""process.isapprovalrequired + client approval + job-type nature"", ""partyRoutingDepartment"": 9999}","HIGH",True,True,293,"SYSTEM","2026-04-16 08:57:33.887592",NULL,"2026-04-16 08:57:33.887592"
"1872",1003,"FULL_SCREEN",29,29,"CHALLAN","CHALLAN","1004","TASK_COMPLETED","Delivery Challan Completed",NULL,1,"INTERNAL",True,True,False,True,False,False,False,False,False,True,True,False,"P_CHALLAN","[FULL_SCREEN] Challan [TASK_COMPLETED] - {job_no}","Process: Delivery Challan (CHALLAN)
Event: TASK_COMPLETED
Job No: {job_no}
Work Note: Update step status and part-wise completion in workspace.","2.00","1.00","DEPT_HEAD","2.00","COMPLETED",False,NULL,"{""channels"": {""push"": true, ""email"": true, ""workspace"": true}, ""eventType"": ""TASK_COMPLETED"", ""jobTypeCode"": ""FULL_SCREEN"", ""jobTypeName"": ""Full Job – Screen Printing"", ""processCode"": ""CHALLAN"", ""printingMode"": ""SCREEN"", ""isFullProcess"": true, ""isOutsourceJob"": false, ""isSingleProcess"": false, ""isInhouseMaterial"": true, ""isCustomerMaterial"": false, ""allowAdvancePayment"": true, ""requireCostingApproval"": true}","{""model"": ""agentic-workspace-v1"", ""enabled"": true, ""purpose"": ""process-work-guidance""}","{""seededFrom"": ""mst_process + mst_job_type + mst_department"", ""taskTypeLogic"": ""process.isapprovalrequired + client approval + job-type nature"", ""partyRoutingDepartment"": 9999}","HIGH",True,True,294,"SYSTEM","2026-04-16 08:57:33.887592",NULL,"2026-04-16 08:57:33.887592"
"1873",1003,"FULL_SCREEN",30,30,"GATE_PASS","GATE_PASS","1018","PROC_START","Gate Pass Started",NULL,1,"INTERNAL",True,True,False,True,False,False,False,False,False,True,True,False,"P_GATE","[FULL_SCREEN] Gate Pass [PROC_START] - {job_no}","Process: Gate Pass (GATE_PASS)
Event: PROC_START
Job No: {job_no}
Work Note: Update step status and part-wise completion in workspace.","1.00","1.00","DEPT_HEAD","2.00","PENDING",True,NULL,"{""channels"": {""push"": true, ""email"": true, ""workspace"": true}, ""eventType"": ""PROC_START"", ""jobTypeCode"": ""FULL_SCREEN"", ""jobTypeName"": ""Full Job – Screen Printing"", ""processCode"": ""GATE_PASS"", ""printingMode"": ""SCREEN"", ""isFullProcess"": true, ""isOutsourceJob"": false, ""isSingleProcess"": false, ""isInhouseMaterial"": true, ""isCustomerMaterial"": false, ""allowAdvancePayment"": true, ""requireCostingApproval"": true}","{""model"": ""agentic-workspace-v1"", ""enabled"": true, ""purpose"": ""process-work-guidance""}","{""seededFrom"": ""mst_process + mst_job_type + mst_department"", ""taskTypeLogic"": ""process.isapprovalrequired + client approval + job-type nature"", ""partyRoutingDepartment"": 9999}","HIGH",True,True,301,"SYSTEM","2026-04-16 08:57:33.887592",NULL,"2026-04-16 08:57:33.887592"
"1874",1003,"FULL_SCREEN",30,30,"GATE_PASS","GATE_PASS","1018","TASK_ASSIGNED","Gate Pass Assigned",NULL,1,"INTERNAL",True,True,False,True,False,False,False,False,False,True,True,False,"P_GATE","[FULL_SCREEN] Gate Pass [TASK_ASSIGNED] - {job_no}","Process: Gate Pass (GATE_PASS)
Event: TASK_ASSIGNED
Job No: {job_no}
Work Note: Update step status and part-wise completion in workspace.","1.00","1.00","DEPT_HEAD","2.00","PENDING",True,NULL,"{""channels"": {""push"": true, ""email"": true, ""workspace"": true}, ""eventType"": ""TASK_ASSIGNED"", ""jobTypeCode"": ""FULL_SCREEN"", ""jobTypeName"": ""Full Job – Screen Printing"", ""processCode"": ""GATE_PASS"", ""printingMode"": ""SCREEN"", ""isFullProcess"": true, ""isOutsourceJob"": false, ""isSingleProcess"": false, ""isInhouseMaterial"": true, ""isCustomerMaterial"": false, ""allowAdvancePayment"": true, ""requireCostingApproval"": true}","{""model"": ""agentic-workspace-v1"", ""enabled"": true, ""purpose"": ""process-work-guidance""}","{""seededFrom"": ""mst_process + mst_job_type + mst_department"", ""taskTypeLogic"": ""process.isapprovalrequired + client approval + job-type nature"", ""partyRoutingDepartment"": 9999}","HIGH",True,True,302,"SYSTEM","2026-04-16 08:57:33.887592",NULL,"2026-04-16 08:57:33.887592"
"1875",1003,"FULL_SCREEN",30,30,"GATE_PASS","GATE_PASS","1018","TASK_OVERDUE","Gate Pass Overdue",NULL,1,"INTERNAL",True,True,False,True,False,False,False,False,False,True,True,False,"P_GATE","[FULL_SCREEN] Gate Pass [TASK_OVERDUE] - {job_no}","Process: Gate Pass (GATE_PASS)
Event: TASK_OVERDUE
Job No: {job_no}
Work Note: Update step status and part-wise completion in workspace.","1.00","1.00","DEPT_HEAD","2.00","OVERDUE",False,NULL,"{""channels"": {""push"": true, ""email"": true, ""workspace"": true}, ""eventType"": ""TASK_OVERDUE"", ""jobTypeCode"": ""FULL_SCREEN"", ""jobTypeName"": ""Full Job – Screen Printing"", ""processCode"": ""GATE_PASS"", ""printingMode"": ""SCREEN"", ""isFullProcess"": true, ""isOutsourceJob"": false, ""isSingleProcess"": false, ""isInhouseMaterial"": true, ""isCustomerMaterial"": false, ""allowAdvancePayment"": true, ""requireCostingApproval"": true}","{""model"": ""agentic-workspace-v1"", ""enabled"": true, ""purpose"": ""process-work-guidance""}","{""seededFrom"": ""mst_process + mst_job_type + mst_department"", ""taskTypeLogic"": ""process.isapprovalrequired + client approval + job-type nature"", ""partyRoutingDepartment"": 9999}","HIGH",True,True,303,"SYSTEM","2026-04-16 08:57:33.887592",NULL,"2026-04-16 08:57:33.887592"
"1876",1003,"FULL_SCREEN",30,30,"GATE_PASS","GATE_PASS","1018","TASK_COMPLETED","Gate Pass Completed",NULL,1,"INTERNAL",True,True,False,True,False,False,False,False,False,True,True,False,"P_GATE","[FULL_SCREEN] Gate Pass [TASK_COMPLETED] - {job_no}","Process: Gate Pass (GATE_PASS)
Event: TASK_COMPLETED
Job No: {job_no}
Work Note: Update step status and part-wise completion in workspace.","1.00","1.00","DEPT_HEAD","2.00","COMPLETED",False,NULL,"{""channels"": {""push"": true, ""email"": true, ""workspace"": true}, ""eventType"": ""TASK_COMPLETED"", ""jobTypeCode"": ""FULL_SCREEN"", ""jobTypeName"": ""Full Job – Screen Printing"", ""processCode"": ""GATE_PASS"", ""printingMode"": ""SCREEN"", ""isFullProcess"": true, ""isOutsourceJob"": false, ""isSingleProcess"": false, ""isInhouseMaterial"": true, ""isCustomerMaterial"": false, ""allowAdvancePayment"": true, ""requireCostingApproval"": true}","{""model"": ""agentic-workspace-v1"", ""enabled"": true, ""purpose"": ""process-work-guidance""}","{""seededFrom"": ""mst_process + mst_job_type + mst_department"", ""taskTypeLogic"": ""process.isapprovalrequired + client approval + job-type nature"", ""partyRoutingDepartment"": 9999}","HIGH",True,True,304,"SYSTEM","2026-04-16 08:57:33.887592",NULL,"2026-04-16 08:57:33.887592"
"1877",1003,"FULL_SCREEN",31,31,"DISPATCH","DISPATCH","1013","PROC_START","Dispatch Started",NULL,0,"INTERNAL",True,False,False,False,False,False,False,False,False,True,True,False,"P_DISPATCH","[FULL_SCREEN] Dispatch [PROC_START] - {job_no}","Process: Dispatch (DISPATCH)
Event: PROC_START
Job No: {job_no}
Work Note: Update step status and part-wise completion in workspace.","2.00","1.00",NULL,"2.00","PENDING",True,NULL,"{""channels"": {""push"": true, ""email"": true, ""workspace"": true}, ""eventType"": ""PROC_START"", ""jobTypeCode"": ""FULL_SCREEN"", ""jobTypeName"": ""Full Job – Screen Printing"", ""processCode"": ""DISPATCH"", ""printingMode"": ""SCREEN"", ""isFullProcess"": true, ""isOutsourceJob"": false, ""isSingleProcess"": false, ""isInhouseMaterial"": true, ""isCustomerMaterial"": false, ""allowAdvancePayment"": true, ""requireCostingApproval"": true}","{""model"": ""agentic-workspace-v1"", ""enabled"": true, ""purpose"": ""process-work-guidance""}","{""seededFrom"": ""mst_process + mst_job_type + mst_department"", ""taskTypeLogic"": ""process.isapprovalrequired + client approval + job-type nature"", ""partyRoutingDepartment"": 9999}","NORMAL",True,True,311,"SYSTEM","2026-04-16 08:57:33.887592",NULL,"2026-04-16 08:57:33.887592"
"1878",1003,"FULL_SCREEN",31,31,"DISPATCH","DISPATCH","1013","TASK_ASSIGNED","Dispatch Assigned",NULL,0,"INTERNAL",True,False,False,False,False,False,False,False,False,True,True,False,"P_DISPATCH","[FULL_SCREEN] Dispatch [TASK_ASSIGNED] - {job_no}","Process: Dispatch (DISPATCH)
Event: TASK_ASSIGNED
Job No: {job_no}
Work Note: Update step status and part-wise completion in workspace.","2.00","1.00",NULL,"2.00","PENDING",True,NULL,"{""channels"": {""push"": true, ""email"": true, ""workspace"": true}, ""eventType"": ""TASK_ASSIGNED"", ""jobTypeCode"": ""FULL_SCREEN"", ""jobTypeName"": ""Full Job – Screen Printing"", ""processCode"": ""DISPATCH"", ""printingMode"": ""SCREEN"", ""isFullProcess"": true, ""isOutsourceJob"": false, ""isSingleProcess"": false, ""isInhouseMaterial"": true, ""isCustomerMaterial"": false, ""allowAdvancePayment"": true, ""requireCostingApproval"": true}","{""model"": ""agentic-workspace-v1"", ""enabled"": true, ""purpose"": ""process-work-guidance""}","{""seededFrom"": ""mst_process + mst_job_type + mst_department"", ""taskTypeLogic"": ""process.isapprovalrequired + client approval + job-type nature"", ""partyRoutingDepartment"": 9999}","NORMAL",True,True,312,"SYSTEM","2026-04-16 08:57:33.887592",NULL,"2026-04-16 08:57:33.887592"
"1879",1003,"FULL_SCREEN",31,31,"DISPATCH","DISPATCH","1013","TASK_OVERDUE","Dispatch Overdue",NULL,0,"INTERNAL",True,False,False,False,False,False,False,False,False,True,True,False,"P_DISPATCH","[FULL_SCREEN] Dispatch [TASK_OVERDUE] - {job_no}","Process: Dispatch (DISPATCH)
Event: TASK_OVERDUE
Job No: {job_no}
Work Note: Update step status and part-wise completion in workspace.","2.00","1.00",NULL,"2.00","OVERDUE",False,NULL,"{""channels"": {""push"": true, ""email"": true, ""workspace"": true}, ""eventType"": ""TASK_OVERDUE"", ""jobTypeCode"": ""FULL_SCREEN"", ""jobTypeName"": ""Full Job – Screen Printing"", ""processCode"": ""DISPATCH"", ""printingMode"": ""SCREEN"", ""isFullProcess"": true, ""isOutsourceJob"": false, ""isSingleProcess"": false, ""isInhouseMaterial"": true, ""isCustomerMaterial"": false, ""allowAdvancePayment"": true, ""requireCostingApproval"": true}","{""model"": ""agentic-workspace-v1"", ""enabled"": true, ""purpose"": ""process-work-guidance""}","{""seededFrom"": ""mst_process + mst_job_type + mst_department"", ""taskTypeLogic"": ""process.isapprovalrequired + client approval + job-type nature"", ""partyRoutingDepartment"": 9999}","NORMAL",True,True,313,"SYSTEM","2026-04-16 08:57:33.887592",NULL,"2026-04-16 08:57:33.887592"
"1880",1003,"FULL_SCREEN",31,31,"DISPATCH","DISPATCH","1013","TASK_COMPLETED","Dispatch Completed",NULL,0,"INTERNAL",True,False,False,False,False,False,False,False,False,True,True,False,"P_DISPATCH","[FULL_SCREEN] Dispatch [TASK_COMPLETED] - {job_no}","Process: Dispatch (DISPATCH)
Event: TASK_COMPLETED
Job No: {job_no}
Work Note: Update step status and part-wise completion in workspace.","2.00","1.00",NULL,"2.00","COMPLETED",False,NULL,"{""channels"": {""push"": true, ""email"": true, ""workspace"": true}, ""eventType"": ""TASK_COMPLETED"", ""jobTypeCode"": ""FULL_SCREEN"", ""jobTypeName"": ""Full Job – Screen Printing"", ""processCode"": ""DISPATCH"", ""printingMode"": ""SCREEN"", ""isFullProcess"": true, ""isOutsourceJob"": false, ""isSingleProcess"": false, ""isInhouseMaterial"": true, ""isCustomerMaterial"": false, ""allowAdvancePayment"": true, ""requireCostingApproval"": true}","{""model"": ""agentic-workspace-v1"", ""enabled"": true, ""purpose"": ""process-work-guidance""}","{""seededFrom"": ""mst_process + mst_job_type + mst_department"", ""taskTypeLogic"": ""process.isapprovalrequired + client approval + job-type nature"", ""partyRoutingDepartment"": 9999}","NORMAL",True,True,314,"SYSTEM","2026-04-16 08:57:33.887592",NULL,"2026-04-16 08:57:33.887592"
"1881",1004,"FULL_FLEX",2,2,"ENQ_JOB","ENQ_JOB","9999","PROC_START","Enquiry Creation Started",NULL,1,"PARTY",True,True,False,True,False,True,True,False,False,True,True,False,"P_ENQ_JOB","[FULL_FLEX] Enquiry Workflow [PROC_START] - {job_no}","Process: Enquiry Creation (ENQ_JOB)
Event: PROC_START
Job No: {job_no}
Work Note: Update step status and part-wise completion in workspace.","2.00","2.00","DEPT_HEAD","2.00","PENDING",True,NULL,"{""channels"": {""push"": true, ""email"": true, ""workspace"": true}, ""eventType"": ""PROC_START"", ""jobTypeCode"": ""FULL_FLEX"", ""jobTypeName"": ""Full Job – Flex Printing"", ""processCode"": ""ENQ_JOB"", ""printingMode"": ""FLEX"", ""isFullProcess"": true, ""isOutsourceJob"": false, ""isSingleProcess"": false, ""isInhouseMaterial"": true, ""isCustomerMaterial"": false, ""allowAdvancePayment"": true, ""requireCostingApproval"": true}","{""model"": ""agentic-workspace-v1"", ""enabled"": true, ""purpose"": ""process-work-guidance""}","{""seededFrom"": ""mst_process + mst_job_type + mst_department"", ""taskTypeLogic"": ""process.isapprovalrequired + client approval + job-type nature"", ""partyRoutingDepartment"": 9999}","HIGH",True,True,21,"SYSTEM","2026-04-16 08:57:33.887592",NULL,"2026-04-16 08:57:33.887592"
"1882",1004,"FULL_FLEX",2,2,"ENQ_JOB","ENQ_JOB","9999","TASK_ASSIGNED","Enquiry Creation Assigned",NULL,1,"PARTY",True,True,False,True,False,True,True,False,False,True,True,False,"P_ENQ_JOB","[FULL_FLEX] Enquiry Workflow [TASK_ASSIGNED] - {job_no}","Process: Enquiry Creation (ENQ_JOB)
Event: TASK_ASSIGNED
Job No: {job_no}
Work Note: Update step status and part-wise completion in workspace.","2.00","2.00","DEPT_HEAD","2.00","PENDING",True,NULL,"{""channels"": {""push"": true, ""email"": true, ""workspace"": true}, ""eventType"": ""TASK_ASSIGNED"", ""jobTypeCode"": ""FULL_FLEX"", ""jobTypeName"": ""Full Job – Flex Printing"", ""processCode"": ""ENQ_JOB"", ""printingMode"": ""FLEX"", ""isFullProcess"": true, ""isOutsourceJob"": false, ""isSingleProcess"": false, ""isInhouseMaterial"": true, ""isCustomerMaterial"": false, ""allowAdvancePayment"": true, ""requireCostingApproval"": true}","{""model"": ""agentic-workspace-v1"", ""enabled"": true, ""purpose"": ""process-work-guidance""}","{""seededFrom"": ""mst_process + mst_job_type + mst_department"", ""taskTypeLogic"": ""process.isapprovalrequired + client approval + job-type nature"", ""partyRoutingDepartment"": 9999}","HIGH",True,True,22,"SYSTEM","2026-04-16 08:57:33.887592",NULL,"2026-04-16 08:57:33.887592"
"1883",1004,"FULL_FLEX",2,2,"ENQ_JOB","ENQ_JOB","9999","TASK_OVERDUE","Enquiry Creation Overdue",NULL,1,"PARTY",True,True,False,True,False,True,True,False,False,True,True,False,"P_ENQ_JOB","[FULL_FLEX] Enquiry Workflow [TASK_OVERDUE] - {job_no}","Process: Enquiry Creation (ENQ_JOB)
Event: TASK_OVERDUE
Job No: {job_no}
Work Note: Update step status and part-wise completion in workspace.","2.00","2.00","DEPT_HEAD","2.00","OVERDUE",False,NULL,"{""channels"": {""push"": true, ""email"": true, ""workspace"": true}, ""eventType"": ""TASK_OVERDUE"", ""jobTypeCode"": ""FULL_FLEX"", ""jobTypeName"": ""Full Job – Flex Printing"", ""processCode"": ""ENQ_JOB"", ""printingMode"": ""FLEX"", ""isFullProcess"": true, ""isOutsourceJob"": false, ""isSingleProcess"": false, ""isInhouseMaterial"": true, ""isCustomerMaterial"": false, ""allowAdvancePayment"": true, ""requireCostingApproval"": true}","{""model"": ""agentic-workspace-v1"", ""enabled"": true, ""purpose"": ""process-work-guidance""}","{""seededFrom"": ""mst_process + mst_job_type + mst_department"", ""taskTypeLogic"": ""process.isapprovalrequired + client approval + job-type nature"", ""partyRoutingDepartment"": 9999}","HIGH",True,True,23,"SYSTEM","2026-04-16 08:57:33.887592",NULL,"2026-04-16 08:57:33.887592"
"1884",1004,"FULL_FLEX",2,2,"ENQ_JOB","ENQ_JOB","9999","TASK_COMPLETED","Enquiry Creation Completed",NULL,1,"PARTY",True,True,False,True,False,True,True,False,False,True,True,False,"P_ENQ_JOB","[FULL_FLEX] Enquiry Workflow [TASK_COMPLETED] - {job_no}","Process: Enquiry Creation (ENQ_JOB)
Event: TASK_COMPLETED
Job No: {job_no}
Work Note: Update step status and part-wise completion in workspace.","2.00","2.00","DEPT_HEAD","2.00","COMPLETED",False,NULL,"{""channels"": {""push"": true, ""email"": true, ""workspace"": true}, ""eventType"": ""TASK_COMPLETED"", ""jobTypeCode"": ""FULL_FLEX"", ""jobTypeName"": ""Full Job – Flex Printing"", ""processCode"": ""ENQ_JOB"", ""printingMode"": ""FLEX"", ""isFullProcess"": true, ""isOutsourceJob"": false, ""isSingleProcess"": false, ""isInhouseMaterial"": true, ""isCustomerMaterial"": false, ""allowAdvancePayment"": true, ""requireCostingApproval"": true}","{""model"": ""agentic-workspace-v1"", ""enabled"": true, ""purpose"": ""process-work-guidance""}","{""seededFrom"": ""mst_process + mst_job_type + mst_department"", ""taskTypeLogic"": ""process.isapprovalrequired + client approval + job-type nature"", ""partyRoutingDepartment"": 9999}","HIGH",True,True,24,"SYSTEM","2026-04-16 08:57:33.887592",NULL,"2026-04-16 08:57:33.887592"
"1885",1004,"FULL_FLEX",3,3,"ENQ_EST","ENQ_EST","1008","PROC_START","Estimation / Costing Started",NULL,1,"INTERNAL",True,True,False,True,False,False,False,False,False,True,True,False,"P_EST","[FULL_FLEX] Estimation [PROC_START] - {job_no}","Process: Estimation / Costing (ENQ_EST)
Event: PROC_START
Job No: {job_no}
Work Note: Update step status and part-wise completion in workspace.","6.00","2.00","DEPT_HEAD","2.00","PENDING",True,NULL,"{""channels"": {""push"": true, ""email"": true, ""workspace"": true}, ""eventType"": ""PROC_START"", ""jobTypeCode"": ""FULL_FLEX"", ""jobTypeName"": ""Full Job – Flex Printing"", ""processCode"": ""ENQ_EST"", ""printingMode"": ""FLEX"", ""isFullProcess"": true, ""isOutsourceJob"": false, ""isSingleProcess"": false, ""isInhouseMaterial"": true, ""isCustomerMaterial"": false, ""allowAdvancePayment"": true, ""requireCostingApproval"": true}","{""model"": ""agentic-workspace-v1"", ""enabled"": true, ""purpose"": ""process-work-guidance""}","{""seededFrom"": ""mst_process + mst_job_type + mst_department"", ""taskTypeLogic"": ""process.isapprovalrequired + client approval + job-type nature"", ""partyRoutingDepartment"": 9999}","HIGH",True,True,31,"SYSTEM","2026-04-16 08:57:33.887592",NULL,"2026-04-16 08:57:33.887592"
"1886",1004,"FULL_FLEX",3,3,"ENQ_EST","ENQ_EST","1008","TASK_ASSIGNED","Estimation / Costing Assigned",NULL,1,"INTERNAL",True,True,False,True,False,False,False,False,False,True,True,False,"P_EST","[FULL_FLEX] Estimation [TASK_ASSIGNED] - {job_no}","Process: Estimation / Costing (ENQ_EST)
Event: TASK_ASSIGNED
Job No: {job_no}
Work Note: Update step status and part-wise completion in workspace.","6.00","2.00","DEPT_HEAD","2.00","PENDING",True,NULL,"{""channels"": {""push"": true, ""email"": true, ""workspace"": true}, ""eventType"": ""TASK_ASSIGNED"", ""jobTypeCode"": ""FULL_FLEX"", ""jobTypeName"": ""Full Job – Flex Printing"", ""processCode"": ""ENQ_EST"", ""printingMode"": ""FLEX"", ""isFullProcess"": true, ""isOutsourceJob"": false, ""isSingleProcess"": false, ""isInhouseMaterial"": true, ""isCustomerMaterial"": false, ""allowAdvancePayment"": true, ""requireCostingApproval"": true}","{""model"": ""agentic-workspace-v1"", ""enabled"": true, ""purpose"": ""process-work-guidance""}","{""seededFrom"": ""mst_process + mst_job_type + mst_department"", ""taskTypeLogic"": ""process.isapprovalrequired + client approval + job-type nature"", ""partyRoutingDepartment"": 9999}","HIGH",True,True,32,"SYSTEM","2026-04-16 08:57:33.887592",NULL,"2026-04-16 08:57:33.887592"
"1887",1004,"FULL_FLEX",3,3,"ENQ_EST","ENQ_EST","1008","TASK_OVERDUE","Estimation / Costing Overdue",NULL,1,"INTERNAL",True,True,False,True,False,False,False,False,False,True,True,False,"P_EST","[FULL_FLEX] Estimation [TASK_OVERDUE] - {job_no}","Process: Estimation / Costing (ENQ_EST)
Event: TASK_OVERDUE
Job No: {job_no}
Work Note: Update step status and part-wise completion in workspace.","6.00","2.00","DEPT_HEAD","2.00","OVERDUE",False,NULL,"{""channels"": {""push"": true, ""email"": true, ""workspace"": true}, ""eventType"": ""TASK_OVERDUE"", ""jobTypeCode"": ""FULL_FLEX"", ""jobTypeName"": ""Full Job – Flex Printing"", ""processCode"": ""ENQ_EST"", ""printingMode"": ""FLEX"", ""isFullProcess"": true, ""isOutsourceJob"": false, ""isSingleProcess"": false, ""isInhouseMaterial"": true, ""isCustomerMaterial"": false, ""allowAdvancePayment"": true, ""requireCostingApproval"": true}","{""model"": ""agentic-workspace-v1"", ""enabled"": true, ""purpose"": ""process-work-guidance""}","{""seededFrom"": ""mst_process + mst_job_type + mst_department"", ""taskTypeLogic"": ""process.isapprovalrequired + client approval + job-type nature"", ""partyRoutingDepartment"": 9999}","HIGH",True,True,33,"SYSTEM","2026-04-16 08:57:33.887592",NULL,"2026-04-16 08:57:33.887592"
"1888",1004,"FULL_FLEX",3,3,"ENQ_EST","ENQ_EST","1008","TASK_COMPLETED","Estimation / Costing Completed",NULL,1,"INTERNAL",True,True,False,True,False,False,False,False,False,True,True,False,"P_EST","[FULL_FLEX] Estimation [TASK_COMPLETED] - {job_no}","Process: Estimation / Costing (ENQ_EST)
Event: TASK_COMPLETED
Job No: {job_no}
Work Note: Update step status and part-wise completion in workspace.","6.00","2.00","DEPT_HEAD","2.00","COMPLETED",False,NULL,"{""channels"": {""push"": true, ""email"": true, ""workspace"": true}, ""eventType"": ""TASK_COMPLETED"", ""jobTypeCode"": ""FULL_FLEX"", ""jobTypeName"": ""Full Job – Flex Printing"", ""processCode"": ""ENQ_EST"", ""printingMode"": ""FLEX"", ""isFullProcess"": true, ""isOutsourceJob"": false, ""isSingleProcess"": false, ""isInhouseMaterial"": true, ""isCustomerMaterial"": false, ""allowAdvancePayment"": true, ""requireCostingApproval"": true}","{""model"": ""agentic-workspace-v1"", ""enabled"": true, ""purpose"": ""process-work-guidance""}","{""seededFrom"": ""mst_process + mst_job_type + mst_department"", ""taskTypeLogic"": ""process.isapprovalrequired + client approval + job-type nature"", ""partyRoutingDepartment"": 9999}","HIGH",True,True,34,"SYSTEM","2026-04-16 08:57:33.887592",NULL,"2026-04-16 08:57:33.887592"
"1889",1004,"FULL_FLEX",4,4,"QUOT","QUOT","9999","PROC_START","Quotation Generation Started",NULL,1,"PARTY",True,True,False,True,False,True,True,False,False,True,True,False,"P_QUOT","[FULL_FLEX] Quotation [PROC_START] - {job_no}","Process: Quotation Generation (QUOT)
Event: PROC_START
Job No: {job_no}
Work Note: Update step status and part-wise completion in workspace.","4.00","2.00","DEPT_HEAD","2.00","PENDING",True,NULL,"{""channels"": {""push"": true, ""email"": true, ""workspace"": true}, ""eventType"": ""PROC_START"", ""jobTypeCode"": ""FULL_FLEX"", ""jobTypeName"": ""Full Job – Flex Printing"", ""processCode"": ""QUOT"", ""printingMode"": ""FLEX"", ""isFullProcess"": true, ""isOutsourceJob"": false, ""isSingleProcess"": false, ""isInhouseMaterial"": true, ""isCustomerMaterial"": false, ""allowAdvancePayment"": true, ""requireCostingApproval"": true}","{""model"": ""agentic-workspace-v1"", ""enabled"": true, ""purpose"": ""process-work-guidance""}","{""seededFrom"": ""mst_process + mst_job_type + mst_department"", ""taskTypeLogic"": ""process.isapprovalrequired + client approval + job-type nature"", ""partyRoutingDepartment"": 9999}","HIGH",True,True,41,"SYSTEM","2026-04-16 08:57:33.887592",NULL,"2026-04-16 08:57:33.887592"
"1890",1004,"FULL_FLEX",4,4,"QUOT","QUOT","9999","TASK_ASSIGNED","Quotation Generation Assigned",NULL,1,"PARTY",True,True,False,True,False,True,True,False,False,True,True,False,"P_QUOT","[FULL_FLEX] Quotation [TASK_ASSIGNED] - {job_no}","Process: Quotation Generation (QUOT)
Event: TASK_ASSIGNED
Job No: {job_no}
Work Note: Update step status and part-wise completion in workspace.","4.00","2.00","DEPT_HEAD","2.00","PENDING",True,NULL,"{""channels"": {""push"": true, ""email"": true, ""workspace"": true}, ""eventType"": ""TASK_ASSIGNED"", ""jobTypeCode"": ""FULL_FLEX"", ""jobTypeName"": ""Full Job – Flex Printing"", ""processCode"": ""QUOT"", ""printingMode"": ""FLEX"", ""isFullProcess"": true, ""isOutsourceJob"": false, ""isSingleProcess"": false, ""isInhouseMaterial"": true, ""isCustomerMaterial"": false, ""allowAdvancePayment"": true, ""requireCostingApproval"": true}","{""model"": ""agentic-workspace-v1"", ""enabled"": true, ""purpose"": ""process-work-guidance""}","{""seededFrom"": ""mst_process + mst_job_type + mst_department"", ""taskTypeLogic"": ""process.isapprovalrequired + client approval + job-type nature"", ""partyRoutingDepartment"": 9999}","HIGH",True,True,42,"SYSTEM","2026-04-16 08:57:33.887592",NULL,"2026-04-16 08:57:33.887592"
"1891",1004,"FULL_FLEX",4,4,"QUOT","QUOT","9999","TASK_OVERDUE","Quotation Generation Overdue",NULL,1,"PARTY",True,True,False,True,False,True,True,False,False,True,True,False,"P_QUOT","[FULL_FLEX] Quotation [TASK_OVERDUE] - {job_no}","Process: Quotation Generation (QUOT)
Event: TASK_OVERDUE
Job No: {job_no}
Work Note: Update step status and part-wise completion in workspace.","4.00","2.00","DEPT_HEAD","2.00","OVERDUE",False,NULL,"{""channels"": {""push"": true, ""email"": true, ""workspace"": true}, ""eventType"": ""TASK_OVERDUE"", ""jobTypeCode"": ""FULL_FLEX"", ""jobTypeName"": ""Full Job – Flex Printing"", ""processCode"": ""QUOT"", ""printingMode"": ""FLEX"", ""isFullProcess"": true, ""isOutsourceJob"": false, ""isSingleProcess"": false, ""isInhouseMaterial"": true, ""isCustomerMaterial"": false, ""allowAdvancePayment"": true, ""requireCostingApproval"": true}","{""model"": ""agentic-workspace-v1"", ""enabled"": true, ""purpose"": ""process-work-guidance""}","{""seededFrom"": ""mst_process + mst_job_type + mst_department"", ""taskTypeLogic"": ""process.isapprovalrequired + client approval + job-type nature"", ""partyRoutingDepartment"": 9999}","HIGH",True,True,43,"SYSTEM","2026-04-16 08:57:33.887592",NULL,"2026-04-16 08:57:33.887592"
"1892",1004,"FULL_FLEX",4,4,"QUOT","QUOT","9999","TASK_COMPLETED","Quotation Generation Completed",NULL,1,"PARTY",True,True,False,True,False,True,True,False,False,True,True,False,"P_QUOT","[FULL_FLEX] Quotation [TASK_COMPLETED] - {job_no}","Process: Quotation Generation (QUOT)
Event: TASK_COMPLETED
Job No: {job_no}
Work Note: Update step status and part-wise completion in workspace.","4.00","2.00","DEPT_HEAD","2.00","COMPLETED",False,NULL,"{""channels"": {""push"": true, ""email"": true, ""workspace"": true}, ""eventType"": ""TASK_COMPLETED"", ""jobTypeCode"": ""FULL_FLEX"", ""jobTypeName"": ""Full Job – Flex Printing"", ""processCode"": ""QUOT"", ""printingMode"": ""FLEX"", ""isFullProcess"": true, ""isOutsourceJob"": false, ""isSingleProcess"": false, ""isInhouseMaterial"": true, ""isCustomerMaterial"": false, ""allowAdvancePayment"": true, ""requireCostingApproval"": true}","{""model"": ""agentic-workspace-v1"", ""enabled"": true, ""purpose"": ""process-work-guidance""}","{""seededFrom"": ""mst_process + mst_job_type + mst_department"", ""taskTypeLogic"": ""process.isapprovalrequired + client approval + job-type nature"", ""partyRoutingDepartment"": 9999}","HIGH",True,True,44,"SYSTEM","2026-04-16 08:57:33.887592",NULL,"2026-04-16 08:57:33.887592"
"1893",1004,"FULL_FLEX",5,5,"QUOT_APPR","QUOT_APPR","1001","PROC_START","Quotation Approval Started",NULL,1,"INTERNAL",True,True,False,True,False,False,False,False,False,True,True,False,"P_QUOT_APPR","[FULL_FLEX] Quotation Approval [PROC_START] - {job_no}","Process: Quotation Approval (QUOT_APPR)
Event: PROC_START
Job No: {job_no}
Work Note: Update step status and part-wise completion in workspace.","8.00","2.00","DEPT_HEAD","2.00","PENDING",True,NULL,"{""channels"": {""push"": true, ""email"": true, ""workspace"": true}, ""eventType"": ""PROC_START"", ""jobTypeCode"": ""FULL_FLEX"", ""jobTypeName"": ""Full Job – Flex Printing"", ""processCode"": ""QUOT_APPR"", ""printingMode"": ""FLEX"", ""isFullProcess"": true, ""isOutsourceJob"": false, ""isSingleProcess"": false, ""isInhouseMaterial"": true, ""isCustomerMaterial"": false, ""allowAdvancePayment"": true, ""requireCostingApproval"": true}","{""model"": ""agentic-workspace-v1"", ""enabled"": true, ""purpose"": ""process-work-guidance""}","{""seededFrom"": ""mst_process + mst_job_type + mst_department"", ""taskTypeLogic"": ""process.isapprovalrequired + client approval + job-type nature"", ""partyRoutingDepartment"": 9999}","HIGH",True,True,51,"SYSTEM","2026-04-16 08:57:33.887592",NULL,"2026-04-16 08:57:33.887592"
"1894",1004,"FULL_FLEX",5,5,"QUOT_APPR","QUOT_APPR","1001","TASK_ASSIGNED","Quotation Approval Assigned",NULL,1,"INTERNAL",True,True,False,True,False,False,False,False,False,True,True,False,"P_QUOT_APPR","[FULL_FLEX] Quotation Approval [TASK_ASSIGNED] - {job_no}","Process: Quotation Approval (QUOT_APPR)
Event: TASK_ASSIGNED
Job No: {job_no}
Work Note: Update step status and part-wise completion in workspace.","8.00","2.00","DEPT_HEAD","2.00","PENDING",True,NULL,"{""channels"": {""push"": true, ""email"": true, ""workspace"": true}, ""eventType"": ""TASK_ASSIGNED"", ""jobTypeCode"": ""FULL_FLEX"", ""jobTypeName"": ""Full Job – Flex Printing"", ""processCode"": ""QUOT_APPR"", ""printingMode"": ""FLEX"", ""isFullProcess"": true, ""isOutsourceJob"": false, ""isSingleProcess"": false, ""isInhouseMaterial"": true, ""isCustomerMaterial"": false, ""allowAdvancePayment"": true, ""requireCostingApproval"": true}","{""model"": ""agentic-workspace-v1"", ""enabled"": true, ""purpose"": ""process-work-guidance""}","{""seededFrom"": ""mst_process + mst_job_type + mst_department"", ""taskTypeLogic"": ""process.isapprovalrequired + client approval + job-type nature"", ""partyRoutingDepartment"": 9999}","HIGH",True,True,52,"SYSTEM","2026-04-16 08:57:33.887592",NULL,"2026-04-16 08:57:33.887592"
"1895",1004,"FULL_FLEX",5,5,"QUOT_APPR","QUOT_APPR","1001","TASK_OVERDUE","Quotation Approval Overdue",NULL,1,"INTERNAL",True,True,False,True,False,False,False,False,False,True,True,False,"P_QUOT_APPR","[FULL_FLEX] Quotation Approval [TASK_OVERDUE] - {job_no}","Process: Quotation Approval (QUOT_APPR)
Event: TASK_OVERDUE
Job No: {job_no}
Work Note: Update step status and part-wise completion in workspace.","8.00","2.00","DEPT_HEAD","2.00","OVERDUE",False,NULL,"{""channels"": {""push"": true, ""email"": true, ""workspace"": true}, ""eventType"": ""TASK_OVERDUE"", ""jobTypeCode"": ""FULL_FLEX"", ""jobTypeName"": ""Full Job – Flex Printing"", ""processCode"": ""QUOT_APPR"", ""printingMode"": ""FLEX"", ""isFullProcess"": true, ""isOutsourceJob"": false, ""isSingleProcess"": false, ""isInhouseMaterial"": true, ""isCustomerMaterial"": false, ""allowAdvancePayment"": true, ""requireCostingApproval"": true}","{""model"": ""agentic-workspace-v1"", ""enabled"": true, ""purpose"": ""process-work-guidance""}","{""seededFrom"": ""mst_process + mst_job_type + mst_department"", ""taskTypeLogic"": ""process.isapprovalrequired + client approval + job-type nature"", ""partyRoutingDepartment"": 9999}","HIGH",True,True,53,"SYSTEM","2026-04-16 08:57:33.887592",NULL,"2026-04-16 08:57:33.887592"
"1896",1004,"FULL_FLEX",5,5,"QUOT_APPR","QUOT_APPR","1001","TASK_COMPLETED","Quotation Approval Completed",NULL,1,"INTERNAL",True,True,False,True,False,False,False,False,False,True,True,False,"P_QUOT_APPR","[FULL_FLEX] Quotation Approval [TASK_COMPLETED] - {job_no}","Process: Quotation Approval (QUOT_APPR)
Event: TASK_COMPLETED
Job No: {job_no}
Work Note: Update step status and part-wise completion in workspace.","8.00","2.00","DEPT_HEAD","2.00","COMPLETED",False,NULL,"{""channels"": {""push"": true, ""email"": true, ""workspace"": true}, ""eventType"": ""TASK_COMPLETED"", ""jobTypeCode"": ""FULL_FLEX"", ""jobTypeName"": ""Full Job – Flex Printing"", ""processCode"": ""QUOT_APPR"", ""printingMode"": ""FLEX"", ""isFullProcess"": true, ""isOutsourceJob"": false, ""isSingleProcess"": false, ""isInhouseMaterial"": true, ""isCustomerMaterial"": false, ""allowAdvancePayment"": true, ""requireCostingApproval"": true}","{""model"": ""agentic-workspace-v1"", ""enabled"": true, ""purpose"": ""process-work-guidance""}","{""seededFrom"": ""mst_process + mst_job_type + mst_department"", ""taskTypeLogic"": ""process.isapprovalrequired + client approval + job-type nature"", ""partyRoutingDepartment"": 9999}","HIGH",True,True,54,"SYSTEM","2026-04-16 08:57:33.887592",NULL,"2026-04-16 08:57:33.887592"
"1897",1004,"FULL_FLEX",6,6,"JOB_CREATE","JOB_CREATE","1007","PROC_START","Job Creation Started",NULL,1,"INTERNAL",True,True,False,True,False,False,False,False,False,True,True,False,"P_JOB_CREATE","[FULL_FLEX] Job Creation [PROC_START] - {job_no}","Process: Job Creation (JOB_CREATE)
Event: PROC_START
Job No: {job_no}
Work Note: Update step status and part-wise completion in workspace.","2.00","2.00","DEPT_HEAD","2.00","PENDING",True,NULL,"{""channels"": {""push"": true, ""email"": true, ""workspace"": true}, ""eventType"": ""PROC_START"", ""jobTypeCode"": ""FULL_FLEX"", ""jobTypeName"": ""Full Job – Flex Printing"", ""processCode"": ""JOB_CREATE"", ""printingMode"": ""FLEX"", ""isFullProcess"": true, ""isOutsourceJob"": false, ""isSingleProcess"": false, ""isInhouseMaterial"": true, ""isCustomerMaterial"": false, ""allowAdvancePayment"": true, ""requireCostingApproval"": true}","{""model"": ""agentic-workspace-v1"", ""enabled"": true, ""purpose"": ""process-work-guidance""}","{""seededFrom"": ""mst_process + mst_job_type + mst_department"", ""taskTypeLogic"": ""process.isapprovalrequired + client approval + job-type nature"", ""partyRoutingDepartment"": 9999}","HIGH",True,True,61,"SYSTEM","2026-04-16 08:57:33.887592",NULL,"2026-04-16 08:57:33.887592"
"1898",1004,"FULL_FLEX",6,6,"JOB_CREATE","JOB_CREATE","1007","TASK_ASSIGNED","Job Creation Assigned",NULL,1,"INTERNAL",True,True,False,True,False,False,False,False,False,True,True,False,"P_JOB_CREATE","[FULL_FLEX] Job Creation [TASK_ASSIGNED] - {job_no}","Process: Job Creation (JOB_CREATE)
Event: TASK_ASSIGNED
Job No: {job_no}
Work Note: Update step status and part-wise completion in workspace.","2.00","2.00","DEPT_HEAD","2.00","PENDING",True,NULL,"{""channels"": {""push"": true, ""email"": true, ""workspace"": true}, ""eventType"": ""TASK_ASSIGNED"", ""jobTypeCode"": ""FULL_FLEX"", ""jobTypeName"": ""Full Job – Flex Printing"", ""processCode"": ""JOB_CREATE"", ""printingMode"": ""FLEX"", ""isFullProcess"": true, ""isOutsourceJob"": false, ""isSingleProcess"": false, ""isInhouseMaterial"": true, ""isCustomerMaterial"": false, ""allowAdvancePayment"": true, ""requireCostingApproval"": true}","{""model"": ""agentic-workspace-v1"", ""enabled"": true, ""purpose"": ""process-work-guidance""}","{""seededFrom"": ""mst_process + mst_job_type + mst_department"", ""taskTypeLogic"": ""process.isapprovalrequired + client approval + job-type nature"", ""partyRoutingDepartment"": 9999}","HIGH",True,True,62,"SYSTEM","2026-04-16 08:57:33.887592",NULL,"2026-04-16 08:57:33.887592"
"1899",1004,"FULL_FLEX",6,6,"JOB_CREATE","JOB_CREATE","1007","TASK_OVERDUE","Job Creation Overdue",NULL,1,"INTERNAL",True,True,False,True,False,False,False,False,False,True,True,False,"P_JOB_CREATE","[FULL_FLEX] Job Creation [TASK_OVERDUE] - {job_no}","Process: Job Creation (JOB_CREATE)
Event: TASK_OVERDUE
Job No: {job_no}
Work Note: Update step status and part-wise completion in workspace.","2.00","2.00","DEPT_HEAD","2.00","OVERDUE",False,NULL,"{""channels"": {""push"": true, ""email"": true, ""workspace"": true}, ""eventType"": ""TASK_OVERDUE"", ""jobTypeCode"": ""FULL_FLEX"", ""jobTypeName"": ""Full Job – Flex Printing"", ""processCode"": ""JOB_CREATE"", ""printingMode"": ""FLEX"", ""isFullProcess"": true, ""isOutsourceJob"": false, ""isSingleProcess"": false, ""isInhouseMaterial"": true, ""isCustomerMaterial"": false, ""allowAdvancePayment"": true, ""requireCostingApproval"": true}","{""model"": ""agentic-workspace-v1"", ""enabled"": true, ""purpose"": ""process-work-guidance""}","{""seededFrom"": ""mst_process + mst_job_type + mst_department"", ""taskTypeLogic"": ""process.isapprovalrequired + client approval + job-type nature"", ""partyRoutingDepartment"": 9999}","HIGH",True,True,63,"SYSTEM","2026-04-16 08:57:33.887592",NULL,"2026-04-16 08:57:33.887592"
"1900",1004,"FULL_FLEX",6,6,"JOB_CREATE","JOB_CREATE","1007","TASK_COMPLETED","Job Creation Completed",NULL,1,"INTERNAL",True,True,False,True,False,False,False,False,False,True,True,False,"P_JOB_CREATE","[FULL_FLEX] Job Creation [TASK_COMPLETED] - {job_no}","Process: Job Creation (JOB_CREATE)
Event: TASK_COMPLETED
Job No: {job_no}
Work Note: Update step status and part-wise completion in workspace.","2.00","2.00","DEPT_HEAD","2.00","COMPLETED",False,NULL,"{""channels"": {""push"": true, ""email"": true, ""workspace"": true}, ""eventType"": ""TASK_COMPLETED"", ""jobTypeCode"": ""FULL_FLEX"", ""jobTypeName"": ""Full Job – Flex Printing"", ""processCode"": ""JOB_CREATE"", ""printingMode"": ""FLEX"", ""isFullProcess"": true, ""isOutsourceJob"": false, ""isSingleProcess"": false, ""isInhouseMaterial"": true, ""isCustomerMaterial"": false, ""allowAdvancePayment"": true, ""requireCostingApproval"": true}","{""model"": ""agentic-workspace-v1"", ""enabled"": true, ""purpose"": ""process-work-guidance""}","{""seededFrom"": ""mst_process + mst_job_type + mst_department"", ""taskTypeLogic"": ""process.isapprovalrequired + client approval + job-type nature"", ""partyRoutingDepartment"": 9999}","HIGH",True,True,64,"SYSTEM","2026-04-16 08:57:33.887592",NULL,"2026-04-16 08:57:33.887592"
"1901",1004,"FULL_FLEX",7,7,"JOB_APPROVAL","JOB_APPROVAL","9999","PROC_START","Job Approval Started",NULL,1,"PARTY",True,True,False,True,False,True,True,False,False,True,True,False,"P_PRE_DES","[FULL_FLEX] Job Approval [PROC_START] - {job_no}","Process: Job Approval (JOB_APPROVAL)
Event: PROC_START
Job No: {job_no}
Work Note: Update step status and part-wise completion in workspace.","4.00","2.00","DEPT_HEAD","2.00","PENDING",True,NULL,"{""channels"": {""push"": true, ""email"": true, ""workspace"": true}, ""eventType"": ""PROC_START"", ""jobTypeCode"": ""FULL_FLEX"", ""jobTypeName"": ""Full Job – Flex Printing"", ""processCode"": ""JOB_APPROVAL"", ""printingMode"": ""FLEX"", ""isFullProcess"": true, ""isOutsourceJob"": false, ""isSingleProcess"": false, ""isInhouseMaterial"": true, ""isCustomerMaterial"": false, ""allowAdvancePayment"": true, ""requireCostingApproval"": true}","{""model"": ""agentic-workspace-v1"", ""enabled"": true, ""purpose"": ""process-work-guidance""}","{""seededFrom"": ""mst_process + mst_job_type + mst_department"", ""taskTypeLogic"": ""process.isapprovalrequired + client approval + job-type nature"", ""partyRoutingDepartment"": 9999}","HIGH",False,True,71,"SYSTEM","2026-04-16 08:57:33.887592",NULL,"2026-04-16 08:57:33.887592"
"1902",1004,"FULL_FLEX",7,7,"JOB_APPROVAL","JOB_APPROVAL","9999","TASK_ASSIGNED","Job Approval Assigned",NULL,1,"PARTY",True,True,False,True,False,True,True,False,False,True,True,False,"P_PRE_DES","[FULL_FLEX] Job Approval [TASK_ASSIGNED] - {job_no}","Process: Job Approval (JOB_APPROVAL)
Event: TASK_ASSIGNED
Job No: {job_no}
Work Note: Update step status and part-wise completion in workspace.","4.00","2.00","DEPT_HEAD","2.00","PENDING",True,NULL,"{""channels"": {""push"": true, ""email"": true, ""workspace"": true}, ""eventType"": ""TASK_ASSIGNED"", ""jobTypeCode"": ""FULL_FLEX"", ""jobTypeName"": ""Full Job – Flex Printing"", ""processCode"": ""JOB_APPROVAL"", ""printingMode"": ""FLEX"", ""isFullProcess"": true, ""isOutsourceJob"": false, ""isSingleProcess"": false, ""isInhouseMaterial"": true, ""isCustomerMaterial"": false, ""allowAdvancePayment"": true, ""requireCostingApproval"": true}","{""model"": ""agentic-workspace-v1"", ""enabled"": true, ""purpose"": ""process-work-guidance""}","{""seededFrom"": ""mst_process + mst_job_type + mst_department"", ""taskTypeLogic"": ""process.isapprovalrequired + client approval + job-type nature"", ""partyRoutingDepartment"": 9999}","HIGH",False,True,72,"SYSTEM","2026-04-16 08:57:33.887592",NULL,"2026-04-16 08:57:33.887592"
"1903",1004,"FULL_FLEX",7,7,"JOB_APPROVAL","JOB_APPROVAL","9999","TASK_OVERDUE","Job Approval Overdue",NULL,1,"PARTY",True,True,False,True,False,True,True,False,False,True,True,False,"P_PRE_DES","[FULL_FLEX] Job Approval [TASK_OVERDUE] - {job_no}","Process: Job Approval (JOB_APPROVAL)
Event: TASK_OVERDUE
Job No: {job_no}
Work Note: Update step status and part-wise completion in workspace.","4.00","2.00","DEPT_HEAD","2.00","OVERDUE",False,NULL,"{""channels"": {""push"": true, ""email"": true, ""workspace"": true}, ""eventType"": ""TASK_OVERDUE"", ""jobTypeCode"": ""FULL_FLEX"", ""jobTypeName"": ""Full Job – Flex Printing"", ""processCode"": ""JOB_APPROVAL"", ""printingMode"": ""FLEX"", ""isFullProcess"": true, ""isOutsourceJob"": false, ""isSingleProcess"": false, ""isInhouseMaterial"": true, ""isCustomerMaterial"": false, ""allowAdvancePayment"": true, ""requireCostingApproval"": true}","{""model"": ""agentic-workspace-v1"", ""enabled"": true, ""purpose"": ""process-work-guidance""}","{""seededFrom"": ""mst_process + mst_job_type + mst_department"", ""taskTypeLogic"": ""process.isapprovalrequired + client approval + job-type nature"", ""partyRoutingDepartment"": 9999}","HIGH",False,True,73,"SYSTEM","2026-04-16 08:57:33.887592",NULL,"2026-04-16 08:57:33.887592"
"1904",1004,"FULL_FLEX",7,7,"JOB_APPROVAL","JOB_APPROVAL","9999","TASK_COMPLETED","Job Approval Completed",NULL,1,"PARTY",True,True,False,True,False,True,True,False,False,True,True,False,"P_PRE_DES","[FULL_FLEX] Job Approval [TASK_COMPLETED] - {job_no}","Process: Job Approval (JOB_APPROVAL)
Event: TASK_COMPLETED
Job No: {job_no}
Work Note: Update step status and part-wise completion in workspace.","4.00","2.00","DEPT_HEAD","2.00","COMPLETED",False,NULL,"{""channels"": {""push"": true, ""email"": true, ""workspace"": true}, ""eventType"": ""TASK_COMPLETED"", ""jobTypeCode"": ""FULL_FLEX"", ""jobTypeName"": ""Full Job – Flex Printing"", ""processCode"": ""JOB_APPROVAL"", ""printingMode"": ""FLEX"", ""isFullProcess"": true, ""isOutsourceJob"": false, ""isSingleProcess"": false, ""isInhouseMaterial"": true, ""isCustomerMaterial"": false, ""allowAdvancePayment"": true, ""requireCostingApproval"": true}","{""model"": ""agentic-workspace-v1"", ""enabled"": true, ""purpose"": ""process-work-guidance""}","{""seededFrom"": ""mst_process + mst_job_type + mst_department"", ""taskTypeLogic"": ""process.isapprovalrequired + client approval + job-type nature"", ""partyRoutingDepartment"": 9999}","HIGH",False,True,74,"SYSTEM","2026-04-16 08:57:33.887592",NULL,"2026-04-16 08:57:33.887592"
"1905",1004,"FULL_FLEX",8,8,"DES_DTP","DES_DTP","1009","PROC_START","Designing / DTP Started",NULL,1,"INTERNAL",True,True,False,True,False,False,False,False,False,True,True,False,"P_DESIGN","[FULL_FLEX] Design [PROC_START] - {job_no}","Process: Designing / DTP (DES_DTP)
Event: PROC_START
Job No: {job_no}
Work Note: Update step status and part-wise completion in workspace.","12.00","2.00","DEPT_HEAD","2.00","PENDING",True,NULL,"{""channels"": {""push"": true, ""email"": true, ""workspace"": true}, ""eventType"": ""PROC_START"", ""jobTypeCode"": ""FULL_FLEX"", ""jobTypeName"": ""Full Job – Flex Printing"", ""processCode"": ""DES_DTP"", ""printingMode"": ""FLEX"", ""isFullProcess"": true, ""isOutsourceJob"": false, ""isSingleProcess"": false, ""isInhouseMaterial"": true, ""isCustomerMaterial"": false, ""allowAdvancePayment"": true, ""requireCostingApproval"": true}","{""model"": ""agentic-workspace-v1"", ""enabled"": true, ""purpose"": ""process-work-guidance""}","{""seededFrom"": ""mst_process + mst_job_type + mst_department"", ""taskTypeLogic"": ""process.isapprovalrequired + client approval + job-type nature"", ""partyRoutingDepartment"": 9999}","HIGH",True,True,81,"SYSTEM","2026-04-16 08:57:33.887592",NULL,"2026-04-16 08:57:33.887592"
"1906",1004,"FULL_FLEX",8,8,"DES_DTP","DES_DTP","1009","TASK_ASSIGNED","Designing / DTP Assigned",NULL,1,"INTERNAL",True,True,False,True,False,False,False,False,False,True,True,False,"P_DESIGN","[FULL_FLEX] Design [TASK_ASSIGNED] - {job_no}","Process: Designing / DTP (DES_DTP)
Event: TASK_ASSIGNED
Job No: {job_no}
Work Note: Update step status and part-wise completion in workspace.","12.00","2.00","DEPT_HEAD","2.00","PENDING",True,NULL,"{""channels"": {""push"": true, ""email"": true, ""workspace"": true}, ""eventType"": ""TASK_ASSIGNED"", ""jobTypeCode"": ""FULL_FLEX"", ""jobTypeName"": ""Full Job – Flex Printing"", ""processCode"": ""DES_DTP"", ""printingMode"": ""FLEX"", ""isFullProcess"": true, ""isOutsourceJob"": false, ""isSingleProcess"": false, ""isInhouseMaterial"": true, ""isCustomerMaterial"": false, ""allowAdvancePayment"": true, ""requireCostingApproval"": true}","{""model"": ""agentic-workspace-v1"", ""enabled"": true, ""purpose"": ""process-work-guidance""}","{""seededFrom"": ""mst_process + mst_job_type + mst_department"", ""taskTypeLogic"": ""process.isapprovalrequired + client approval + job-type nature"", ""partyRoutingDepartment"": 9999}","HIGH",True,True,82,"SYSTEM","2026-04-16 08:57:33.887592",NULL,"2026-04-16 08:57:33.887592"
"1907",1004,"FULL_FLEX",8,8,"DES_DTP","DES_DTP","1009","TASK_OVERDUE","Designing / DTP Overdue",NULL,1,"INTERNAL",True,True,False,True,False,False,False,False,False,True,True,False,"P_DESIGN","[FULL_FLEX] Design [TASK_OVERDUE] - {job_no}","Process: Designing / DTP (DES_DTP)
Event: TASK_OVERDUE
Job No: {job_no}
Work Note: Update step status and part-wise completion in workspace.","12.00","2.00","DEPT_HEAD","2.00","OVERDUE",False,NULL,"{""channels"": {""push"": true, ""email"": true, ""workspace"": true}, ""eventType"": ""TASK_OVERDUE"", ""jobTypeCode"": ""FULL_FLEX"", ""jobTypeName"": ""Full Job – Flex Printing"", ""processCode"": ""DES_DTP"", ""printingMode"": ""FLEX"", ""isFullProcess"": true, ""isOutsourceJob"": false, ""isSingleProcess"": false, ""isInhouseMaterial"": true, ""isCustomerMaterial"": false, ""allowAdvancePayment"": true, ""requireCostingApproval"": true}","{""model"": ""agentic-workspace-v1"", ""enabled"": true, ""purpose"": ""process-work-guidance""}","{""seededFrom"": ""mst_process + mst_job_type + mst_department"", ""taskTypeLogic"": ""process.isapprovalrequired + client approval + job-type nature"", ""partyRoutingDepartment"": 9999}","HIGH",True,True,83,"SYSTEM","2026-04-16 08:57:33.887592",NULL,"2026-04-16 08:57:33.887592"
"1908",1004,"FULL_FLEX",8,8,"DES_DTP","DES_DTP","1009","TASK_COMPLETED","Designing / DTP Completed",NULL,1,"INTERNAL",True,True,False,True,False,False,False,False,False,True,True,False,"P_DESIGN","[FULL_FLEX] Design [TASK_COMPLETED] - {job_no}","Process: Designing / DTP (DES_DTP)
Event: TASK_COMPLETED
Job No: {job_no}
Work Note: Update step status and part-wise completion in workspace.","12.00","2.00","DEPT_HEAD","2.00","COMPLETED",False,NULL,"{""channels"": {""push"": true, ""email"": true, ""workspace"": true}, ""eventType"": ""TASK_COMPLETED"", ""jobTypeCode"": ""FULL_FLEX"", ""jobTypeName"": ""Full Job – Flex Printing"", ""processCode"": ""DES_DTP"", ""printingMode"": ""FLEX"", ""isFullProcess"": true, ""isOutsourceJob"": false, ""isSingleProcess"": false, ""isInhouseMaterial"": true, ""isCustomerMaterial"": false, ""allowAdvancePayment"": true, ""requireCostingApproval"": true}","{""model"": ""agentic-workspace-v1"", ""enabled"": true, ""purpose"": ""process-work-guidance""}","{""seededFrom"": ""mst_process + mst_job_type + mst_department"", ""taskTypeLogic"": ""process.isapprovalrequired + client approval + job-type nature"", ""partyRoutingDepartment"": 9999}","HIGH",True,True,84,"SYSTEM","2026-04-16 08:57:33.887592",NULL,"2026-04-16 08:57:33.887592"
"1909",1004,"FULL_FLEX",9,9,"PROOF","PROOF","9999","PROC_START","Client Proof Approval Started",NULL,1,"PARTY",True,True,False,True,False,True,True,False,False,True,True,False,"P_PROOF","[FULL_FLEX] Proof Approval [PROC_START] - {job_no}","Process: Client Proof Approval (PROOF)
Event: PROC_START
Job No: {job_no}
Work Note: Update step status and part-wise completion in workspace.","24.00","2.00","DEPT_HEAD","2.00","PENDING",True,NULL,"{""channels"": {""push"": true, ""email"": true, ""workspace"": true}, ""eventType"": ""PROC_START"", ""jobTypeCode"": ""FULL_FLEX"", ""jobTypeName"": ""Full Job – Flex Printing"", ""processCode"": ""PROOF"", ""printingMode"": ""FLEX"", ""isFullProcess"": true, ""isOutsourceJob"": false, ""isSingleProcess"": false, ""isInhouseMaterial"": true, ""isCustomerMaterial"": false, ""allowAdvancePayment"": true, ""requireCostingApproval"": true}","{""model"": ""agentic-workspace-v1"", ""enabled"": true, ""purpose"": ""process-work-guidance""}","{""seededFrom"": ""mst_process + mst_job_type + mst_department"", ""taskTypeLogic"": ""process.isapprovalrequired + client approval + job-type nature"", ""partyRoutingDepartment"": 9999}","HIGH",True,True,91,"SYSTEM","2026-04-16 08:57:33.887592",NULL,"2026-04-16 08:57:33.887592"
"1910",1004,"FULL_FLEX",9,9,"PROOF","PROOF","9999","TASK_ASSIGNED","Client Proof Approval Assigned",NULL,1,"PARTY",True,True,False,True,False,True,True,False,False,True,True,False,"P_PROOF","[FULL_FLEX] Proof Approval [TASK_ASSIGNED] - {job_no}","Process: Client Proof Approval (PROOF)
Event: TASK_ASSIGNED
Job No: {job_no}
Work Note: Update step status and part-wise completion in workspace.","24.00","2.00","DEPT_HEAD","2.00","PENDING",True,NULL,"{""channels"": {""push"": true, ""email"": true, ""workspace"": true}, ""eventType"": ""TASK_ASSIGNED"", ""jobTypeCode"": ""FULL_FLEX"", ""jobTypeName"": ""Full Job – Flex Printing"", ""processCode"": ""PROOF"", ""printingMode"": ""FLEX"", ""isFullProcess"": true, ""isOutsourceJob"": false, ""isSingleProcess"": false, ""isInhouseMaterial"": true, ""isCustomerMaterial"": false, ""allowAdvancePayment"": true, ""requireCostingApproval"": true}","{""model"": ""agentic-workspace-v1"", ""enabled"": true, ""purpose"": ""process-work-guidance""}","{""seededFrom"": ""mst_process + mst_job_type + mst_department"", ""taskTypeLogic"": ""process.isapprovalrequired + client approval + job-type nature"", ""partyRoutingDepartment"": 9999}","HIGH",True,True,92,"SYSTEM","2026-04-16 08:57:33.887592",NULL,"2026-04-16 08:57:33.887592"
"1911",1004,"FULL_FLEX",9,9,"PROOF","PROOF","9999","TASK_OVERDUE","Client Proof Approval Overdue",NULL,1,"PARTY",True,True,False,True,False,True,True,False,False,True,True,False,"P_PROOF","[FULL_FLEX] Proof Approval [TASK_OVERDUE] - {job_no}","Process: Client Proof Approval (PROOF)
Event: TASK_OVERDUE
Job No: {job_no}
Work Note: Update step status and part-wise completion in workspace.","24.00","2.00","DEPT_HEAD","2.00","OVERDUE",False,NULL,"{""channels"": {""push"": true, ""email"": true, ""workspace"": true}, ""eventType"": ""TASK_OVERDUE"", ""jobTypeCode"": ""FULL_FLEX"", ""jobTypeName"": ""Full Job – Flex Printing"", ""processCode"": ""PROOF"", ""printingMode"": ""FLEX"", ""isFullProcess"": true, ""isOutsourceJob"": false, ""isSingleProcess"": false, ""isInhouseMaterial"": true, ""isCustomerMaterial"": false, ""allowAdvancePayment"": true, ""requireCostingApproval"": true}","{""model"": ""agentic-workspace-v1"", ""enabled"": true, ""purpose"": ""process-work-guidance""}","{""seededFrom"": ""mst_process + mst_job_type + mst_department"", ""taskTypeLogic"": ""process.isapprovalrequired + client approval + job-type nature"", ""partyRoutingDepartment"": 9999}","HIGH",True,True,93,"SYSTEM","2026-04-16 08:57:33.887592",NULL,"2026-04-16 08:57:33.887592"
"1912",1004,"FULL_FLEX",9,9,"PROOF","PROOF","9999","TASK_COMPLETED","Client Proof Approval Completed",NULL,1,"PARTY",True,True,False,True,False,True,True,False,False,True,True,False,"P_PROOF","[FULL_FLEX] Proof Approval [TASK_COMPLETED] - {job_no}","Process: Client Proof Approval (PROOF)
Event: TASK_COMPLETED
Job No: {job_no}
Work Note: Update step status and part-wise completion in workspace.","24.00","2.00","DEPT_HEAD","2.00","COMPLETED",False,NULL,"{""channels"": {""push"": true, ""email"": true, ""workspace"": true}, ""eventType"": ""TASK_COMPLETED"", ""jobTypeCode"": ""FULL_FLEX"", ""jobTypeName"": ""Full Job – Flex Printing"", ""processCode"": ""PROOF"", ""printingMode"": ""FLEX"", ""isFullProcess"": true, ""isOutsourceJob"": false, ""isSingleProcess"": false, ""isInhouseMaterial"": true, ""isCustomerMaterial"": false, ""allowAdvancePayment"": true, ""requireCostingApproval"": true}","{""model"": ""agentic-workspace-v1"", ""enabled"": true, ""purpose"": ""process-work-guidance""}","{""seededFrom"": ""mst_process + mst_job_type + mst_department"", ""taskTypeLogic"": ""process.isapprovalrequired + client approval + job-type nature"", ""partyRoutingDepartment"": 9999}","HIGH",True,True,94,"SYSTEM","2026-04-16 08:57:33.887592",NULL,"2026-04-16 08:57:33.887592"
"1913",1004,"FULL_FLEX",15,15,"JOB_PLAN","JOB_PLAN","1010","PROC_START","Production Planning Started",NULL,0,"INTERNAL",True,False,False,False,False,False,False,False,False,True,True,False,"P_PLAN","[FULL_FLEX] Planning [PROC_START] - {job_no}","Process: Production Planning (JOB_PLAN)
Event: PROC_START
Job No: {job_no}
Work Note: Update step status and part-wise completion in workspace.","4.00","2.00",NULL,"2.00","PENDING",True,NULL,"{""channels"": {""push"": true, ""email"": true, ""workspace"": true}, ""eventType"": ""PROC_START"", ""jobTypeCode"": ""FULL_FLEX"", ""jobTypeName"": ""Full Job – Flex Printing"", ""processCode"": ""JOB_PLAN"", ""printingMode"": ""FLEX"", ""isFullProcess"": true, ""isOutsourceJob"": false, ""isSingleProcess"": false, ""isInhouseMaterial"": true, ""isCustomerMaterial"": false, ""allowAdvancePayment"": true, ""requireCostingApproval"": true}","{""model"": ""agentic-workspace-v1"", ""enabled"": true, ""purpose"": ""process-work-guidance""}","{""seededFrom"": ""mst_process + mst_job_type + mst_department"", ""taskTypeLogic"": ""process.isapprovalrequired + client approval + job-type nature"", ""partyRoutingDepartment"": 9999}","NORMAL",True,True,151,"SYSTEM","2026-04-16 08:57:33.887592",NULL,"2026-04-16 08:57:33.887592"
"1914",1004,"FULL_FLEX",15,15,"JOB_PLAN","JOB_PLAN","1010","TASK_ASSIGNED","Production Planning Assigned",NULL,0,"INTERNAL",True,False,False,False,False,False,False,False,False,True,True,False,"P_PLAN","[FULL_FLEX] Planning [TASK_ASSIGNED] - {job_no}","Process: Production Planning (JOB_PLAN)
Event: TASK_ASSIGNED
Job No: {job_no}
Work Note: Update step status and part-wise completion in workspace.","4.00","2.00",NULL,"2.00","PENDING",True,NULL,"{""channels"": {""push"": true, ""email"": true, ""workspace"": true}, ""eventType"": ""TASK_ASSIGNED"", ""jobTypeCode"": ""FULL_FLEX"", ""jobTypeName"": ""Full Job – Flex Printing"", ""processCode"": ""JOB_PLAN"", ""printingMode"": ""FLEX"", ""isFullProcess"": true, ""isOutsourceJob"": false, ""isSingleProcess"": false, ""isInhouseMaterial"": true, ""isCustomerMaterial"": false, ""allowAdvancePayment"": true, ""requireCostingApproval"": true}","{""model"": ""agentic-workspace-v1"", ""enabled"": true, ""purpose"": ""process-work-guidance""}","{""seededFrom"": ""mst_process + mst_job_type + mst_department"", ""taskTypeLogic"": ""process.isapprovalrequired + client approval + job-type nature"", ""partyRoutingDepartment"": 9999}","NORMAL",True,True,152,"SYSTEM","2026-04-16 08:57:33.887592",NULL,"2026-04-16 08:57:33.887592"
"1915",1004,"FULL_FLEX",15,15,"JOB_PLAN","JOB_PLAN","1010","TASK_OVERDUE","Production Planning Overdue",NULL,0,"INTERNAL",True,False,False,False,False,False,False,False,False,True,True,False,"P_PLAN","[FULL_FLEX] Planning [TASK_OVERDUE] - {job_no}","Process: Production Planning (JOB_PLAN)
Event: TASK_OVERDUE
Job No: {job_no}
Work Note: Update step status and part-wise completion in workspace.","4.00","2.00",NULL,"2.00","OVERDUE",False,NULL,"{""channels"": {""push"": true, ""email"": true, ""workspace"": true}, ""eventType"": ""TASK_OVERDUE"", ""jobTypeCode"": ""FULL_FLEX"", ""jobTypeName"": ""Full Job – Flex Printing"", ""processCode"": ""JOB_PLAN"", ""printingMode"": ""FLEX"", ""isFullProcess"": true, ""isOutsourceJob"": false, ""isSingleProcess"": false, ""isInhouseMaterial"": true, ""isCustomerMaterial"": false, ""allowAdvancePayment"": true, ""requireCostingApproval"": true}","{""model"": ""agentic-workspace-v1"", ""enabled"": true, ""purpose"": ""process-work-guidance""}","{""seededFrom"": ""mst_process + mst_job_type + mst_department"", ""taskTypeLogic"": ""process.isapprovalrequired + client approval + job-type nature"", ""partyRoutingDepartment"": 9999}","NORMAL",True,True,153,"SYSTEM","2026-04-16 08:57:33.887592",NULL,"2026-04-16 08:57:33.887592"
"1916",1004,"FULL_FLEX",15,15,"JOB_PLAN","JOB_PLAN","1010","TASK_COMPLETED","Production Planning Completed",NULL,0,"INTERNAL",True,False,False,False,False,False,False,False,False,True,True,False,"P_PLAN","[FULL_FLEX] Planning [TASK_COMPLETED] - {job_no}","Process: Production Planning (JOB_PLAN)
Event: TASK_COMPLETED
Job No: {job_no}
Work Note: Update step status and part-wise completion in workspace.","4.00","2.00",NULL,"2.00","COMPLETED",False,NULL,"{""channels"": {""push"": true, ""email"": true, ""workspace"": true}, ""eventType"": ""TASK_COMPLETED"", ""jobTypeCode"": ""FULL_FLEX"", ""jobTypeName"": ""Full Job – Flex Printing"", ""processCode"": ""JOB_PLAN"", ""printingMode"": ""FLEX"", ""isFullProcess"": true, ""isOutsourceJob"": false, ""isSingleProcess"": false, ""isInhouseMaterial"": true, ""isCustomerMaterial"": false, ""allowAdvancePayment"": true, ""requireCostingApproval"": true}","{""model"": ""agentic-workspace-v1"", ""enabled"": true, ""purpose"": ""process-work-guidance""}","{""seededFrom"": ""mst_process + mst_job_type + mst_department"", ""taskTypeLogic"": ""process.isapprovalrequired + client approval + job-type nature"", ""partyRoutingDepartment"": 9999}","NORMAL",True,True,154,"SYSTEM","2026-04-16 08:57:33.887592",NULL,"2026-04-16 08:57:33.887592"
"1917",1004,"FULL_FLEX",16,16,"JOB_SCHED","JOB_SCHED","1010","PROC_START","Job Scheduling Started",NULL,0,"INTERNAL",True,False,False,False,False,False,False,False,False,True,True,False,"P_SCHED","[FULL_FLEX] Scheduling [PROC_START] - {job_no}","Process: Job Scheduling (JOB_SCHED)
Event: PROC_START
Job No: {job_no}
Work Note: Update step status and part-wise completion in workspace.","4.00","2.00",NULL,"2.00","PENDING",True,NULL,"{""channels"": {""push"": true, ""email"": true, ""workspace"": true}, ""eventType"": ""PROC_START"", ""jobTypeCode"": ""FULL_FLEX"", ""jobTypeName"": ""Full Job – Flex Printing"", ""processCode"": ""JOB_SCHED"", ""printingMode"": ""FLEX"", ""isFullProcess"": true, ""isOutsourceJob"": false, ""isSingleProcess"": false, ""isInhouseMaterial"": true, ""isCustomerMaterial"": false, ""allowAdvancePayment"": true, ""requireCostingApproval"": true}","{""model"": ""agentic-workspace-v1"", ""enabled"": true, ""purpose"": ""process-work-guidance""}","{""seededFrom"": ""mst_process + mst_job_type + mst_department"", ""taskTypeLogic"": ""process.isapprovalrequired + client approval + job-type nature"", ""partyRoutingDepartment"": 9999}","NORMAL",True,True,161,"SYSTEM","2026-04-16 08:57:33.887592",NULL,"2026-04-16 08:57:33.887592"
"1918",1004,"FULL_FLEX",16,16,"JOB_SCHED","JOB_SCHED","1010","TASK_ASSIGNED","Job Scheduling Assigned",NULL,0,"INTERNAL",True,False,False,False,False,False,False,False,False,True,True,False,"P_SCHED","[FULL_FLEX] Scheduling [TASK_ASSIGNED] - {job_no}","Process: Job Scheduling (JOB_SCHED)
Event: TASK_ASSIGNED
Job No: {job_no}
Work Note: Update step status and part-wise completion in workspace.","4.00","2.00",NULL,"2.00","PENDING",True,NULL,"{""channels"": {""push"": true, ""email"": true, ""workspace"": true}, ""eventType"": ""TASK_ASSIGNED"", ""jobTypeCode"": ""FULL_FLEX"", ""jobTypeName"": ""Full Job – Flex Printing"", ""processCode"": ""JOB_SCHED"", ""printingMode"": ""FLEX"", ""isFullProcess"": true, ""isOutsourceJob"": false, ""isSingleProcess"": false, ""isInhouseMaterial"": true, ""isCustomerMaterial"": false, ""allowAdvancePayment"": true, ""requireCostingApproval"": true}","{""model"": ""agentic-workspace-v1"", ""enabled"": true, ""purpose"": ""process-work-guidance""}","{""seededFrom"": ""mst_process + mst_job_type + mst_department"", ""taskTypeLogic"": ""process.isapprovalrequired + client approval + job-type nature"", ""partyRoutingDepartment"": 9999}","NORMAL",True,True,162,"SYSTEM","2026-04-16 08:57:33.887592",NULL,"2026-04-16 08:57:33.887592"
"1919",1004,"FULL_FLEX",16,16,"JOB_SCHED","JOB_SCHED","1010","TASK_OVERDUE","Job Scheduling Overdue",NULL,0,"INTERNAL",True,False,False,False,False,False,False,False,False,True,True,False,"P_SCHED","[FULL_FLEX] Scheduling [TASK_OVERDUE] - {job_no}","Process: Job Scheduling (JOB_SCHED)
Event: TASK_OVERDUE
Job No: {job_no}
Work Note: Update step status and part-wise completion in workspace.","4.00","2.00",NULL,"2.00","OVERDUE",False,NULL,"{""channels"": {""push"": true, ""email"": true, ""workspace"": true}, ""eventType"": ""TASK_OVERDUE"", ""jobTypeCode"": ""FULL_FLEX"", ""jobTypeName"": ""Full Job – Flex Printing"", ""processCode"": ""JOB_SCHED"", ""printingMode"": ""FLEX"", ""isFullProcess"": true, ""isOutsourceJob"": false, ""isSingleProcess"": false, ""isInhouseMaterial"": true, ""isCustomerMaterial"": false, ""allowAdvancePayment"": true, ""requireCostingApproval"": true}","{""model"": ""agentic-workspace-v1"", ""enabled"": true, ""purpose"": ""process-work-guidance""}","{""seededFrom"": ""mst_process + mst_job_type + mst_department"", ""taskTypeLogic"": ""process.isapprovalrequired + client approval + job-type nature"", ""partyRoutingDepartment"": 9999}","NORMAL",True,True,163,"SYSTEM","2026-04-16 08:57:33.887592",NULL,"2026-04-16 08:57:33.887592"
"1920",1004,"FULL_FLEX",16,16,"JOB_SCHED","JOB_SCHED","1010","TASK_COMPLETED","Job Scheduling Completed",NULL,0,"INTERNAL",True,False,False,False,False,False,False,False,False,True,True,False,"P_SCHED","[FULL_FLEX] Scheduling [TASK_COMPLETED] - {job_no}","Process: Job Scheduling (JOB_SCHED)
Event: TASK_COMPLETED
Job No: {job_no}
Work Note: Update step status and part-wise completion in workspace.","4.00","2.00",NULL,"2.00","COMPLETED",False,NULL,"{""channels"": {""push"": true, ""email"": true, ""workspace"": true}, ""eventType"": ""TASK_COMPLETED"", ""jobTypeCode"": ""FULL_FLEX"", ""jobTypeName"": ""Full Job – Flex Printing"", ""processCode"": ""JOB_SCHED"", ""printingMode"": ""FLEX"", ""isFullProcess"": true, ""isOutsourceJob"": false, ""isSingleProcess"": false, ""isInhouseMaterial"": true, ""isCustomerMaterial"": false, ""allowAdvancePayment"": true, ""requireCostingApproval"": true}","{""model"": ""agentic-workspace-v1"", ""enabled"": true, ""purpose"": ""process-work-guidance""}","{""seededFrom"": ""mst_process + mst_job_type + mst_department"", ""taskTypeLogic"": ""process.isapprovalrequired + client approval + job-type nature"", ""partyRoutingDepartment"": 9999}","NORMAL",True,True,164,"SYSTEM","2026-04-16 08:57:33.887592",NULL,"2026-04-16 08:57:33.887592"
"1921",1004,"FULL_FLEX",17,17,"JOB_CARD","JOB_CARD","1010","PROC_START","Job Card Generation Started",NULL,0,"INTERNAL",True,False,False,False,False,False,False,False,False,True,True,False,"P_JOB_CARD","[FULL_FLEX] Job Card [PROC_START] - {job_no}","Process: Job Card Generation (JOB_CARD)
Event: PROC_START
Job No: {job_no}
Work Note: Update step status and part-wise completion in workspace.","2.00","2.00",NULL,"2.00","PENDING",True,NULL,"{""channels"": {""push"": true, ""email"": true, ""workspace"": true}, ""eventType"": ""PROC_START"", ""jobTypeCode"": ""FULL_FLEX"", ""jobTypeName"": ""Full Job – Flex Printing"", ""processCode"": ""JOB_CARD"", ""printingMode"": ""FLEX"", ""isFullProcess"": true, ""isOutsourceJob"": false, ""isSingleProcess"": false, ""isInhouseMaterial"": true, ""isCustomerMaterial"": false, ""allowAdvancePayment"": true, ""requireCostingApproval"": true}","{""model"": ""agentic-workspace-v1"", ""enabled"": true, ""purpose"": ""process-work-guidance""}","{""seededFrom"": ""mst_process + mst_job_type + mst_department"", ""taskTypeLogic"": ""process.isapprovalrequired + client approval + job-type nature"", ""partyRoutingDepartment"": 9999}","NORMAL",True,True,171,"SYSTEM","2026-04-16 08:57:33.887592",NULL,"2026-04-16 08:57:33.887592"
"1922",1004,"FULL_FLEX",17,17,"JOB_CARD","JOB_CARD","1010","TASK_ASSIGNED","Job Card Generation Assigned",NULL,0,"INTERNAL",True,False,False,False,False,False,False,False,False,True,True,False,"P_JOB_CARD","[FULL_FLEX] Job Card [TASK_ASSIGNED] - {job_no}","Process: Job Card Generation (JOB_CARD)
Event: TASK_ASSIGNED
Job No: {job_no}
Work Note: Update step status and part-wise completion in workspace.","2.00","2.00",NULL,"2.00","PENDING",True,NULL,"{""channels"": {""push"": true, ""email"": true, ""workspace"": true}, ""eventType"": ""TASK_ASSIGNED"", ""jobTypeCode"": ""FULL_FLEX"", ""jobTypeName"": ""Full Job – Flex Printing"", ""processCode"": ""JOB_CARD"", ""printingMode"": ""FLEX"", ""isFullProcess"": true, ""isOutsourceJob"": false, ""isSingleProcess"": false, ""isInhouseMaterial"": true, ""isCustomerMaterial"": false, ""allowAdvancePayment"": true, ""requireCostingApproval"": true}","{""model"": ""agentic-workspace-v1"", ""enabled"": true, ""purpose"": ""process-work-guidance""}","{""seededFrom"": ""mst_process + mst_job_type + mst_department"", ""taskTypeLogic"": ""process.isapprovalrequired + client approval + job-type nature"", ""partyRoutingDepartment"": 9999}","NORMAL",True,True,172,"SYSTEM","2026-04-16 08:57:33.887592",NULL,"2026-04-16 08:57:33.887592"
"1923",1004,"FULL_FLEX",17,17,"JOB_CARD","JOB_CARD","1010","TASK_OVERDUE","Job Card Generation Overdue",NULL,0,"INTERNAL",True,False,False,False,False,False,False,False,False,True,True,False,"P_JOB_CARD","[FULL_FLEX] Job Card [TASK_OVERDUE] - {job_no}","Process: Job Card Generation (JOB_CARD)
Event: TASK_OVERDUE
Job No: {job_no}
Work Note: Update step status and part-wise completion in workspace.","2.00","2.00",NULL,"2.00","OVERDUE",False,NULL,"{""channels"": {""push"": true, ""email"": true, ""workspace"": true}, ""eventType"": ""TASK_OVERDUE"", ""jobTypeCode"": ""FULL_FLEX"", ""jobTypeName"": ""Full Job – Flex Printing"", ""processCode"": ""JOB_CARD"", ""printingMode"": ""FLEX"", ""isFullProcess"": true, ""isOutsourceJob"": false, ""isSingleProcess"": false, ""isInhouseMaterial"": true, ""isCustomerMaterial"": false, ""allowAdvancePayment"": true, ""requireCostingApproval"": true}","{""model"": ""agentic-workspace-v1"", ""enabled"": true, ""purpose"": ""process-work-guidance""}","{""seededFrom"": ""mst_process + mst_job_type + mst_department"", ""taskTypeLogic"": ""process.isapprovalrequired + client approval + job-type nature"", ""partyRoutingDepartment"": 9999}","NORMAL",True,True,173,"SYSTEM","2026-04-16 08:57:33.887592",NULL,"2026-04-16 08:57:33.887592"
"1924",1004,"FULL_FLEX",17,17,"JOB_CARD","JOB_CARD","1010","TASK_COMPLETED","Job Card Generation Completed",NULL,0,"INTERNAL",True,False,False,False,False,False,False,False,False,True,True,False,"P_JOB_CARD","[FULL_FLEX] Job Card [TASK_COMPLETED] - {job_no}","Process: Job Card Generation (JOB_CARD)
Event: TASK_COMPLETED
Job No: {job_no}
Work Note: Update step status and part-wise completion in workspace.","2.00","2.00",NULL,"2.00","COMPLETED",False,NULL,"{""channels"": {""push"": true, ""email"": true, ""workspace"": true}, ""eventType"": ""TASK_COMPLETED"", ""jobTypeCode"": ""FULL_FLEX"", ""jobTypeName"": ""Full Job – Flex Printing"", ""processCode"": ""JOB_CARD"", ""printingMode"": ""FLEX"", ""isFullProcess"": true, ""isOutsourceJob"": false, ""isSingleProcess"": false, ""isInhouseMaterial"": true, ""isCustomerMaterial"": false, ""allowAdvancePayment"": true, ""requireCostingApproval"": true}","{""model"": ""agentic-workspace-v1"", ""enabled"": true, ""purpose"": ""process-work-guidance""}","{""seededFrom"": ""mst_process + mst_job_type + mst_department"", ""taskTypeLogic"": ""process.isapprovalrequired + client approval + job-type nature"", ""partyRoutingDepartment"": 9999}","NORMAL",True,True,174,"SYSTEM","2026-04-16 08:57:33.887592",NULL,"2026-04-16 08:57:33.887592"
"1925",1004,"FULL_FLEX",18,18,"CUT","CUT","1011","PROC_START","Paper Cutting Started",NULL,0,"INTERNAL",True,False,False,False,False,False,False,False,False,True,True,False,"P_CUT","[FULL_FLEX] Cutting [PROC_START] - {job_no}","Process: Paper Cutting (CUT)
Event: PROC_START
Job No: {job_no}
Work Note: Update step status and part-wise completion in workspace.","4.00","2.00",NULL,"2.00","PENDING",True,NULL,"{""channels"": {""push"": true, ""email"": true, ""workspace"": true}, ""eventType"": ""PROC_START"", ""jobTypeCode"": ""FULL_FLEX"", ""jobTypeName"": ""Full Job – Flex Printing"", ""processCode"": ""CUT"", ""printingMode"": ""FLEX"", ""isFullProcess"": true, ""isOutsourceJob"": false, ""isSingleProcess"": false, ""isInhouseMaterial"": true, ""isCustomerMaterial"": false, ""allowAdvancePayment"": true, ""requireCostingApproval"": true}","{""model"": ""agentic-workspace-v1"", ""enabled"": true, ""purpose"": ""process-work-guidance""}","{""seededFrom"": ""mst_process + mst_job_type + mst_department"", ""taskTypeLogic"": ""process.isapprovalrequired + client approval + job-type nature"", ""partyRoutingDepartment"": 9999}","NORMAL",True,True,181,"SYSTEM","2026-04-16 08:57:33.887592",NULL,"2026-04-16 08:57:33.887592"
"1926",1004,"FULL_FLEX",18,18,"CUT","CUT","1011","TASK_ASSIGNED","Paper Cutting Assigned",NULL,0,"INTERNAL",True,False,False,False,False,False,False,False,False,True,True,False,"P_CUT","[FULL_FLEX] Cutting [TASK_ASSIGNED] - {job_no}","Process: Paper Cutting (CUT)
Event: TASK_ASSIGNED
Job No: {job_no}
Work Note: Update step status and part-wise completion in workspace.","4.00","2.00",NULL,"2.00","PENDING",True,NULL,"{""channels"": {""push"": true, ""email"": true, ""workspace"": true}, ""eventType"": ""TASK_ASSIGNED"", ""jobTypeCode"": ""FULL_FLEX"", ""jobTypeName"": ""Full Job – Flex Printing"", ""processCode"": ""CUT"", ""printingMode"": ""FLEX"", ""isFullProcess"": true, ""isOutsourceJob"": false, ""isSingleProcess"": false, ""isInhouseMaterial"": true, ""isCustomerMaterial"": false, ""allowAdvancePayment"": true, ""requireCostingApproval"": true}","{""model"": ""agentic-workspace-v1"", ""enabled"": true, ""purpose"": ""process-work-guidance""}","{""seededFrom"": ""mst_process + mst_job_type + mst_department"", ""taskTypeLogic"": ""process.isapprovalrequired + client approval + job-type nature"", ""partyRoutingDepartment"": 9999}","NORMAL",True,True,182,"SYSTEM","2026-04-16 08:57:33.887592",NULL,"2026-04-16 08:57:33.887592"
"1927",1004,"FULL_FLEX",18,18,"CUT","CUT","1011","TASK_OVERDUE","Paper Cutting Overdue",NULL,0,"INTERNAL",True,False,False,False,False,False,False,False,False,True,True,False,"P_CUT","[FULL_FLEX] Cutting [TASK_OVERDUE] - {job_no}","Process: Paper Cutting (CUT)
Event: TASK_OVERDUE
Job No: {job_no}
Work Note: Update step status and part-wise completion in workspace.","4.00","2.00",NULL,"2.00","OVERDUE",False,NULL,"{""channels"": {""push"": true, ""email"": true, ""workspace"": true}, ""eventType"": ""TASK_OVERDUE"", ""jobTypeCode"": ""FULL_FLEX"", ""jobTypeName"": ""Full Job – Flex Printing"", ""processCode"": ""CUT"", ""printingMode"": ""FLEX"", ""isFullProcess"": true, ""isOutsourceJob"": false, ""isSingleProcess"": false, ""isInhouseMaterial"": true, ""isCustomerMaterial"": false, ""allowAdvancePayment"": true, ""requireCostingApproval"": true}","{""model"": ""agentic-workspace-v1"", ""enabled"": true, ""purpose"": ""process-work-guidance""}","{""seededFrom"": ""mst_process + mst_job_type + mst_department"", ""taskTypeLogic"": ""process.isapprovalrequired + client approval + job-type nature"", ""partyRoutingDepartment"": 9999}","NORMAL",True,True,183,"SYSTEM","2026-04-16 08:57:33.887592",NULL,"2026-04-16 08:57:33.887592"
"1928",1004,"FULL_FLEX",18,18,"CUT","CUT","1011","TASK_COMPLETED","Paper Cutting Completed",NULL,0,"INTERNAL",True,False,False,False,False,False,False,False,False,True,True,False,"P_CUT","[FULL_FLEX] Cutting [TASK_COMPLETED] - {job_no}","Process: Paper Cutting (CUT)
Event: TASK_COMPLETED
Job No: {job_no}
Work Note: Update step status and part-wise completion in workspace.","4.00","2.00",NULL,"2.00","COMPLETED",False,NULL,"{""channels"": {""push"": true, ""email"": true, ""workspace"": true}, ""eventType"": ""TASK_COMPLETED"", ""jobTypeCode"": ""FULL_FLEX"", ""jobTypeName"": ""Full Job – Flex Printing"", ""processCode"": ""CUT"", ""printingMode"": ""FLEX"", ""isFullProcess"": true, ""isOutsourceJob"": false, ""isSingleProcess"": false, ""isInhouseMaterial"": true, ""isCustomerMaterial"": false, ""allowAdvancePayment"": true, ""requireCostingApproval"": true}","{""model"": ""agentic-workspace-v1"", ""enabled"": true, ""purpose"": ""process-work-guidance""}","{""seededFrom"": ""mst_process + mst_job_type + mst_department"", ""taskTypeLogic"": ""process.isapprovalrequired + client approval + job-type nature"", ""partyRoutingDepartment"": 9999}","NORMAL",True,True,184,"SYSTEM","2026-04-16 08:57:33.887592",NULL,"2026-04-16 08:57:33.887592"
"1929",1004,"FULL_FLEX",19,19,"PRINT","PRINT","1010","PROC_START","Printing Started",NULL,0,"INTERNAL",True,False,False,False,False,False,False,False,False,True,True,False,"P_PRINT","[FULL_FLEX] Printing [PROC_START] - {job_no}","Process: Printing (PRINT)
Event: PROC_START
Job No: {job_no}
Work Note: Update step status and part-wise completion in workspace.","12.00","2.00",NULL,"2.00","PENDING",True,NULL,"{""channels"": {""push"": true, ""email"": true, ""workspace"": true}, ""eventType"": ""PROC_START"", ""jobTypeCode"": ""FULL_FLEX"", ""jobTypeName"": ""Full Job – Flex Printing"", ""processCode"": ""PRINT"", ""printingMode"": ""FLEX"", ""isFullProcess"": true, ""isOutsourceJob"": false, ""isSingleProcess"": false, ""isInhouseMaterial"": true, ""isCustomerMaterial"": false, ""allowAdvancePayment"": true, ""requireCostingApproval"": true}","{""model"": ""agentic-workspace-v1"", ""enabled"": true, ""purpose"": ""process-work-guidance""}","{""seededFrom"": ""mst_process + mst_job_type + mst_department"", ""taskTypeLogic"": ""process.isapprovalrequired + client approval + job-type nature"", ""partyRoutingDepartment"": 9999}","HIGH",True,True,191,"SYSTEM","2026-04-16 08:57:33.887592",NULL,"2026-04-16 08:57:33.887592"
"1930",1004,"FULL_FLEX",19,19,"PRINT","PRINT","1010","TASK_ASSIGNED","Printing Assigned",NULL,0,"INTERNAL",True,False,False,False,False,False,False,False,False,True,True,False,"P_PRINT","[FULL_FLEX] Printing [TASK_ASSIGNED] - {job_no}","Process: Printing (PRINT)
Event: TASK_ASSIGNED
Job No: {job_no}
Work Note: Update step status and part-wise completion in workspace.","12.00","2.00",NULL,"2.00","PENDING",True,NULL,"{""channels"": {""push"": true, ""email"": true, ""workspace"": true}, ""eventType"": ""TASK_ASSIGNED"", ""jobTypeCode"": ""FULL_FLEX"", ""jobTypeName"": ""Full Job – Flex Printing"", ""processCode"": ""PRINT"", ""printingMode"": ""FLEX"", ""isFullProcess"": true, ""isOutsourceJob"": false, ""isSingleProcess"": false, ""isInhouseMaterial"": true, ""isCustomerMaterial"": false, ""allowAdvancePayment"": true, ""requireCostingApproval"": true}","{""model"": ""agentic-workspace-v1"", ""enabled"": true, ""purpose"": ""process-work-guidance""}","{""seededFrom"": ""mst_process + mst_job_type + mst_department"", ""taskTypeLogic"": ""process.isapprovalrequired + client approval + job-type nature"", ""partyRoutingDepartment"": 9999}","HIGH",True,True,192,"SYSTEM","2026-04-16 08:57:33.887592",NULL,"2026-04-16 08:57:33.887592"
"1931",1004,"FULL_FLEX",19,19,"PRINT","PRINT","1010","TASK_OVERDUE","Printing Overdue",NULL,0,"INTERNAL",True,False,False,False,False,False,False,False,False,True,True,False,"P_PRINT","[FULL_FLEX] Printing [TASK_OVERDUE] - {job_no}","Process: Printing (PRINT)
Event: TASK_OVERDUE
Job No: {job_no}
Work Note: Update step status and part-wise completion in workspace.","12.00","2.00",NULL,"2.00","OVERDUE",False,NULL,"{""channels"": {""push"": true, ""email"": true, ""workspace"": true}, ""eventType"": ""TASK_OVERDUE"", ""jobTypeCode"": ""FULL_FLEX"", ""jobTypeName"": ""Full Job – Flex Printing"", ""processCode"": ""PRINT"", ""printingMode"": ""FLEX"", ""isFullProcess"": true, ""isOutsourceJob"": false, ""isSingleProcess"": false, ""isInhouseMaterial"": true, ""isCustomerMaterial"": false, ""allowAdvancePayment"": true, ""requireCostingApproval"": true}","{""model"": ""agentic-workspace-v1"", ""enabled"": true, ""purpose"": ""process-work-guidance""}","{""seededFrom"": ""mst_process + mst_job_type + mst_department"", ""taskTypeLogic"": ""process.isapprovalrequired + client approval + job-type nature"", ""partyRoutingDepartment"": 9999}","HIGH",True,True,193,"SYSTEM","2026-04-16 08:57:33.887592",NULL,"2026-04-16 08:57:33.887592"
"1932",1004,"FULL_FLEX",19,19,"PRINT","PRINT","1010","TASK_COMPLETED","Printing Completed",NULL,0,"INTERNAL",True,False,False,False,False,False,False,False,False,True,True,False,"P_PRINT","[FULL_FLEX] Printing [TASK_COMPLETED] - {job_no}","Process: Printing (PRINT)
Event: TASK_COMPLETED
Job No: {job_no}
Work Note: Update step status and part-wise completion in workspace.","12.00","2.00",NULL,"2.00","COMPLETED",False,NULL,"{""channels"": {""push"": true, ""email"": true, ""workspace"": true}, ""eventType"": ""TASK_COMPLETED"", ""jobTypeCode"": ""FULL_FLEX"", ""jobTypeName"": ""Full Job – Flex Printing"", ""processCode"": ""PRINT"", ""printingMode"": ""FLEX"", ""isFullProcess"": true, ""isOutsourceJob"": false, ""isSingleProcess"": false, ""isInhouseMaterial"": true, ""isCustomerMaterial"": false, ""allowAdvancePayment"": true, ""requireCostingApproval"": true}","{""model"": ""agentic-workspace-v1"", ""enabled"": true, ""purpose"": ""process-work-guidance""}","{""seededFrom"": ""mst_process + mst_job_type + mst_department"", ""taskTypeLogic"": ""process.isapprovalrequired + client approval + job-type nature"", ""partyRoutingDepartment"": 9999}","HIGH",True,True,194,"SYSTEM","2026-04-16 08:57:33.887592",NULL,"2026-04-16 08:57:33.887592"
"1933",1004,"FULL_FLEX",20,20,"QC_PROC","QC_PROC","1016","PROC_START","In-Process QC Started",NULL,0,"INTERNAL",True,False,False,False,False,False,False,False,False,True,True,False,"P_QC_PROC","[FULL_FLEX] Process QC [PROC_START] - {job_no}","Process: In-Process QC (QC_PROC)
Event: PROC_START
Job No: {job_no}
Work Note: Update step status and part-wise completion in workspace.","4.00","2.00",NULL,"2.00","PENDING",True,NULL,"{""channels"": {""push"": true, ""email"": true, ""workspace"": true}, ""eventType"": ""PROC_START"", ""jobTypeCode"": ""FULL_FLEX"", ""jobTypeName"": ""Full Job – Flex Printing"", ""processCode"": ""QC_PROC"", ""printingMode"": ""FLEX"", ""isFullProcess"": true, ""isOutsourceJob"": false, ""isSingleProcess"": false, ""isInhouseMaterial"": true, ""isCustomerMaterial"": false, ""allowAdvancePayment"": true, ""requireCostingApproval"": true}","{""model"": ""agentic-workspace-v1"", ""enabled"": true, ""purpose"": ""process-work-guidance""}","{""seededFrom"": ""mst_process + mst_job_type + mst_department"", ""taskTypeLogic"": ""process.isapprovalrequired + client approval + job-type nature"", ""partyRoutingDepartment"": 9999}","NORMAL",True,True,201,"SYSTEM","2026-04-16 08:57:33.887592",NULL,"2026-04-16 08:57:33.887592"
"1934",1004,"FULL_FLEX",20,20,"QC_PROC","QC_PROC","1016","TASK_ASSIGNED","In-Process QC Assigned",NULL,0,"INTERNAL",True,False,False,False,False,False,False,False,False,True,True,False,"P_QC_PROC","[FULL_FLEX] Process QC [TASK_ASSIGNED] - {job_no}","Process: In-Process QC (QC_PROC)
Event: TASK_ASSIGNED
Job No: {job_no}
Work Note: Update step status and part-wise completion in workspace.","4.00","2.00",NULL,"2.00","PENDING",True,NULL,"{""channels"": {""push"": true, ""email"": true, ""workspace"": true}, ""eventType"": ""TASK_ASSIGNED"", ""jobTypeCode"": ""FULL_FLEX"", ""jobTypeName"": ""Full Job – Flex Printing"", ""processCode"": ""QC_PROC"", ""printingMode"": ""FLEX"", ""isFullProcess"": true, ""isOutsourceJob"": false, ""isSingleProcess"": false, ""isInhouseMaterial"": true, ""isCustomerMaterial"": false, ""allowAdvancePayment"": true, ""requireCostingApproval"": true}","{""model"": ""agentic-workspace-v1"", ""enabled"": true, ""purpose"": ""process-work-guidance""}","{""seededFrom"": ""mst_process + mst_job_type + mst_department"", ""taskTypeLogic"": ""process.isapprovalrequired + client approval + job-type nature"", ""partyRoutingDepartment"": 9999}","NORMAL",True,True,202,"SYSTEM","2026-04-16 08:57:33.887592",NULL,"2026-04-16 08:57:33.887592"
"1935",1004,"FULL_FLEX",20,20,"QC_PROC","QC_PROC","1016","TASK_OVERDUE","In-Process QC Overdue",NULL,0,"INTERNAL",True,False,False,False,False,False,False,False,False,True,True,False,"P_QC_PROC","[FULL_FLEX] Process QC [TASK_OVERDUE] - {job_no}","Process: In-Process QC (QC_PROC)
Event: TASK_OVERDUE
Job No: {job_no}
Work Note: Update step status and part-wise completion in workspace.","4.00","2.00",NULL,"2.00","OVERDUE",False,NULL,"{""channels"": {""push"": true, ""email"": true, ""workspace"": true}, ""eventType"": ""TASK_OVERDUE"", ""jobTypeCode"": ""FULL_FLEX"", ""jobTypeName"": ""Full Job – Flex Printing"", ""processCode"": ""QC_PROC"", ""printingMode"": ""FLEX"", ""isFullProcess"": true, ""isOutsourceJob"": false, ""isSingleProcess"": false, ""isInhouseMaterial"": true, ""isCustomerMaterial"": false, ""allowAdvancePayment"": true, ""requireCostingApproval"": true}","{""model"": ""agentic-workspace-v1"", ""enabled"": true, ""purpose"": ""process-work-guidance""}","{""seededFrom"": ""mst_process + mst_job_type + mst_department"", ""taskTypeLogic"": ""process.isapprovalrequired + client approval + job-type nature"", ""partyRoutingDepartment"": 9999}","NORMAL",True,True,203,"SYSTEM","2026-04-16 08:57:33.887592",NULL,"2026-04-16 08:57:33.887592"
"1936",1004,"FULL_FLEX",20,20,"QC_PROC","QC_PROC","1016","TASK_COMPLETED","In-Process QC Completed",NULL,0,"INTERNAL",True,False,False,False,False,False,False,False,False,True,True,False,"P_QC_PROC","[FULL_FLEX] Process QC [TASK_COMPLETED] - {job_no}","Process: In-Process QC (QC_PROC)
Event: TASK_COMPLETED
Job No: {job_no}
Work Note: Update step status and part-wise completion in workspace.","4.00","2.00",NULL,"2.00","COMPLETED",False,NULL,"{""channels"": {""push"": true, ""email"": true, ""workspace"": true}, ""eventType"": ""TASK_COMPLETED"", ""jobTypeCode"": ""FULL_FLEX"", ""jobTypeName"": ""Full Job – Flex Printing"", ""processCode"": ""QC_PROC"", ""printingMode"": ""FLEX"", ""isFullProcess"": true, ""isOutsourceJob"": false, ""isSingleProcess"": false, ""isInhouseMaterial"": true, ""isCustomerMaterial"": false, ""allowAdvancePayment"": true, ""requireCostingApproval"": true}","{""model"": ""agentic-workspace-v1"", ""enabled"": true, ""purpose"": ""process-work-guidance""}","{""seededFrom"": ""mst_process + mst_job_type + mst_department"", ""taskTypeLogic"": ""process.isapprovalrequired + client approval + job-type nature"", ""partyRoutingDepartment"": 9999}","NORMAL",True,True,204,"SYSTEM","2026-04-16 08:57:33.887592",NULL,"2026-04-16 08:57:33.887592"
"1937",1004,"FULL_FLEX",21,21,"DRY","DRY","1010","PROC_START","Drying Started",NULL,0,"INTERNAL",True,False,False,False,False,False,False,False,False,True,True,False,"P_DRY","[FULL_FLEX] Drying [PROC_START] - {job_no}","Process: Drying (DRY)
Event: PROC_START
Job No: {job_no}
Work Note: Update step status and part-wise completion in workspace.","6.00","2.00",NULL,"2.00","PENDING",True,NULL,"{""channels"": {""push"": true, ""email"": true, ""workspace"": true}, ""eventType"": ""PROC_START"", ""jobTypeCode"": ""FULL_FLEX"", ""jobTypeName"": ""Full Job – Flex Printing"", ""processCode"": ""DRY"", ""printingMode"": ""FLEX"", ""isFullProcess"": true, ""isOutsourceJob"": false, ""isSingleProcess"": false, ""isInhouseMaterial"": true, ""isCustomerMaterial"": false, ""allowAdvancePayment"": true, ""requireCostingApproval"": true}","{""model"": ""agentic-workspace-v1"", ""enabled"": true, ""purpose"": ""process-work-guidance""}","{""seededFrom"": ""mst_process + mst_job_type + mst_department"", ""taskTypeLogic"": ""process.isapprovalrequired + client approval + job-type nature"", ""partyRoutingDepartment"": 9999}","NORMAL",True,True,211,"SYSTEM","2026-04-16 08:57:33.887592",NULL,"2026-04-16 08:57:33.887592"
"1938",1004,"FULL_FLEX",21,21,"DRY","DRY","1010","TASK_ASSIGNED","Drying Assigned",NULL,0,"INTERNAL",True,False,False,False,False,False,False,False,False,True,True,False,"P_DRY","[FULL_FLEX] Drying [TASK_ASSIGNED] - {job_no}","Process: Drying (DRY)
Event: TASK_ASSIGNED
Job No: {job_no}
Work Note: Update step status and part-wise completion in workspace.","6.00","2.00",NULL,"2.00","PENDING",True,NULL,"{""channels"": {""push"": true, ""email"": true, ""workspace"": true}, ""eventType"": ""TASK_ASSIGNED"", ""jobTypeCode"": ""FULL_FLEX"", ""jobTypeName"": ""Full Job – Flex Printing"", ""processCode"": ""DRY"", ""printingMode"": ""FLEX"", ""isFullProcess"": true, ""isOutsourceJob"": false, ""isSingleProcess"": false, ""isInhouseMaterial"": true, ""isCustomerMaterial"": false, ""allowAdvancePayment"": true, ""requireCostingApproval"": true}","{""model"": ""agentic-workspace-v1"", ""enabled"": true, ""purpose"": ""process-work-guidance""}","{""seededFrom"": ""mst_process + mst_job_type + mst_department"", ""taskTypeLogic"": ""process.isapprovalrequired + client approval + job-type nature"", ""partyRoutingDepartment"": 9999}","NORMAL",True,True,212,"SYSTEM","2026-04-16 08:57:33.887592",NULL,"2026-04-16 08:57:33.887592"
"1939",1004,"FULL_FLEX",21,21,"DRY","DRY","1010","TASK_OVERDUE","Drying Overdue",NULL,0,"INTERNAL",True,False,False,False,False,False,False,False,False,True,True,False,"P_DRY","[FULL_FLEX] Drying [TASK_OVERDUE] - {job_no}","Process: Drying (DRY)
Event: TASK_OVERDUE
Job No: {job_no}
Work Note: Update step status and part-wise completion in workspace.","6.00","2.00",NULL,"2.00","OVERDUE",False,NULL,"{""channels"": {""push"": true, ""email"": true, ""workspace"": true}, ""eventType"": ""TASK_OVERDUE"", ""jobTypeCode"": ""FULL_FLEX"", ""jobTypeName"": ""Full Job – Flex Printing"", ""processCode"": ""DRY"", ""printingMode"": ""FLEX"", ""isFullProcess"": true, ""isOutsourceJob"": false, ""isSingleProcess"": false, ""isInhouseMaterial"": true, ""isCustomerMaterial"": false, ""allowAdvancePayment"": true, ""requireCostingApproval"": true}","{""model"": ""agentic-workspace-v1"", ""enabled"": true, ""purpose"": ""process-work-guidance""}","{""seededFrom"": ""mst_process + mst_job_type + mst_department"", ""taskTypeLogic"": ""process.isapprovalrequired + client approval + job-type nature"", ""partyRoutingDepartment"": 9999}","NORMAL",True,True,213,"SYSTEM","2026-04-16 08:57:33.887592",NULL,"2026-04-16 08:57:33.887592"
"1940",1004,"FULL_FLEX",21,21,"DRY","DRY","1010","TASK_COMPLETED","Drying Completed",NULL,0,"INTERNAL",True,False,False,False,False,False,False,False,False,True,True,False,"P_DRY","[FULL_FLEX] Drying [TASK_COMPLETED] - {job_no}","Process: Drying (DRY)
Event: TASK_COMPLETED
Job No: {job_no}
Work Note: Update step status and part-wise completion in workspace.","6.00","2.00",NULL,"2.00","COMPLETED",False,NULL,"{""channels"": {""push"": true, ""email"": true, ""workspace"": true}, ""eventType"": ""TASK_COMPLETED"", ""jobTypeCode"": ""FULL_FLEX"", ""jobTypeName"": ""Full Job – Flex Printing"", ""processCode"": ""DRY"", ""printingMode"": ""FLEX"", ""isFullProcess"": true, ""isOutsourceJob"": false, ""isSingleProcess"": false, ""isInhouseMaterial"": true, ""isCustomerMaterial"": false, ""allowAdvancePayment"": true, ""requireCostingApproval"": true}","{""model"": ""agentic-workspace-v1"", ""enabled"": true, ""purpose"": ""process-work-guidance""}","{""seededFrom"": ""mst_process + mst_job_type + mst_department"", ""taskTypeLogic"": ""process.isapprovalrequired + client approval + job-type nature"", ""partyRoutingDepartment"": 9999}","NORMAL",True,True,214,"SYSTEM","2026-04-16 08:57:33.887592",NULL,"2026-04-16 08:57:33.887592"
"1941",1004,"FULL_FLEX",22,22,"POST_PRESS","POST_PRESS","1011","PROC_START","Post Press Finishing Started",NULL,0,"INTERNAL",True,False,False,False,False,False,False,False,False,True,True,False,"P_POST","[FULL_FLEX] Post Press [PROC_START] - {job_no}","Process: Post Press Finishing (POST_PRESS)
Event: PROC_START
Job No: {job_no}
Work Note: Update step status and part-wise completion in workspace.","8.00","2.00",NULL,"2.00","PENDING",True,NULL,"{""channels"": {""push"": true, ""email"": true, ""workspace"": true}, ""eventType"": ""PROC_START"", ""jobTypeCode"": ""FULL_FLEX"", ""jobTypeName"": ""Full Job – Flex Printing"", ""processCode"": ""POST_PRESS"", ""printingMode"": ""FLEX"", ""isFullProcess"": true, ""isOutsourceJob"": false, ""isSingleProcess"": false, ""isInhouseMaterial"": true, ""isCustomerMaterial"": false, ""allowAdvancePayment"": true, ""requireCostingApproval"": true}","{""model"": ""agentic-workspace-v1"", ""enabled"": true, ""purpose"": ""process-work-guidance""}","{""seededFrom"": ""mst_process + mst_job_type + mst_department"", ""taskTypeLogic"": ""process.isapprovalrequired + client approval + job-type nature"", ""partyRoutingDepartment"": 9999}","NORMAL",True,True,221,"SYSTEM","2026-04-16 08:57:33.887592",NULL,"2026-04-16 08:57:33.887592"
"1942",1004,"FULL_FLEX",22,22,"POST_PRESS","POST_PRESS","1011","TASK_ASSIGNED","Post Press Finishing Assigned",NULL,0,"INTERNAL",True,False,False,False,False,False,False,False,False,True,True,False,"P_POST","[FULL_FLEX] Post Press [TASK_ASSIGNED] - {job_no}","Process: Post Press Finishing (POST_PRESS)
Event: TASK_ASSIGNED
Job No: {job_no}
Work Note: Update step status and part-wise completion in workspace.","8.00","2.00",NULL,"2.00","PENDING",True,NULL,"{""channels"": {""push"": true, ""email"": true, ""workspace"": true}, ""eventType"": ""TASK_ASSIGNED"", ""jobTypeCode"": ""FULL_FLEX"", ""jobTypeName"": ""Full Job – Flex Printing"", ""processCode"": ""POST_PRESS"", ""printingMode"": ""FLEX"", ""isFullProcess"": true, ""isOutsourceJob"": false, ""isSingleProcess"": false, ""isInhouseMaterial"": true, ""isCustomerMaterial"": false, ""allowAdvancePayment"": true, ""requireCostingApproval"": true}","{""model"": ""agentic-workspace-v1"", ""enabled"": true, ""purpose"": ""process-work-guidance""}","{""seededFrom"": ""mst_process + mst_job_type + mst_department"", ""taskTypeLogic"": ""process.isapprovalrequired + client approval + job-type nature"", ""partyRoutingDepartment"": 9999}","NORMAL",True,True,222,"SYSTEM","2026-04-16 08:57:33.887592",NULL,"2026-04-16 08:57:33.887592"
"1943",1004,"FULL_FLEX",22,22,"POST_PRESS","POST_PRESS","1011","TASK_OVERDUE","Post Press Finishing Overdue",NULL,0,"INTERNAL",True,False,False,False,False,False,False,False,False,True,True,False,"P_POST","[FULL_FLEX] Post Press [TASK_OVERDUE] - {job_no}","Process: Post Press Finishing (POST_PRESS)
Event: TASK_OVERDUE
Job No: {job_no}
Work Note: Update step status and part-wise completion in workspace.","8.00","2.00",NULL,"2.00","OVERDUE",False,NULL,"{""channels"": {""push"": true, ""email"": true, ""workspace"": true}, ""eventType"": ""TASK_OVERDUE"", ""jobTypeCode"": ""FULL_FLEX"", ""jobTypeName"": ""Full Job – Flex Printing"", ""processCode"": ""POST_PRESS"", ""printingMode"": ""FLEX"", ""isFullProcess"": true, ""isOutsourceJob"": false, ""isSingleProcess"": false, ""isInhouseMaterial"": true, ""isCustomerMaterial"": false, ""allowAdvancePayment"": true, ""requireCostingApproval"": true}","{""model"": ""agentic-workspace-v1"", ""enabled"": true, ""purpose"": ""process-work-guidance""}","{""seededFrom"": ""mst_process + mst_job_type + mst_department"", ""taskTypeLogic"": ""process.isapprovalrequired + client approval + job-type nature"", ""partyRoutingDepartment"": 9999}","NORMAL",True,True,223,"SYSTEM","2026-04-16 08:57:33.887592",NULL,"2026-04-16 08:57:33.887592"
"1944",1004,"FULL_FLEX",22,22,"POST_PRESS","POST_PRESS","1011","TASK_COMPLETED","Post Press Finishing Completed",NULL,0,"INTERNAL",True,False,False,False,False,False,False,False,False,True,True,False,"P_POST","[FULL_FLEX] Post Press [TASK_COMPLETED] - {job_no}","Process: Post Press Finishing (POST_PRESS)
Event: TASK_COMPLETED
Job No: {job_no}
Work Note: Update step status and part-wise completion in workspace.","8.00","2.00",NULL,"2.00","COMPLETED",False,NULL,"{""channels"": {""push"": true, ""email"": true, ""workspace"": true}, ""eventType"": ""TASK_COMPLETED"", ""jobTypeCode"": ""FULL_FLEX"", ""jobTypeName"": ""Full Job – Flex Printing"", ""processCode"": ""POST_PRESS"", ""printingMode"": ""FLEX"", ""isFullProcess"": true, ""isOutsourceJob"": false, ""isSingleProcess"": false, ""isInhouseMaterial"": true, ""isCustomerMaterial"": false, ""allowAdvancePayment"": true, ""requireCostingApproval"": true}","{""model"": ""agentic-workspace-v1"", ""enabled"": true, ""purpose"": ""process-work-guidance""}","{""seededFrom"": ""mst_process + mst_job_type + mst_department"", ""taskTypeLogic"": ""process.isapprovalrequired + client approval + job-type nature"", ""partyRoutingDepartment"": 9999}","NORMAL",True,True,224,"SYSTEM","2026-04-16 08:57:33.887592",NULL,"2026-04-16 08:57:33.887592"
"1945",1004,"FULL_FLEX",23,23,"FOLD","FOLD","1011","PROC_START","Folding Started",NULL,0,"INTERNAL",True,False,False,False,False,False,False,False,False,True,True,False,"P_FOLD","[FULL_FLEX] Folding [PROC_START] - {job_no}","Process: Folding (FOLD)
Event: PROC_START
Job No: {job_no}
Work Note: Update step status and part-wise completion in workspace.","4.00","2.00",NULL,"2.00","PENDING",True,NULL,"{""channels"": {""push"": true, ""email"": true, ""workspace"": true}, ""eventType"": ""PROC_START"", ""jobTypeCode"": ""FULL_FLEX"", ""jobTypeName"": ""Full Job – Flex Printing"", ""processCode"": ""FOLD"", ""printingMode"": ""FLEX"", ""isFullProcess"": true, ""isOutsourceJob"": false, ""isSingleProcess"": false, ""isInhouseMaterial"": true, ""isCustomerMaterial"": false, ""allowAdvancePayment"": true, ""requireCostingApproval"": true}","{""model"": ""agentic-workspace-v1"", ""enabled"": true, ""purpose"": ""process-work-guidance""}","{""seededFrom"": ""mst_process + mst_job_type + mst_department"", ""taskTypeLogic"": ""process.isapprovalrequired + client approval + job-type nature"", ""partyRoutingDepartment"": 9999}","NORMAL",True,True,231,"SYSTEM","2026-04-16 08:57:33.887592",NULL,"2026-04-16 08:57:33.887592"
"1946",1004,"FULL_FLEX",23,23,"FOLD","FOLD","1011","TASK_ASSIGNED","Folding Assigned",NULL,0,"INTERNAL",True,False,False,False,False,False,False,False,False,True,True,False,"P_FOLD","[FULL_FLEX] Folding [TASK_ASSIGNED] - {job_no}","Process: Folding (FOLD)
Event: TASK_ASSIGNED
Job No: {job_no}
Work Note: Update step status and part-wise completion in workspace.","4.00","2.00",NULL,"2.00","PENDING",True,NULL,"{""channels"": {""push"": true, ""email"": true, ""workspace"": true}, ""eventType"": ""TASK_ASSIGNED"", ""jobTypeCode"": ""FULL_FLEX"", ""jobTypeName"": ""Full Job – Flex Printing"", ""processCode"": ""FOLD"", ""printingMode"": ""FLEX"", ""isFullProcess"": true, ""isOutsourceJob"": false, ""isSingleProcess"": false, ""isInhouseMaterial"": true, ""isCustomerMaterial"": false, ""allowAdvancePayment"": true, ""requireCostingApproval"": true}","{""model"": ""agentic-workspace-v1"", ""enabled"": true, ""purpose"": ""process-work-guidance""}","{""seededFrom"": ""mst_process + mst_job_type + mst_department"", ""taskTypeLogic"": ""process.isapprovalrequired + client approval + job-type nature"", ""partyRoutingDepartment"": 9999}","NORMAL",True,True,232,"SYSTEM","2026-04-16 08:57:33.887592",NULL,"2026-04-16 08:57:33.887592"
"1947",1004,"FULL_FLEX",23,23,"FOLD","FOLD","1011","TASK_OVERDUE","Folding Overdue",NULL,0,"INTERNAL",True,False,False,False,False,False,False,False,False,True,True,False,"P_FOLD","[FULL_FLEX] Folding [TASK_OVERDUE] - {job_no}","Process: Folding (FOLD)
Event: TASK_OVERDUE
Job No: {job_no}
Work Note: Update step status and part-wise completion in workspace.","4.00","2.00",NULL,"2.00","OVERDUE",False,NULL,"{""channels"": {""push"": true, ""email"": true, ""workspace"": true}, ""eventType"": ""TASK_OVERDUE"", ""jobTypeCode"": ""FULL_FLEX"", ""jobTypeName"": ""Full Job – Flex Printing"", ""processCode"": ""FOLD"", ""printingMode"": ""FLEX"", ""isFullProcess"": true, ""isOutsourceJob"": false, ""isSingleProcess"": false, ""isInhouseMaterial"": true, ""isCustomerMaterial"": false, ""allowAdvancePayment"": true, ""requireCostingApproval"": true}","{""model"": ""agentic-workspace-v1"", ""enabled"": true, ""purpose"": ""process-work-guidance""}","{""seededFrom"": ""mst_process + mst_job_type + mst_department"", ""taskTypeLogic"": ""process.isapprovalrequired + client approval + job-type nature"", ""partyRoutingDepartment"": 9999}","NORMAL",True,True,233,"SYSTEM","2026-04-16 08:57:33.887592",NULL,"2026-04-16 08:57:33.887592"
"1948",1004,"FULL_FLEX",23,23,"FOLD","FOLD","1011","TASK_COMPLETED","Folding Completed",NULL,0,"INTERNAL",True,False,False,False,False,False,False,False,False,True,True,False,"P_FOLD","[FULL_FLEX] Folding [TASK_COMPLETED] - {job_no}","Process: Folding (FOLD)
Event: TASK_COMPLETED
Job No: {job_no}
Work Note: Update step status and part-wise completion in workspace.","4.00","2.00",NULL,"2.00","COMPLETED",False,NULL,"{""channels"": {""push"": true, ""email"": true, ""workspace"": true}, ""eventType"": ""TASK_COMPLETED"", ""jobTypeCode"": ""FULL_FLEX"", ""jobTypeName"": ""Full Job – Flex Printing"", ""processCode"": ""FOLD"", ""printingMode"": ""FLEX"", ""isFullProcess"": true, ""isOutsourceJob"": false, ""isSingleProcess"": false, ""isInhouseMaterial"": true, ""isCustomerMaterial"": false, ""allowAdvancePayment"": true, ""requireCostingApproval"": true}","{""model"": ""agentic-workspace-v1"", ""enabled"": true, ""purpose"": ""process-work-guidance""}","{""seededFrom"": ""mst_process + mst_job_type + mst_department"", ""taskTypeLogic"": ""process.isapprovalrequired + client approval + job-type nature"", ""partyRoutingDepartment"": 9999}","NORMAL",True,True,234,"SYSTEM","2026-04-16 08:57:33.887592",NULL,"2026-04-16 08:57:33.887592"
"1949",1004,"FULL_FLEX",24,24,"BIND","BIND","1011","PROC_START","Binding Started",NULL,0,"INTERNAL",True,False,False,False,False,False,False,False,False,True,True,False,"P_BIND","[FULL_FLEX] Binding [PROC_START] - {job_no}","Process: Binding (BIND)
Event: PROC_START
Job No: {job_no}
Work Note: Update step status and part-wise completion in workspace.","8.00","2.00",NULL,"2.00","PENDING",True,NULL,"{""channels"": {""push"": true, ""email"": true, ""workspace"": true}, ""eventType"": ""PROC_START"", ""jobTypeCode"": ""FULL_FLEX"", ""jobTypeName"": ""Full Job – Flex Printing"", ""processCode"": ""BIND"", ""printingMode"": ""FLEX"", ""isFullProcess"": true, ""isOutsourceJob"": false, ""isSingleProcess"": false, ""isInhouseMaterial"": true, ""isCustomerMaterial"": false, ""allowAdvancePayment"": true, ""requireCostingApproval"": true}","{""model"": ""agentic-workspace-v1"", ""enabled"": true, ""purpose"": ""process-work-guidance""}","{""seededFrom"": ""mst_process + mst_job_type + mst_department"", ""taskTypeLogic"": ""process.isapprovalrequired + client approval + job-type nature"", ""partyRoutingDepartment"": 9999}","NORMAL",True,True,241,"SYSTEM","2026-04-16 08:57:33.887592",NULL,"2026-04-16 08:57:33.887592"
"1950",1004,"FULL_FLEX",24,24,"BIND","BIND","1011","TASK_ASSIGNED","Binding Assigned",NULL,0,"INTERNAL",True,False,False,False,False,False,False,False,False,True,True,False,"P_BIND","[FULL_FLEX] Binding [TASK_ASSIGNED] - {job_no}","Process: Binding (BIND)
Event: TASK_ASSIGNED
Job No: {job_no}
Work Note: Update step status and part-wise completion in workspace.","8.00","2.00",NULL,"2.00","PENDING",True,NULL,"{""channels"": {""push"": true, ""email"": true, ""workspace"": true}, ""eventType"": ""TASK_ASSIGNED"", ""jobTypeCode"": ""FULL_FLEX"", ""jobTypeName"": ""Full Job – Flex Printing"", ""processCode"": ""BIND"", ""printingMode"": ""FLEX"", ""isFullProcess"": true, ""isOutsourceJob"": false, ""isSingleProcess"": false, ""isInhouseMaterial"": true, ""isCustomerMaterial"": false, ""allowAdvancePayment"": true, ""requireCostingApproval"": true}","{""model"": ""agentic-workspace-v1"", ""enabled"": true, ""purpose"": ""process-work-guidance""}","{""seededFrom"": ""mst_process + mst_job_type + mst_department"", ""taskTypeLogic"": ""process.isapprovalrequired + client approval + job-type nature"", ""partyRoutingDepartment"": 9999}","NORMAL",True,True,242,"SYSTEM","2026-04-16 08:57:33.887592",NULL,"2026-04-16 08:57:33.887592"
"1951",1004,"FULL_FLEX",24,24,"BIND","BIND","1011","TASK_OVERDUE","Binding Overdue",NULL,0,"INTERNAL",True,False,False,False,False,False,False,False,False,True,True,False,"P_BIND","[FULL_FLEX] Binding [TASK_OVERDUE] - {job_no}","Process: Binding (BIND)
Event: TASK_OVERDUE
Job No: {job_no}
Work Note: Update step status and part-wise completion in workspace.","8.00","2.00",NULL,"2.00","OVERDUE",False,NULL,"{""channels"": {""push"": true, ""email"": true, ""workspace"": true}, ""eventType"": ""TASK_OVERDUE"", ""jobTypeCode"": ""FULL_FLEX"", ""jobTypeName"": ""Full Job – Flex Printing"", ""processCode"": ""BIND"", ""printingMode"": ""FLEX"", ""isFullProcess"": true, ""isOutsourceJob"": false, ""isSingleProcess"": false, ""isInhouseMaterial"": true, ""isCustomerMaterial"": false, ""allowAdvancePayment"": true, ""requireCostingApproval"": true}","{""model"": ""agentic-workspace-v1"", ""enabled"": true, ""purpose"": ""process-work-guidance""}","{""seededFrom"": ""mst_process + mst_job_type + mst_department"", ""taskTypeLogic"": ""process.isapprovalrequired + client approval + job-type nature"", ""partyRoutingDepartment"": 9999}","NORMAL",True,True,243,"SYSTEM","2026-04-16 08:57:33.887592",NULL,"2026-04-16 08:57:33.887592"
"1952",1004,"FULL_FLEX",24,24,"BIND","BIND","1011","TASK_COMPLETED","Binding Completed",NULL,0,"INTERNAL",True,False,False,False,False,False,False,False,False,True,True,False,"P_BIND","[FULL_FLEX] Binding [TASK_COMPLETED] - {job_no}","Process: Binding (BIND)
Event: TASK_COMPLETED
Job No: {job_no}
Work Note: Update step status and part-wise completion in workspace.","8.00","2.00",NULL,"2.00","COMPLETED",False,NULL,"{""channels"": {""push"": true, ""email"": true, ""workspace"": true}, ""eventType"": ""TASK_COMPLETED"", ""jobTypeCode"": ""FULL_FLEX"", ""jobTypeName"": ""Full Job – Flex Printing"", ""processCode"": ""BIND"", ""printingMode"": ""FLEX"", ""isFullProcess"": true, ""isOutsourceJob"": false, ""isSingleProcess"": false, ""isInhouseMaterial"": true, ""isCustomerMaterial"": false, ""allowAdvancePayment"": true, ""requireCostingApproval"": true}","{""model"": ""agentic-workspace-v1"", ""enabled"": true, ""purpose"": ""process-work-guidance""}","{""seededFrom"": ""mst_process + mst_job_type + mst_department"", ""taskTypeLogic"": ""process.isapprovalrequired + client approval + job-type nature"", ""partyRoutingDepartment"": 9999}","NORMAL",True,True,244,"SYSTEM","2026-04-16 08:57:33.887592",NULL,"2026-04-16 08:57:33.887592"
"1953",1004,"FULL_FLEX",25,25,"TRIM","TRIM","1011","PROC_START","Final Trim Started",NULL,0,"INTERNAL",True,False,False,False,False,False,False,False,False,True,True,False,"P_TRIM","[FULL_FLEX] Trimming [PROC_START] - {job_no}","Process: Final Trim (TRIM)
Event: PROC_START
Job No: {job_no}
Work Note: Update step status and part-wise completion in workspace.","4.00","2.00",NULL,"2.00","PENDING",True,NULL,"{""channels"": {""push"": true, ""email"": true, ""workspace"": true}, ""eventType"": ""PROC_START"", ""jobTypeCode"": ""FULL_FLEX"", ""jobTypeName"": ""Full Job – Flex Printing"", ""processCode"": ""TRIM"", ""printingMode"": ""FLEX"", ""isFullProcess"": true, ""isOutsourceJob"": false, ""isSingleProcess"": false, ""isInhouseMaterial"": true, ""isCustomerMaterial"": false, ""allowAdvancePayment"": true, ""requireCostingApproval"": true}","{""model"": ""agentic-workspace-v1"", ""enabled"": true, ""purpose"": ""process-work-guidance""}","{""seededFrom"": ""mst_process + mst_job_type + mst_department"", ""taskTypeLogic"": ""process.isapprovalrequired + client approval + job-type nature"", ""partyRoutingDepartment"": 9999}","NORMAL",True,True,251,"SYSTEM","2026-04-16 08:57:33.887592",NULL,"2026-04-16 08:57:33.887592"
"1954",1004,"FULL_FLEX",25,25,"TRIM","TRIM","1011","TASK_ASSIGNED","Final Trim Assigned",NULL,0,"INTERNAL",True,False,False,False,False,False,False,False,False,True,True,False,"P_TRIM","[FULL_FLEX] Trimming [TASK_ASSIGNED] - {job_no}","Process: Final Trim (TRIM)
Event: TASK_ASSIGNED
Job No: {job_no}
Work Note: Update step status and part-wise completion in workspace.","4.00","2.00",NULL,"2.00","PENDING",True,NULL,"{""channels"": {""push"": true, ""email"": true, ""workspace"": true}, ""eventType"": ""TASK_ASSIGNED"", ""jobTypeCode"": ""FULL_FLEX"", ""jobTypeName"": ""Full Job – Flex Printing"", ""processCode"": ""TRIM"", ""printingMode"": ""FLEX"", ""isFullProcess"": true, ""isOutsourceJob"": false, ""isSingleProcess"": false, ""isInhouseMaterial"": true, ""isCustomerMaterial"": false, ""allowAdvancePayment"": true, ""requireCostingApproval"": true}","{""model"": ""agentic-workspace-v1"", ""enabled"": true, ""purpose"": ""process-work-guidance""}","{""seededFrom"": ""mst_process + mst_job_type + mst_department"", ""taskTypeLogic"": ""process.isapprovalrequired + client approval + job-type nature"", ""partyRoutingDepartment"": 9999}","NORMAL",True,True,252,"SYSTEM","2026-04-16 08:57:33.887592",NULL,"2026-04-16 08:57:33.887592"
"1955",1004,"FULL_FLEX",25,25,"TRIM","TRIM","1011","TASK_OVERDUE","Final Trim Overdue",NULL,0,"INTERNAL",True,False,False,False,False,False,False,False,False,True,True,False,"P_TRIM","[FULL_FLEX] Trimming [TASK_OVERDUE] - {job_no}","Process: Final Trim (TRIM)
Event: TASK_OVERDUE
Job No: {job_no}
Work Note: Update step status and part-wise completion in workspace.","4.00","2.00",NULL,"2.00","OVERDUE",False,NULL,"{""channels"": {""push"": true, ""email"": true, ""workspace"": true}, ""eventType"": ""TASK_OVERDUE"", ""jobTypeCode"": ""FULL_FLEX"", ""jobTypeName"": ""Full Job – Flex Printing"", ""processCode"": ""TRIM"", ""printingMode"": ""FLEX"", ""isFullProcess"": true, ""isOutsourceJob"": false, ""isSingleProcess"": false, ""isInhouseMaterial"": true, ""isCustomerMaterial"": false, ""allowAdvancePayment"": true, ""requireCostingApproval"": true}","{""model"": ""agentic-workspace-v1"", ""enabled"": true, ""purpose"": ""process-work-guidance""}","{""seededFrom"": ""mst_process + mst_job_type + mst_department"", ""taskTypeLogic"": ""process.isapprovalrequired + client approval + job-type nature"", ""partyRoutingDepartment"": 9999}","NORMAL",True,True,253,"SYSTEM","2026-04-16 08:57:33.887592",NULL,"2026-04-16 08:57:33.887592"
"1956",1004,"FULL_FLEX",25,25,"TRIM","TRIM","1011","TASK_COMPLETED","Final Trim Completed",NULL,0,"INTERNAL",True,False,False,False,False,False,False,False,False,True,True,False,"P_TRIM","[FULL_FLEX] Trimming [TASK_COMPLETED] - {job_no}","Process: Final Trim (TRIM)
Event: TASK_COMPLETED
Job No: {job_no}
Work Note: Update step status and part-wise completion in workspace.","4.00","2.00",NULL,"2.00","COMPLETED",False,NULL,"{""channels"": {""push"": true, ""email"": true, ""workspace"": true}, ""eventType"": ""TASK_COMPLETED"", ""jobTypeCode"": ""FULL_FLEX"", ""jobTypeName"": ""Full Job – Flex Printing"", ""processCode"": ""TRIM"", ""printingMode"": ""FLEX"", ""isFullProcess"": true, ""isOutsourceJob"": false, ""isSingleProcess"": false, ""isInhouseMaterial"": true, ""isCustomerMaterial"": false, ""allowAdvancePayment"": true, ""requireCostingApproval"": true}","{""model"": ""agentic-workspace-v1"", ""enabled"": true, ""purpose"": ""process-work-guidance""}","{""seededFrom"": ""mst_process + mst_job_type + mst_department"", ""taskTypeLogic"": ""process.isapprovalrequired + client approval + job-type nature"", ""partyRoutingDepartment"": 9999}","NORMAL",True,True,254,"SYSTEM","2026-04-16 08:57:33.887592",NULL,"2026-04-16 08:57:33.887592"
"1957",1004,"FULL_FLEX",26,26,"QC_POST","QC_POST","1016","PROC_START","Post Press QC Started",NULL,1,"INTERNAL",True,True,False,True,False,False,False,False,False,True,True,False,"P_QC_POST","[FULL_FLEX] Post QC [PROC_START] - {job_no}","Process: Post Press QC (QC_POST)
Event: PROC_START
Job No: {job_no}
Work Note: Update step status and part-wise completion in workspace.","4.00","2.00","DEPT_HEAD","2.00","PENDING",True,NULL,"{""channels"": {""push"": true, ""email"": true, ""workspace"": true}, ""eventType"": ""PROC_START"", ""jobTypeCode"": ""FULL_FLEX"", ""jobTypeName"": ""Full Job – Flex Printing"", ""processCode"": ""QC_POST"", ""printingMode"": ""FLEX"", ""isFullProcess"": true, ""isOutsourceJob"": false, ""isSingleProcess"": false, ""isInhouseMaterial"": true, ""isCustomerMaterial"": false, ""allowAdvancePayment"": true, ""requireCostingApproval"": true}","{""model"": ""agentic-workspace-v1"", ""enabled"": true, ""purpose"": ""process-work-guidance""}","{""seededFrom"": ""mst_process + mst_job_type + mst_department"", ""taskTypeLogic"": ""process.isapprovalrequired + client approval + job-type nature"", ""partyRoutingDepartment"": 9999}","HIGH",True,True,261,"SYSTEM","2026-04-16 08:57:33.887592",NULL,"2026-04-16 08:57:33.887592"
"1958",1004,"FULL_FLEX",26,26,"QC_POST","QC_POST","1016","TASK_ASSIGNED","Post Press QC Assigned",NULL,1,"INTERNAL",True,True,False,True,False,False,False,False,False,True,True,False,"P_QC_POST","[FULL_FLEX] Post QC [TASK_ASSIGNED] - {job_no}","Process: Post Press QC (QC_POST)
Event: TASK_ASSIGNED
Job No: {job_no}
Work Note: Update step status and part-wise completion in workspace.","4.00","2.00","DEPT_HEAD","2.00","PENDING",True,NULL,"{""channels"": {""push"": true, ""email"": true, ""workspace"": true}, ""eventType"": ""TASK_ASSIGNED"", ""jobTypeCode"": ""FULL_FLEX"", ""jobTypeName"": ""Full Job – Flex Printing"", ""processCode"": ""QC_POST"", ""printingMode"": ""FLEX"", ""isFullProcess"": true, ""isOutsourceJob"": false, ""isSingleProcess"": false, ""isInhouseMaterial"": true, ""isCustomerMaterial"": false, ""allowAdvancePayment"": true, ""requireCostingApproval"": true}","{""model"": ""agentic-workspace-v1"", ""enabled"": true, ""purpose"": ""process-work-guidance""}","{""seededFrom"": ""mst_process + mst_job_type + mst_department"", ""taskTypeLogic"": ""process.isapprovalrequired + client approval + job-type nature"", ""partyRoutingDepartment"": 9999}","HIGH",True,True,262,"SYSTEM","2026-04-16 08:57:33.887592",NULL,"2026-04-16 08:57:33.887592"
"1959",1004,"FULL_FLEX",26,26,"QC_POST","QC_POST","1016","TASK_OVERDUE","Post Press QC Overdue",NULL,1,"INTERNAL",True,True,False,True,False,False,False,False,False,True,True,False,"P_QC_POST","[FULL_FLEX] Post QC [TASK_OVERDUE] - {job_no}","Process: Post Press QC (QC_POST)
Event: TASK_OVERDUE
Job No: {job_no}
Work Note: Update step status and part-wise completion in workspace.","4.00","2.00","DEPT_HEAD","2.00","OVERDUE",False,NULL,"{""channels"": {""push"": true, ""email"": true, ""workspace"": true}, ""eventType"": ""TASK_OVERDUE"", ""jobTypeCode"": ""FULL_FLEX"", ""jobTypeName"": ""Full Job – Flex Printing"", ""processCode"": ""QC_POST"", ""printingMode"": ""FLEX"", ""isFullProcess"": true, ""isOutsourceJob"": false, ""isSingleProcess"": false, ""isInhouseMaterial"": true, ""isCustomerMaterial"": false, ""allowAdvancePayment"": true, ""requireCostingApproval"": true}","{""model"": ""agentic-workspace-v1"", ""enabled"": true, ""purpose"": ""process-work-guidance""}","{""seededFrom"": ""mst_process + mst_job_type + mst_department"", ""taskTypeLogic"": ""process.isapprovalrequired + client approval + job-type nature"", ""partyRoutingDepartment"": 9999}","HIGH",True,True,263,"SYSTEM","2026-04-16 08:57:33.887592",NULL,"2026-04-16 08:57:33.887592"
"1960",1004,"FULL_FLEX",26,26,"QC_POST","QC_POST","1016","TASK_COMPLETED","Post Press QC Completed",NULL,1,"INTERNAL",True,True,False,True,False,False,False,False,False,True,True,False,"P_QC_POST","[FULL_FLEX] Post QC [TASK_COMPLETED] - {job_no}","Process: Post Press QC (QC_POST)
Event: TASK_COMPLETED
Job No: {job_no}
Work Note: Update step status and part-wise completion in workspace.","4.00","2.00","DEPT_HEAD","2.00","COMPLETED",False,NULL,"{""channels"": {""push"": true, ""email"": true, ""workspace"": true}, ""eventType"": ""TASK_COMPLETED"", ""jobTypeCode"": ""FULL_FLEX"", ""jobTypeName"": ""Full Job – Flex Printing"", ""processCode"": ""QC_POST"", ""printingMode"": ""FLEX"", ""isFullProcess"": true, ""isOutsourceJob"": false, ""isSingleProcess"": false, ""isInhouseMaterial"": true, ""isCustomerMaterial"": false, ""allowAdvancePayment"": true, ""requireCostingApproval"": true}","{""model"": ""agentic-workspace-v1"", ""enabled"": true, ""purpose"": ""process-work-guidance""}","{""seededFrom"": ""mst_process + mst_job_type + mst_department"", ""taskTypeLogic"": ""process.isapprovalrequired + client approval + job-type nature"", ""partyRoutingDepartment"": 9999}","HIGH",True,True,264,"SYSTEM","2026-04-16 08:57:33.887592",NULL,"2026-04-16 08:57:33.887592"
"1961",1004,"FULL_FLEX",27,27,"PACK","PACK","1012","PROC_START","Packing Started",NULL,0,"INTERNAL",True,False,False,False,False,False,False,False,False,True,True,False,"P_PACK","[FULL_FLEX] Packing [PROC_START] - {job_no}","Process: Packing (PACK)
Event: PROC_START
Job No: {job_no}
Work Note: Update step status and part-wise completion in workspace.","3.00","2.00",NULL,"2.00","PENDING",True,NULL,"{""channels"": {""push"": true, ""email"": true, ""workspace"": true}, ""eventType"": ""PROC_START"", ""jobTypeCode"": ""FULL_FLEX"", ""jobTypeName"": ""Full Job – Flex Printing"", ""processCode"": ""PACK"", ""printingMode"": ""FLEX"", ""isFullProcess"": true, ""isOutsourceJob"": false, ""isSingleProcess"": false, ""isInhouseMaterial"": true, ""isCustomerMaterial"": false, ""allowAdvancePayment"": true, ""requireCostingApproval"": true}","{""model"": ""agentic-workspace-v1"", ""enabled"": true, ""purpose"": ""process-work-guidance""}","{""seededFrom"": ""mst_process + mst_job_type + mst_department"", ""taskTypeLogic"": ""process.isapprovalrequired + client approval + job-type nature"", ""partyRoutingDepartment"": 9999}","NORMAL",True,True,271,"SYSTEM","2026-04-16 08:57:33.887592",NULL,"2026-04-16 08:57:33.887592"
"1962",1004,"FULL_FLEX",27,27,"PACK","PACK","1012","TASK_ASSIGNED","Packing Assigned",NULL,0,"INTERNAL",True,False,False,False,False,False,False,False,False,True,True,False,"P_PACK","[FULL_FLEX] Packing [TASK_ASSIGNED] - {job_no}","Process: Packing (PACK)
Event: TASK_ASSIGNED
Job No: {job_no}
Work Note: Update step status and part-wise completion in workspace.","3.00","2.00",NULL,"2.00","PENDING",True,NULL,"{""channels"": {""push"": true, ""email"": true, ""workspace"": true}, ""eventType"": ""TASK_ASSIGNED"", ""jobTypeCode"": ""FULL_FLEX"", ""jobTypeName"": ""Full Job – Flex Printing"", ""processCode"": ""PACK"", ""printingMode"": ""FLEX"", ""isFullProcess"": true, ""isOutsourceJob"": false, ""isSingleProcess"": false, ""isInhouseMaterial"": true, ""isCustomerMaterial"": false, ""allowAdvancePayment"": true, ""requireCostingApproval"": true}","{""model"": ""agentic-workspace-v1"", ""enabled"": true, ""purpose"": ""process-work-guidance""}","{""seededFrom"": ""mst_process + mst_job_type + mst_department"", ""taskTypeLogic"": ""process.isapprovalrequired + client approval + job-type nature"", ""partyRoutingDepartment"": 9999}","NORMAL",True,True,272,"SYSTEM","2026-04-16 08:57:33.887592",NULL,"2026-04-16 08:57:33.887592"
"1963",1004,"FULL_FLEX",27,27,"PACK","PACK","1012","TASK_OVERDUE","Packing Overdue",NULL,0,"INTERNAL",True,False,False,False,False,False,False,False,False,True,True,False,"P_PACK","[FULL_FLEX] Packing [TASK_OVERDUE] - {job_no}","Process: Packing (PACK)
Event: TASK_OVERDUE
Job No: {job_no}
Work Note: Update step status and part-wise completion in workspace.","3.00","2.00",NULL,"2.00","OVERDUE",False,NULL,"{""channels"": {""push"": true, ""email"": true, ""workspace"": true}, ""eventType"": ""TASK_OVERDUE"", ""jobTypeCode"": ""FULL_FLEX"", ""jobTypeName"": ""Full Job – Flex Printing"", ""processCode"": ""PACK"", ""printingMode"": ""FLEX"", ""isFullProcess"": true, ""isOutsourceJob"": false, ""isSingleProcess"": false, ""isInhouseMaterial"": true, ""isCustomerMaterial"": false, ""allowAdvancePayment"": true, ""requireCostingApproval"": true}","{""model"": ""agentic-workspace-v1"", ""enabled"": true, ""purpose"": ""process-work-guidance""}","{""seededFrom"": ""mst_process + mst_job_type + mst_department"", ""taskTypeLogic"": ""process.isapprovalrequired + client approval + job-type nature"", ""partyRoutingDepartment"": 9999}","NORMAL",True,True,273,"SYSTEM","2026-04-16 08:57:33.887592",NULL,"2026-04-16 08:57:33.887592"
"1964",1004,"FULL_FLEX",27,27,"PACK","PACK","1012","TASK_COMPLETED","Packing Completed",NULL,0,"INTERNAL",True,False,False,False,False,False,False,False,False,True,True,False,"P_PACK","[FULL_FLEX] Packing [TASK_COMPLETED] - {job_no}","Process: Packing (PACK)
Event: TASK_COMPLETED
Job No: {job_no}
Work Note: Update step status and part-wise completion in workspace.","3.00","2.00",NULL,"2.00","COMPLETED",False,NULL,"{""channels"": {""push"": true, ""email"": true, ""workspace"": true}, ""eventType"": ""TASK_COMPLETED"", ""jobTypeCode"": ""FULL_FLEX"", ""jobTypeName"": ""Full Job – Flex Printing"", ""processCode"": ""PACK"", ""printingMode"": ""FLEX"", ""isFullProcess"": true, ""isOutsourceJob"": false, ""isSingleProcess"": false, ""isInhouseMaterial"": true, ""isCustomerMaterial"": false, ""allowAdvancePayment"": true, ""requireCostingApproval"": true}","{""model"": ""agentic-workspace-v1"", ""enabled"": true, ""purpose"": ""process-work-guidance""}","{""seededFrom"": ""mst_process + mst_job_type + mst_department"", ""taskTypeLogic"": ""process.isapprovalrequired + client approval + job-type nature"", ""partyRoutingDepartment"": 9999}","NORMAL",True,True,274,"SYSTEM","2026-04-16 08:57:33.887592",NULL,"2026-04-16 08:57:33.887592"
"1965",1004,"FULL_FLEX",28,28,"LOAD","LOAD","1013","PROC_START","Loading Started",NULL,0,"INTERNAL",True,False,False,False,False,False,False,False,False,True,True,False,"P_LOAD","[FULL_FLEX] Loading [PROC_START] - {job_no}","Process: Loading (LOAD)
Event: PROC_START
Job No: {job_no}
Work Note: Update step status and part-wise completion in workspace.","2.00","2.00",NULL,"2.00","PENDING",True,NULL,"{""channels"": {""push"": true, ""email"": true, ""workspace"": true}, ""eventType"": ""PROC_START"", ""jobTypeCode"": ""FULL_FLEX"", ""jobTypeName"": ""Full Job – Flex Printing"", ""processCode"": ""LOAD"", ""printingMode"": ""FLEX"", ""isFullProcess"": true, ""isOutsourceJob"": false, ""isSingleProcess"": false, ""isInhouseMaterial"": true, ""isCustomerMaterial"": false, ""allowAdvancePayment"": true, ""requireCostingApproval"": true}","{""model"": ""agentic-workspace-v1"", ""enabled"": true, ""purpose"": ""process-work-guidance""}","{""seededFrom"": ""mst_process + mst_job_type + mst_department"", ""taskTypeLogic"": ""process.isapprovalrequired + client approval + job-type nature"", ""partyRoutingDepartment"": 9999}","NORMAL",True,True,281,"SYSTEM","2026-04-16 08:57:33.887592",NULL,"2026-04-16 08:57:33.887592"
"1966",1004,"FULL_FLEX",28,28,"LOAD","LOAD","1013","TASK_ASSIGNED","Loading Assigned",NULL,0,"INTERNAL",True,False,False,False,False,False,False,False,False,True,True,False,"P_LOAD","[FULL_FLEX] Loading [TASK_ASSIGNED] - {job_no}","Process: Loading (LOAD)
Event: TASK_ASSIGNED
Job No: {job_no}
Work Note: Update step status and part-wise completion in workspace.","2.00","2.00",NULL,"2.00","PENDING",True,NULL,"{""channels"": {""push"": true, ""email"": true, ""workspace"": true}, ""eventType"": ""TASK_ASSIGNED"", ""jobTypeCode"": ""FULL_FLEX"", ""jobTypeName"": ""Full Job – Flex Printing"", ""processCode"": ""LOAD"", ""printingMode"": ""FLEX"", ""isFullProcess"": true, ""isOutsourceJob"": false, ""isSingleProcess"": false, ""isInhouseMaterial"": true, ""isCustomerMaterial"": false, ""allowAdvancePayment"": true, ""requireCostingApproval"": true}","{""model"": ""agentic-workspace-v1"", ""enabled"": true, ""purpose"": ""process-work-guidance""}","{""seededFrom"": ""mst_process + mst_job_type + mst_department"", ""taskTypeLogic"": ""process.isapprovalrequired + client approval + job-type nature"", ""partyRoutingDepartment"": 9999}","NORMAL",True,True,282,"SYSTEM","2026-04-16 08:57:33.887592",NULL,"2026-04-16 08:57:33.887592"
"1967",1004,"FULL_FLEX",28,28,"LOAD","LOAD","1013","TASK_OVERDUE","Loading Overdue",NULL,0,"INTERNAL",True,False,False,False,False,False,False,False,False,True,True,False,"P_LOAD","[FULL_FLEX] Loading [TASK_OVERDUE] - {job_no}","Process: Loading (LOAD)
Event: TASK_OVERDUE
Job No: {job_no}
Work Note: Update step status and part-wise completion in workspace.","2.00","2.00",NULL,"2.00","OVERDUE",False,NULL,"{""channels"": {""push"": true, ""email"": true, ""workspace"": true}, ""eventType"": ""TASK_OVERDUE"", ""jobTypeCode"": ""FULL_FLEX"", ""jobTypeName"": ""Full Job – Flex Printing"", ""processCode"": ""LOAD"", ""printingMode"": ""FLEX"", ""isFullProcess"": true, ""isOutsourceJob"": false, ""isSingleProcess"": false, ""isInhouseMaterial"": true, ""isCustomerMaterial"": false, ""allowAdvancePayment"": true, ""requireCostingApproval"": true}","{""model"": ""agentic-workspace-v1"", ""enabled"": true, ""purpose"": ""process-work-guidance""}","{""seededFrom"": ""mst_process + mst_job_type + mst_department"", ""taskTypeLogic"": ""process.isapprovalrequired + client approval + job-type nature"", ""partyRoutingDepartment"": 9999}","NORMAL",True,True,283,"SYSTEM","2026-04-16 08:57:33.887592",NULL,"2026-04-16 08:57:33.887592"
"1968",1004,"FULL_FLEX",28,28,"LOAD","LOAD","1013","TASK_COMPLETED","Loading Completed",NULL,0,"INTERNAL",True,False,False,False,False,False,False,False,False,True,True,False,"P_LOAD","[FULL_FLEX] Loading [TASK_COMPLETED] - {job_no}","Process: Loading (LOAD)
Event: TASK_COMPLETED
Job No: {job_no}
Work Note: Update step status and part-wise completion in workspace.","2.00","2.00",NULL,"2.00","COMPLETED",False,NULL,"{""channels"": {""push"": true, ""email"": true, ""workspace"": true}, ""eventType"": ""TASK_COMPLETED"", ""jobTypeCode"": ""FULL_FLEX"", ""jobTypeName"": ""Full Job – Flex Printing"", ""processCode"": ""LOAD"", ""printingMode"": ""FLEX"", ""isFullProcess"": true, ""isOutsourceJob"": false, ""isSingleProcess"": false, ""isInhouseMaterial"": true, ""isCustomerMaterial"": false, ""allowAdvancePayment"": true, ""requireCostingApproval"": true}","{""model"": ""agentic-workspace-v1"", ""enabled"": true, ""purpose"": ""process-work-guidance""}","{""seededFrom"": ""mst_process + mst_job_type + mst_department"", ""taskTypeLogic"": ""process.isapprovalrequired + client approval + job-type nature"", ""partyRoutingDepartment"": 9999}","NORMAL",True,True,284,"SYSTEM","2026-04-16 08:57:33.887592",NULL,"2026-04-16 08:57:33.887592"
"1969",1004,"FULL_FLEX",29,29,"CHALLAN","CHALLAN","1004","PROC_START","Delivery Challan Started",NULL,1,"INTERNAL",True,True,False,True,False,False,False,False,False,True,True,False,"P_CHALLAN","[FULL_FLEX] Challan [PROC_START] - {job_no}","Process: Delivery Challan (CHALLAN)
Event: PROC_START
Job No: {job_no}
Work Note: Update step status and part-wise completion in workspace.","2.00","1.00","DEPT_HEAD","2.00","PENDING",True,NULL,"{""channels"": {""push"": true, ""email"": true, ""workspace"": true}, ""eventType"": ""PROC_START"", ""jobTypeCode"": ""FULL_FLEX"", ""jobTypeName"": ""Full Job – Flex Printing"", ""processCode"": ""CHALLAN"", ""printingMode"": ""FLEX"", ""isFullProcess"": true, ""isOutsourceJob"": false, ""isSingleProcess"": false, ""isInhouseMaterial"": true, ""isCustomerMaterial"": false, ""allowAdvancePayment"": true, ""requireCostingApproval"": true}","{""model"": ""agentic-workspace-v1"", ""enabled"": true, ""purpose"": ""process-work-guidance""}","{""seededFrom"": ""mst_process + mst_job_type + mst_department"", ""taskTypeLogic"": ""process.isapprovalrequired + client approval + job-type nature"", ""partyRoutingDepartment"": 9999}","HIGH",True,True,291,"SYSTEM","2026-04-16 08:57:33.887592",NULL,"2026-04-16 08:57:33.887592"
"1970",1004,"FULL_FLEX",29,29,"CHALLAN","CHALLAN","1004","TASK_ASSIGNED","Delivery Challan Assigned",NULL,1,"INTERNAL",True,True,False,True,False,False,False,False,False,True,True,False,"P_CHALLAN","[FULL_FLEX] Challan [TASK_ASSIGNED] - {job_no}","Process: Delivery Challan (CHALLAN)
Event: TASK_ASSIGNED
Job No: {job_no}
Work Note: Update step status and part-wise completion in workspace.","2.00","1.00","DEPT_HEAD","2.00","PENDING",True,NULL,"{""channels"": {""push"": true, ""email"": true, ""workspace"": true}, ""eventType"": ""TASK_ASSIGNED"", ""jobTypeCode"": ""FULL_FLEX"", ""jobTypeName"": ""Full Job – Flex Printing"", ""processCode"": ""CHALLAN"", ""printingMode"": ""FLEX"", ""isFullProcess"": true, ""isOutsourceJob"": false, ""isSingleProcess"": false, ""isInhouseMaterial"": true, ""isCustomerMaterial"": false, ""allowAdvancePayment"": true, ""requireCostingApproval"": true}","{""model"": ""agentic-workspace-v1"", ""enabled"": true, ""purpose"": ""process-work-guidance""}","{""seededFrom"": ""mst_process + mst_job_type + mst_department"", ""taskTypeLogic"": ""process.isapprovalrequired + client approval + job-type nature"", ""partyRoutingDepartment"": 9999}","HIGH",True,True,292,"SYSTEM","2026-04-16 08:57:33.887592",NULL,"2026-04-16 08:57:33.887592"
"1971",1004,"FULL_FLEX",29,29,"CHALLAN","CHALLAN","1004","TASK_OVERDUE","Delivery Challan Overdue",NULL,1,"INTERNAL",True,True,False,True,False,False,False,False,False,True,True,False,"P_CHALLAN","[FULL_FLEX] Challan [TASK_OVERDUE] - {job_no}","Process: Delivery Challan (CHALLAN)
Event: TASK_OVERDUE
Job No: {job_no}
Work Note: Update step status and part-wise completion in workspace.","2.00","1.00","DEPT_HEAD","2.00","OVERDUE",False,NULL,"{""channels"": {""push"": true, ""email"": true, ""workspace"": true}, ""eventType"": ""TASK_OVERDUE"", ""jobTypeCode"": ""FULL_FLEX"", ""jobTypeName"": ""Full Job – Flex Printing"", ""processCode"": ""CHALLAN"", ""printingMode"": ""FLEX"", ""isFullProcess"": true, ""isOutsourceJob"": false, ""isSingleProcess"": false, ""isInhouseMaterial"": true, ""isCustomerMaterial"": false, ""allowAdvancePayment"": true, ""requireCostingApproval"": true}","{""model"": ""agentic-workspace-v1"", ""enabled"": true, ""purpose"": ""process-work-guidance""}","{""seededFrom"": ""mst_process + mst_job_type + mst_department"", ""taskTypeLogic"": ""process.isapprovalrequired + client approval + job-type nature"", ""partyRoutingDepartment"": 9999}","HIGH",True,True,293,"SYSTEM","2026-04-16 08:57:33.887592",NULL,"2026-04-16 08:57:33.887592"
"1972",1004,"FULL_FLEX",29,29,"CHALLAN","CHALLAN","1004","TASK_COMPLETED","Delivery Challan Completed",NULL,1,"INTERNAL",True,True,False,True,False,False,False,False,False,True,True,False,"P_CHALLAN","[FULL_FLEX] Challan [TASK_COMPLETED] - {job_no}","Process: Delivery Challan (CHALLAN)
Event: TASK_COMPLETED
Job No: {job_no}
Work Note: Update step status and part-wise completion in workspace.","2.00","1.00","DEPT_HEAD","2.00","COMPLETED",False,NULL,"{""channels"": {""push"": true, ""email"": true, ""workspace"": true}, ""eventType"": ""TASK_COMPLETED"", ""jobTypeCode"": ""FULL_FLEX"", ""jobTypeName"": ""Full Job – Flex Printing"", ""processCode"": ""CHALLAN"", ""printingMode"": ""FLEX"", ""isFullProcess"": true, ""isOutsourceJob"": false, ""isSingleProcess"": false, ""isInhouseMaterial"": true, ""isCustomerMaterial"": false, ""allowAdvancePayment"": true, ""requireCostingApproval"": true}","{""model"": ""agentic-workspace-v1"", ""enabled"": true, ""purpose"": ""process-work-guidance""}","{""seededFrom"": ""mst_process + mst_job_type + mst_department"", ""taskTypeLogic"": ""process.isapprovalrequired + client approval + job-type nature"", ""partyRoutingDepartment"": 9999}","HIGH",True,True,294,"SYSTEM","2026-04-16 08:57:33.887592",NULL,"2026-04-16 08:57:33.887592"
"1973",1004,"FULL_FLEX",30,30,"GATE_PASS","GATE_PASS","1018","PROC_START","Gate Pass Started",NULL,1,"INTERNAL",True,True,False,True,False,False,False,False,False,True,True,False,"P_GATE","[FULL_FLEX] Gate Pass [PROC_START] - {job_no}","Process: Gate Pass (GATE_PASS)
Event: PROC_START
Job No: {job_no}
Work Note: Update step status and part-wise completion in workspace.","1.00","1.00","DEPT_HEAD","2.00","PENDING",True,NULL,"{""channels"": {""push"": true, ""email"": true, ""workspace"": true}, ""eventType"": ""PROC_START"", ""jobTypeCode"": ""FULL_FLEX"", ""jobTypeName"": ""Full Job – Flex Printing"", ""processCode"": ""GATE_PASS"", ""printingMode"": ""FLEX"", ""isFullProcess"": true, ""isOutsourceJob"": false, ""isSingleProcess"": false, ""isInhouseMaterial"": true, ""isCustomerMaterial"": false, ""allowAdvancePayment"": true, ""requireCostingApproval"": true}","{""model"": ""agentic-workspace-v1"", ""enabled"": true, ""purpose"": ""process-work-guidance""}","{""seededFrom"": ""mst_process + mst_job_type + mst_department"", ""taskTypeLogic"": ""process.isapprovalrequired + client approval + job-type nature"", ""partyRoutingDepartment"": 9999}","HIGH",True,True,301,"SYSTEM","2026-04-16 08:57:33.887592",NULL,"2026-04-16 08:57:33.887592"
"1974",1004,"FULL_FLEX",30,30,"GATE_PASS","GATE_PASS","1018","TASK_ASSIGNED","Gate Pass Assigned",NULL,1,"INTERNAL",True,True,False,True,False,False,False,False,False,True,True,False,"P_GATE","[FULL_FLEX] Gate Pass [TASK_ASSIGNED] - {job_no}","Process: Gate Pass (GATE_PASS)
Event: TASK_ASSIGNED
Job No: {job_no}
Work Note: Update step status and part-wise completion in workspace.","1.00","1.00","DEPT_HEAD","2.00","PENDING",True,NULL,"{""channels"": {""push"": true, ""email"": true, ""workspace"": true}, ""eventType"": ""TASK_ASSIGNED"", ""jobTypeCode"": ""FULL_FLEX"", ""jobTypeName"": ""Full Job – Flex Printing"", ""processCode"": ""GATE_PASS"", ""printingMode"": ""FLEX"", ""isFullProcess"": true, ""isOutsourceJob"": false, ""isSingleProcess"": false, ""isInhouseMaterial"": true, ""isCustomerMaterial"": false, ""allowAdvancePayment"": true, ""requireCostingApproval"": true}","{""model"": ""agentic-workspace-v1"", ""enabled"": true, ""purpose"": ""process-work-guidance""}","{""seededFrom"": ""mst_process + mst_job_type + mst_department"", ""taskTypeLogic"": ""process.isapprovalrequired + client approval + job-type nature"", ""partyRoutingDepartment"": 9999}","HIGH",True,True,302,"SYSTEM","2026-04-16 08:57:33.887592",NULL,"2026-04-16 08:57:33.887592"
"1975",1004,"FULL_FLEX",30,30,"GATE_PASS","GATE_PASS","1018","TASK_OVERDUE","Gate Pass Overdue",NULL,1,"INTERNAL",True,True,False,True,False,False,False,False,False,True,True,False,"P_GATE","[FULL_FLEX] Gate Pass [TASK_OVERDUE] - {job_no}","Process: Gate Pass (GATE_PASS)
Event: TASK_OVERDUE
Job No: {job_no}
Work Note: Update step status and part-wise completion in workspace.","1.00","1.00","DEPT_HEAD","2.00","OVERDUE",False,NULL,"{""channels"": {""push"": true, ""email"": true, ""workspace"": true}, ""eventType"": ""TASK_OVERDUE"", ""jobTypeCode"": ""FULL_FLEX"", ""jobTypeName"": ""Full Job – Flex Printing"", ""processCode"": ""GATE_PASS"", ""printingMode"": ""FLEX"", ""isFullProcess"": true, ""isOutsourceJob"": false, ""isSingleProcess"": false, ""isInhouseMaterial"": true, ""isCustomerMaterial"": false, ""allowAdvancePayment"": true, ""requireCostingApproval"": true}","{""model"": ""agentic-workspace-v1"", ""enabled"": true, ""purpose"": ""process-work-guidance""}","{""seededFrom"": ""mst_process + mst_job_type + mst_department"", ""taskTypeLogic"": ""process.isapprovalrequired + client approval + job-type nature"", ""partyRoutingDepartment"": 9999}","HIGH",True,True,303,"SYSTEM","2026-04-16 08:57:33.887592",NULL,"2026-04-16 08:57:33.887592"
"1976",1004,"FULL_FLEX",30,30,"GATE_PASS","GATE_PASS","1018","TASK_COMPLETED","Gate Pass Completed",NULL,1,"INTERNAL",True,True,False,True,False,False,False,False,False,True,True,False,"P_GATE","[FULL_FLEX] Gate Pass [TASK_COMPLETED] - {job_no}","Process: Gate Pass (GATE_PASS)
Event: TASK_COMPLETED
Job No: {job_no}
Work Note: Update step status and part-wise completion in workspace.","1.00","1.00","DEPT_HEAD","2.00","COMPLETED",False,NULL,"{""channels"": {""push"": true, ""email"": true, ""workspace"": true}, ""eventType"": ""TASK_COMPLETED"", ""jobTypeCode"": ""FULL_FLEX"", ""jobTypeName"": ""Full Job – Flex Printing"", ""processCode"": ""GATE_PASS"", ""printingMode"": ""FLEX"", ""isFullProcess"": true, ""isOutsourceJob"": false, ""isSingleProcess"": false, ""isInhouseMaterial"": true, ""isCustomerMaterial"": false, ""allowAdvancePayment"": true, ""requireCostingApproval"": true}","{""model"": ""agentic-workspace-v1"", ""enabled"": true, ""purpose"": ""process-work-guidance""}","{""seededFrom"": ""mst_process + mst_job_type + mst_department"", ""taskTypeLogic"": ""process.isapprovalrequired + client approval + job-type nature"", ""partyRoutingDepartment"": 9999}","HIGH",True,True,304,"SYSTEM","2026-04-16 08:57:33.887592",NULL,"2026-04-16 08:57:33.887592"
"1977",1004,"FULL_FLEX",31,31,"DISPATCH","DISPATCH","1013","PROC_START","Dispatch Started",NULL,0,"INTERNAL",True,False,False,False,False,False,False,False,False,True,True,False,"P_DISPATCH","[FULL_FLEX] Dispatch [PROC_START] - {job_no}","Process: Dispatch (DISPATCH)
Event: PROC_START
Job No: {job_no}
Work Note: Update step status and part-wise completion in workspace.","2.00","1.00",NULL,"2.00","PENDING",True,NULL,"{""channels"": {""push"": true, ""email"": true, ""workspace"": true}, ""eventType"": ""PROC_START"", ""jobTypeCode"": ""FULL_FLEX"", ""jobTypeName"": ""Full Job – Flex Printing"", ""processCode"": ""DISPATCH"", ""printingMode"": ""FLEX"", ""isFullProcess"": true, ""isOutsourceJob"": false, ""isSingleProcess"": false, ""isInhouseMaterial"": true, ""isCustomerMaterial"": false, ""allowAdvancePayment"": true, ""requireCostingApproval"": true}","{""model"": ""agentic-workspace-v1"", ""enabled"": true, ""purpose"": ""process-work-guidance""}","{""seededFrom"": ""mst_process + mst_job_type + mst_department"", ""taskTypeLogic"": ""process.isapprovalrequired + client approval + job-type nature"", ""partyRoutingDepartment"": 9999}","NORMAL",True,True,311,"SYSTEM","2026-04-16 08:57:33.887592",NULL,"2026-04-16 08:57:33.887592"
"1978",1004,"FULL_FLEX",31,31,"DISPATCH","DISPATCH","1013","TASK_ASSIGNED","Dispatch Assigned",NULL,0,"INTERNAL",True,False,False,False,False,False,False,False,False,True,True,False,"P_DISPATCH","[FULL_FLEX] Dispatch [TASK_ASSIGNED] - {job_no}","Process: Dispatch (DISPATCH)
Event: TASK_ASSIGNED
Job No: {job_no}
Work Note: Update step status and part-wise completion in workspace.","2.00","1.00",NULL,"2.00","PENDING",True,NULL,"{""channels"": {""push"": true, ""email"": true, ""workspace"": true}, ""eventType"": ""TASK_ASSIGNED"", ""jobTypeCode"": ""FULL_FLEX"", ""jobTypeName"": ""Full Job – Flex Printing"", ""processCode"": ""DISPATCH"", ""printingMode"": ""FLEX"", ""isFullProcess"": true, ""isOutsourceJob"": false, ""isSingleProcess"": false, ""isInhouseMaterial"": true, ""isCustomerMaterial"": false, ""allowAdvancePayment"": true, ""requireCostingApproval"": true}","{""model"": ""agentic-workspace-v1"", ""enabled"": true, ""purpose"": ""process-work-guidance""}","{""seededFrom"": ""mst_process + mst_job_type + mst_department"", ""taskTypeLogic"": ""process.isapprovalrequired + client approval + job-type nature"", ""partyRoutingDepartment"": 9999}","NORMAL",True,True,312,"SYSTEM","2026-04-16 08:57:33.887592",NULL,"2026-04-16 08:57:33.887592"
"1979",1004,"FULL_FLEX",31,31,"DISPATCH","DISPATCH","1013","TASK_OVERDUE","Dispatch Overdue",NULL,0,"INTERNAL",True,False,False,False,False,False,False,False,False,True,True,False,"P_DISPATCH","[FULL_FLEX] Dispatch [TASK_OVERDUE] - {job_no}","Process: Dispatch (DISPATCH)
Event: TASK_OVERDUE
Job No: {job_no}
Work Note: Update step status and part-wise completion in workspace.","2.00","1.00",NULL,"2.00","OVERDUE",False,NULL,"{""channels"": {""push"": true, ""email"": true, ""workspace"": true}, ""eventType"": ""TASK_OVERDUE"", ""jobTypeCode"": ""FULL_FLEX"", ""jobTypeName"": ""Full Job – Flex Printing"", ""processCode"": ""DISPATCH"", ""printingMode"": ""FLEX"", ""isFullProcess"": true, ""isOutsourceJob"": false, ""isSingleProcess"": false, ""isInhouseMaterial"": true, ""isCustomerMaterial"": false, ""allowAdvancePayment"": true, ""requireCostingApproval"": true}","{""model"": ""agentic-workspace-v1"", ""enabled"": true, ""purpose"": ""process-work-guidance""}","{""seededFrom"": ""mst_process + mst_job_type + mst_department"", ""taskTypeLogic"": ""process.isapprovalrequired + client approval + job-type nature"", ""partyRoutingDepartment"": 9999}","NORMAL",True,True,313,"SYSTEM","2026-04-16 08:57:33.887592",NULL,"2026-04-16 08:57:33.887592"
"1980",1004,"FULL_FLEX",31,31,"DISPATCH","DISPATCH","1013","TASK_COMPLETED","Dispatch Completed",NULL,0,"INTERNAL",True,False,False,False,False,False,False,False,False,True,True,False,"P_DISPATCH","[FULL_FLEX] Dispatch [TASK_COMPLETED] - {job_no}","Process: Dispatch (DISPATCH)
Event: TASK_COMPLETED
Job No: {job_no}
Work Note: Update step status and part-wise completion in workspace.","2.00","1.00",NULL,"2.00","COMPLETED",False,NULL,"{""channels"": {""push"": true, ""email"": true, ""workspace"": true}, ""eventType"": ""TASK_COMPLETED"", ""jobTypeCode"": ""FULL_FLEX"", ""jobTypeName"": ""Full Job – Flex Printing"", ""processCode"": ""DISPATCH"", ""printingMode"": ""FLEX"", ""isFullProcess"": true, ""isOutsourceJob"": false, ""isSingleProcess"": false, ""isInhouseMaterial"": true, ""isCustomerMaterial"": false, ""allowAdvancePayment"": true, ""requireCostingApproval"": true}","{""model"": ""agentic-workspace-v1"", ""enabled"": true, ""purpose"": ""process-work-guidance""}","{""seededFrom"": ""mst_process + mst_job_type + mst_department"", ""taskTypeLogic"": ""process.isapprovalrequired + client approval + job-type nature"", ""partyRoutingDepartment"": 9999}","NORMAL",True,True,314,"SYSTEM","2026-04-16 08:57:33.887592",NULL,"2026-04-16 08:57:33.887592"
"1981",1005,"FULL_UV",2,2,"ENQ_JOB","ENQ_JOB","9999","PROC_START","Enquiry Creation Started",NULL,1,"PARTY",True,True,False,True,False,True,True,False,False,True,True,False,"P_ENQ_JOB","[FULL_UV] Enquiry Workflow [PROC_START] - {job_no}","Process: Enquiry Creation (ENQ_JOB)
Event: PROC_START
Job No: {job_no}
Work Note: Update step status and part-wise completion in workspace.","2.00","2.00","DEPT_HEAD","2.00","PENDING",True,NULL,"{""channels"": {""push"": true, ""email"": true, ""workspace"": true}, ""eventType"": ""PROC_START"", ""jobTypeCode"": ""FULL_UV"", ""jobTypeName"": ""Full Job – UV Printing"", ""processCode"": ""ENQ_JOB"", ""printingMode"": ""UV"", ""isFullProcess"": true, ""isOutsourceJob"": false, ""isSingleProcess"": false, ""isInhouseMaterial"": true, ""isCustomerMaterial"": false, ""allowAdvancePayment"": true, ""requireCostingApproval"": true}","{""model"": ""agentic-workspace-v1"", ""enabled"": true, ""purpose"": ""process-work-guidance""}","{""seededFrom"": ""mst_process + mst_job_type + mst_department"", ""taskTypeLogic"": ""process.isapprovalrequired + client approval + job-type nature"", ""partyRoutingDepartment"": 9999}","HIGH",True,True,21,"SYSTEM","2026-04-16 08:57:33.887592",NULL,"2026-04-16 08:57:33.887592"
"1982",1005,"FULL_UV",2,2,"ENQ_JOB","ENQ_JOB","9999","TASK_ASSIGNED","Enquiry Creation Assigned",NULL,1,"PARTY",True,True,False,True,False,True,True,False,False,True,True,False,"P_ENQ_JOB","[FULL_UV] Enquiry Workflow [TASK_ASSIGNED] - {job_no}","Process: Enquiry Creation (ENQ_JOB)
Event: TASK_ASSIGNED
Job No: {job_no}
Work Note: Update step status and part-wise completion in workspace.","2.00","2.00","DEPT_HEAD","2.00","PENDING",True,NULL,"{""channels"": {""push"": true, ""email"": true, ""workspace"": true}, ""eventType"": ""TASK_ASSIGNED"", ""jobTypeCode"": ""FULL_UV"", ""jobTypeName"": ""Full Job – UV Printing"", ""processCode"": ""ENQ_JOB"", ""printingMode"": ""UV"", ""isFullProcess"": true, ""isOutsourceJob"": false, ""isSingleProcess"": false, ""isInhouseMaterial"": true, ""isCustomerMaterial"": false, ""allowAdvancePayment"": true, ""requireCostingApproval"": true}","{""model"": ""agentic-workspace-v1"", ""enabled"": true, ""purpose"": ""process-work-guidance""}","{""seededFrom"": ""mst_process + mst_job_type + mst_department"", ""taskTypeLogic"": ""process.isapprovalrequired + client approval + job-type nature"", ""partyRoutingDepartment"": 9999}","HIGH",True,True,22,"SYSTEM","2026-04-16 08:57:33.887592",NULL,"2026-04-16 08:57:33.887592"
"1983",1005,"FULL_UV",2,2,"ENQ_JOB","ENQ_JOB","9999","TASK_OVERDUE","Enquiry Creation Overdue",NULL,1,"PARTY",True,True,False,True,False,True,True,False,False,True,True,False,"P_ENQ_JOB","[FULL_UV] Enquiry Workflow [TASK_OVERDUE] - {job_no}","Process: Enquiry Creation (ENQ_JOB)
Event: TASK_OVERDUE
Job No: {job_no}
Work Note: Update step status and part-wise completion in workspace.","2.00","2.00","DEPT_HEAD","2.00","OVERDUE",False,NULL,"{""channels"": {""push"": true, ""email"": true, ""workspace"": true}, ""eventType"": ""TASK_OVERDUE"", ""jobTypeCode"": ""FULL_UV"", ""jobTypeName"": ""Full Job – UV Printing"", ""processCode"": ""ENQ_JOB"", ""printingMode"": ""UV"", ""isFullProcess"": true, ""isOutsourceJob"": false, ""isSingleProcess"": false, ""isInhouseMaterial"": true, ""isCustomerMaterial"": false, ""allowAdvancePayment"": true, ""requireCostingApproval"": true}","{""model"": ""agentic-workspace-v1"", ""enabled"": true, ""purpose"": ""process-work-guidance""}","{""seededFrom"": ""mst_process + mst_job_type + mst_department"", ""taskTypeLogic"": ""process.isapprovalrequired + client approval + job-type nature"", ""partyRoutingDepartment"": 9999}","HIGH",True,True,23,"SYSTEM","2026-04-16 08:57:33.887592",NULL,"2026-04-16 08:57:33.887592"
"1984",1005,"FULL_UV",2,2,"ENQ_JOB","ENQ_JOB","9999","TASK_COMPLETED","Enquiry Creation Completed",NULL,1,"PARTY",True,True,False,True,False,True,True,False,False,True,True,False,"P_ENQ_JOB","[FULL_UV] Enquiry Workflow [TASK_COMPLETED] - {job_no}","Process: Enquiry Creation (ENQ_JOB)
Event: TASK_COMPLETED
Job No: {job_no}
Work Note: Update step status and part-wise completion in workspace.","2.00","2.00","DEPT_HEAD","2.00","COMPLETED",False,NULL,"{""channels"": {""push"": true, ""email"": true, ""workspace"": true}, ""eventType"": ""TASK_COMPLETED"", ""jobTypeCode"": ""FULL_UV"", ""jobTypeName"": ""Full Job – UV Printing"", ""processCode"": ""ENQ_JOB"", ""printingMode"": ""UV"", ""isFullProcess"": true, ""isOutsourceJob"": false, ""isSingleProcess"": false, ""isInhouseMaterial"": true, ""isCustomerMaterial"": false, ""allowAdvancePayment"": true, ""requireCostingApproval"": true}","{""model"": ""agentic-workspace-v1"", ""enabled"": true, ""purpose"": ""process-work-guidance""}","{""seededFrom"": ""mst_process + mst_job_type + mst_department"", ""taskTypeLogic"": ""process.isapprovalrequired + client approval + job-type nature"", ""partyRoutingDepartment"": 9999}","HIGH",True,True,24,"SYSTEM","2026-04-16 08:57:33.887592",NULL,"2026-04-16 08:57:33.887592"
"1985",1005,"FULL_UV",3,3,"ENQ_EST","ENQ_EST","1008","PROC_START","Estimation / Costing Started",NULL,1,"INTERNAL",True,True,False,True,False,False,False,False,False,True,True,False,"P_EST","[FULL_UV] Estimation [PROC_START] - {job_no}","Process: Estimation / Costing (ENQ_EST)
Event: PROC_START
Job No: {job_no}
Work Note: Update step status and part-wise completion in workspace.","6.00","2.00","DEPT_HEAD","2.00","PENDING",True,NULL,"{""channels"": {""push"": true, ""email"": true, ""workspace"": true}, ""eventType"": ""PROC_START"", ""jobTypeCode"": ""FULL_UV"", ""jobTypeName"": ""Full Job – UV Printing"", ""processCode"": ""ENQ_EST"", ""printingMode"": ""UV"", ""isFullProcess"": true, ""isOutsourceJob"": false, ""isSingleProcess"": false, ""isInhouseMaterial"": true, ""isCustomerMaterial"": false, ""allowAdvancePayment"": true, ""requireCostingApproval"": true}","{""model"": ""agentic-workspace-v1"", ""enabled"": true, ""purpose"": ""process-work-guidance""}","{""seededFrom"": ""mst_process + mst_job_type + mst_department"", ""taskTypeLogic"": ""process.isapprovalrequired + client approval + job-type nature"", ""partyRoutingDepartment"": 9999}","HIGH",True,True,31,"SYSTEM","2026-04-16 08:57:33.887592",NULL,"2026-04-16 08:57:33.887592"
"1986",1005,"FULL_UV",3,3,"ENQ_EST","ENQ_EST","1008","TASK_ASSIGNED","Estimation / Costing Assigned",NULL,1,"INTERNAL",True,True,False,True,False,False,False,False,False,True,True,False,"P_EST","[FULL_UV] Estimation [TASK_ASSIGNED] - {job_no}","Process: Estimation / Costing (ENQ_EST)
Event: TASK_ASSIGNED
Job No: {job_no}
Work Note: Update step status and part-wise completion in workspace.","6.00","2.00","DEPT_HEAD","2.00","PENDING",True,NULL,"{""channels"": {""push"": true, ""email"": true, ""workspace"": true}, ""eventType"": ""TASK_ASSIGNED"", ""jobTypeCode"": ""FULL_UV"", ""jobTypeName"": ""Full Job – UV Printing"", ""processCode"": ""ENQ_EST"", ""printingMode"": ""UV"", ""isFullProcess"": true, ""isOutsourceJob"": false, ""isSingleProcess"": false, ""isInhouseMaterial"": true, ""isCustomerMaterial"": false, ""allowAdvancePayment"": true, ""requireCostingApproval"": true}","{""model"": ""agentic-workspace-v1"", ""enabled"": true, ""purpose"": ""process-work-guidance""}","{""seededFrom"": ""mst_process + mst_job_type + mst_department"", ""taskTypeLogic"": ""process.isapprovalrequired + client approval + job-type nature"", ""partyRoutingDepartment"": 9999}","HIGH",True,True,32,"SYSTEM","2026-04-16 08:57:33.887592",NULL,"2026-04-16 08:57:33.887592"
"1987",1005,"FULL_UV",3,3,"ENQ_EST","ENQ_EST","1008","TASK_OVERDUE","Estimation / Costing Overdue",NULL,1,"INTERNAL",True,True,False,True,False,False,False,False,False,True,True,False,"P_EST","[FULL_UV] Estimation [TASK_OVERDUE] - {job_no}","Process: Estimation / Costing (ENQ_EST)
Event: TASK_OVERDUE
Job No: {job_no}
Work Note: Update step status and part-wise completion in workspace.","6.00","2.00","DEPT_HEAD","2.00","OVERDUE",False,NULL,"{""channels"": {""push"": true, ""email"": true, ""workspace"": true}, ""eventType"": ""TASK_OVERDUE"", ""jobTypeCode"": ""FULL_UV"", ""jobTypeName"": ""Full Job – UV Printing"", ""processCode"": ""ENQ_EST"", ""printingMode"": ""UV"", ""isFullProcess"": true, ""isOutsourceJob"": false, ""isSingleProcess"": false, ""isInhouseMaterial"": true, ""isCustomerMaterial"": false, ""allowAdvancePayment"": true, ""requireCostingApproval"": true}","{""model"": ""agentic-workspace-v1"", ""enabled"": true, ""purpose"": ""process-work-guidance""}","{""seededFrom"": ""mst_process + mst_job_type + mst_department"", ""taskTypeLogic"": ""process.isapprovalrequired + client approval + job-type nature"", ""partyRoutingDepartment"": 9999}","HIGH",True,True,33,"SYSTEM","2026-04-16 08:57:33.887592",NULL,"2026-04-16 08:57:33.887592"
"1988",1005,"FULL_UV",3,3,"ENQ_EST","ENQ_EST","1008","TASK_COMPLETED","Estimation / Costing Completed",NULL,1,"INTERNAL",True,True,False,True,False,False,False,False,False,True,True,False,"P_EST","[FULL_UV] Estimation [TASK_COMPLETED] - {job_no}","Process: Estimation / Costing (ENQ_EST)
Event: TASK_COMPLETED
Job No: {job_no}
Work Note: Update step status and part-wise completion in workspace.","6.00","2.00","DEPT_HEAD","2.00","COMPLETED",False,NULL,"{""channels"": {""push"": true, ""email"": true, ""workspace"": true}, ""eventType"": ""TASK_COMPLETED"", ""jobTypeCode"": ""FULL_UV"", ""jobTypeName"": ""Full Job – UV Printing"", ""processCode"": ""ENQ_EST"", ""printingMode"": ""UV"", ""isFullProcess"": true, ""isOutsourceJob"": false, ""isSingleProcess"": false, ""isInhouseMaterial"": true, ""isCustomerMaterial"": false, ""allowAdvancePayment"": true, ""requireCostingApproval"": true}","{""model"": ""agentic-workspace-v1"", ""enabled"": true, ""purpose"": ""process-work-guidance""}","{""seededFrom"": ""mst_process + mst_job_type + mst_department"", ""taskTypeLogic"": ""process.isapprovalrequired + client approval + job-type nature"", ""partyRoutingDepartment"": 9999}","HIGH",True,True,34,"SYSTEM","2026-04-16 08:57:33.887592",NULL,"2026-04-16 08:57:33.887592"
"1989",1005,"FULL_UV",4,4,"QUOT","QUOT","9999","PROC_START","Quotation Generation Started",NULL,1,"PARTY",True,True,False,True,False,True,True,False,False,True,True,False,"P_QUOT","[FULL_UV] Quotation [PROC_START] - {job_no}","Process: Quotation Generation (QUOT)
Event: PROC_START
Job No: {job_no}
Work Note: Update step status and part-wise completion in workspace.","4.00","2.00","DEPT_HEAD","2.00","PENDING",True,NULL,"{""channels"": {""push"": true, ""email"": true, ""workspace"": true}, ""eventType"": ""PROC_START"", ""jobTypeCode"": ""FULL_UV"", ""jobTypeName"": ""Full Job – UV Printing"", ""processCode"": ""QUOT"", ""printingMode"": ""UV"", ""isFullProcess"": true, ""isOutsourceJob"": false, ""isSingleProcess"": false, ""isInhouseMaterial"": true, ""isCustomerMaterial"": false, ""allowAdvancePayment"": true, ""requireCostingApproval"": true}","{""model"": ""agentic-workspace-v1"", ""enabled"": true, ""purpose"": ""process-work-guidance""}","{""seededFrom"": ""mst_process + mst_job_type + mst_department"", ""taskTypeLogic"": ""process.isapprovalrequired + client approval + job-type nature"", ""partyRoutingDepartment"": 9999}","HIGH",True,True,41,"SYSTEM","2026-04-16 08:57:33.887592",NULL,"2026-04-16 08:57:33.887592"
"1990",1005,"FULL_UV",4,4,"QUOT","QUOT","9999","TASK_ASSIGNED","Quotation Generation Assigned",NULL,1,"PARTY",True,True,False,True,False,True,True,False,False,True,True,False,"P_QUOT","[FULL_UV] Quotation [TASK_ASSIGNED] - {job_no}","Process: Quotation Generation (QUOT)
Event: TASK_ASSIGNED
Job No: {job_no}
Work Note: Update step status and part-wise completion in workspace.","4.00","2.00","DEPT_HEAD","2.00","PENDING",True,NULL,"{""channels"": {""push"": true, ""email"": true, ""workspace"": true}, ""eventType"": ""TASK_ASSIGNED"", ""jobTypeCode"": ""FULL_UV"", ""jobTypeName"": ""Full Job – UV Printing"", ""processCode"": ""QUOT"", ""printingMode"": ""UV"", ""isFullProcess"": true, ""isOutsourceJob"": false, ""isSingleProcess"": false, ""isInhouseMaterial"": true, ""isCustomerMaterial"": false, ""allowAdvancePayment"": true, ""requireCostingApproval"": true}","{""model"": ""agentic-workspace-v1"", ""enabled"": true, ""purpose"": ""process-work-guidance""}","{""seededFrom"": ""mst_process + mst_job_type + mst_department"", ""taskTypeLogic"": ""process.isapprovalrequired + client approval + job-type nature"", ""partyRoutingDepartment"": 9999}","HIGH",True,True,42,"SYSTEM","2026-04-16 08:57:33.887592",NULL,"2026-04-16 08:57:33.887592"
"1991",1005,"FULL_UV",4,4,"QUOT","QUOT","9999","TASK_OVERDUE","Quotation Generation Overdue",NULL,1,"PARTY",True,True,False,True,False,True,True,False,False,True,True,False,"P_QUOT","[FULL_UV] Quotation [TASK_OVERDUE] - {job_no}","Process: Quotation Generation (QUOT)
Event: TASK_OVERDUE
Job No: {job_no}
Work Note: Update step status and part-wise completion in workspace.","4.00","2.00","DEPT_HEAD","2.00","OVERDUE",False,NULL,"{""channels"": {""push"": true, ""email"": true, ""workspace"": true}, ""eventType"": ""TASK_OVERDUE"", ""jobTypeCode"": ""FULL_UV"", ""jobTypeName"": ""Full Job – UV Printing"", ""processCode"": ""QUOT"", ""printingMode"": ""UV"", ""isFullProcess"": true, ""isOutsourceJob"": false, ""isSingleProcess"": false, ""isInhouseMaterial"": true, ""isCustomerMaterial"": false, ""allowAdvancePayment"": true, ""requireCostingApproval"": true}","{""model"": ""agentic-workspace-v1"", ""enabled"": true, ""purpose"": ""process-work-guidance""}","{""seededFrom"": ""mst_process + mst_job_type + mst_department"", ""taskTypeLogic"": ""process.isapprovalrequired + client approval + job-type nature"", ""partyRoutingDepartment"": 9999}","HIGH",True,True,43,"SYSTEM","2026-04-16 08:57:33.887592",NULL,"2026-04-16 08:57:33.887592"
"1992",1005,"FULL_UV",4,4,"QUOT","QUOT","9999","TASK_COMPLETED","Quotation Generation Completed",NULL,1,"PARTY",True,True,False,True,False,True,True,False,False,True,True,False,"P_QUOT","[FULL_UV] Quotation [TASK_COMPLETED] - {job_no}","Process: Quotation Generation (QUOT)
Event: TASK_COMPLETED
Job No: {job_no}
Work Note: Update step status and part-wise completion in workspace.","4.00","2.00","DEPT_HEAD","2.00","COMPLETED",False,NULL,"{""channels"": {""push"": true, ""email"": true, ""workspace"": true}, ""eventType"": ""TASK_COMPLETED"", ""jobTypeCode"": ""FULL_UV"", ""jobTypeName"": ""Full Job – UV Printing"", ""processCode"": ""QUOT"", ""printingMode"": ""UV"", ""isFullProcess"": true, ""isOutsourceJob"": false, ""isSingleProcess"": false, ""isInhouseMaterial"": true, ""isCustomerMaterial"": false, ""allowAdvancePayment"": true, ""requireCostingApproval"": true}","{""model"": ""agentic-workspace-v1"", ""enabled"": true, ""purpose"": ""process-work-guidance""}","{""seededFrom"": ""mst_process + mst_job_type + mst_department"", ""taskTypeLogic"": ""process.isapprovalrequired + client approval + job-type nature"", ""partyRoutingDepartment"": 9999}","HIGH",True,True,44,"SYSTEM","2026-04-16 08:57:33.887592",NULL,"2026-04-16 08:57:33.887592"
"1993",1005,"FULL_UV",5,5,"QUOT_APPR","QUOT_APPR","1001","PROC_START","Quotation Approval Started",NULL,1,"INTERNAL",True,True,False,True,False,False,False,False,False,True,True,False,"P_QUOT_APPR","[FULL_UV] Quotation Approval [PROC_START] - {job_no}","Process: Quotation Approval (QUOT_APPR)
Event: PROC_START
Job No: {job_no}
Work Note: Update step status and part-wise completion in workspace.","8.00","2.00","DEPT_HEAD","2.00","PENDING",True,NULL,"{""channels"": {""push"": true, ""email"": true, ""workspace"": true}, ""eventType"": ""PROC_START"", ""jobTypeCode"": ""FULL_UV"", ""jobTypeName"": ""Full Job – UV Printing"", ""processCode"": ""QUOT_APPR"", ""printingMode"": ""UV"", ""isFullProcess"": true, ""isOutsourceJob"": false, ""isSingleProcess"": false, ""isInhouseMaterial"": true, ""isCustomerMaterial"": false, ""allowAdvancePayment"": true, ""requireCostingApproval"": true}","{""model"": ""agentic-workspace-v1"", ""enabled"": true, ""purpose"": ""process-work-guidance""}","{""seededFrom"": ""mst_process + mst_job_type + mst_department"", ""taskTypeLogic"": ""process.isapprovalrequired + client approval + job-type nature"", ""partyRoutingDepartment"": 9999}","HIGH",True,True,51,"SYSTEM","2026-04-16 08:57:33.887592",NULL,"2026-04-16 08:57:33.887592"
"1994",1005,"FULL_UV",5,5,"QUOT_APPR","QUOT_APPR","1001","TASK_ASSIGNED","Quotation Approval Assigned",NULL,1,"INTERNAL",True,True,False,True,False,False,False,False,False,True,True,False,"P_QUOT_APPR","[FULL_UV] Quotation Approval [TASK_ASSIGNED] - {job_no}","Process: Quotation Approval (QUOT_APPR)
Event: TASK_ASSIGNED
Job No: {job_no}
Work Note: Update step status and part-wise completion in workspace.","8.00","2.00","DEPT_HEAD","2.00","PENDING",True,NULL,"{""channels"": {""push"": true, ""email"": true, ""workspace"": true}, ""eventType"": ""TASK_ASSIGNED"", ""jobTypeCode"": ""FULL_UV"", ""jobTypeName"": ""Full Job – UV Printing"", ""processCode"": ""QUOT_APPR"", ""printingMode"": ""UV"", ""isFullProcess"": true, ""isOutsourceJob"": false, ""isSingleProcess"": false, ""isInhouseMaterial"": true, ""isCustomerMaterial"": false, ""allowAdvancePayment"": true, ""requireCostingApproval"": true}","{""model"": ""agentic-workspace-v1"", ""enabled"": true, ""purpose"": ""process-work-guidance""}","{""seededFrom"": ""mst_process + mst_job_type + mst_department"", ""taskTypeLogic"": ""process.isapprovalrequired + client approval + job-type nature"", ""partyRoutingDepartment"": 9999}","HIGH",True,True,52,"SYSTEM","2026-04-16 08:57:33.887592",NULL,"2026-04-16 08:57:33.887592"
"1995",1005,"FULL_UV",5,5,"QUOT_APPR","QUOT_APPR","1001","TASK_OVERDUE","Quotation Approval Overdue",NULL,1,"INTERNAL",True,True,False,True,False,False,False,False,False,True,True,False,"P_QUOT_APPR","[FULL_UV] Quotation Approval [TASK_OVERDUE] - {job_no}","Process: Quotation Approval (QUOT_APPR)
Event: TASK_OVERDUE
Job No: {job_no}
Work Note: Update step status and part-wise completion in workspace.","8.00","2.00","DEPT_HEAD","2.00","OVERDUE",False,NULL,"{""channels"": {""push"": true, ""email"": true, ""workspace"": true}, ""eventType"": ""TASK_OVERDUE"", ""jobTypeCode"": ""FULL_UV"", ""jobTypeName"": ""Full Job – UV Printing"", ""processCode"": ""QUOT_APPR"", ""printingMode"": ""UV"", ""isFullProcess"": true, ""isOutsourceJob"": false, ""isSingleProcess"": false, ""isInhouseMaterial"": true, ""isCustomerMaterial"": false, ""allowAdvancePayment"": true, ""requireCostingApproval"": true}","{""model"": ""agentic-workspace-v1"", ""enabled"": true, ""purpose"": ""process-work-guidance""}","{""seededFrom"": ""mst_process + mst_job_type + mst_department"", ""taskTypeLogic"": ""process.isapprovalrequired + client approval + job-type nature"", ""partyRoutingDepartment"": 9999}","HIGH",True,True,53,"SYSTEM","2026-04-16 08:57:33.887592",NULL,"2026-04-16 08:57:33.887592"
"1996",1005,"FULL_UV",5,5,"QUOT_APPR","QUOT_APPR","1001","TASK_COMPLETED","Quotation Approval Completed",NULL,1,"INTERNAL",True,True,False,True,False,False,False,False,False,True,True,False,"P_QUOT_APPR","[FULL_UV] Quotation Approval [TASK_COMPLETED] - {job_no}","Process: Quotation Approval (QUOT_APPR)
Event: TASK_COMPLETED
Job No: {job_no}
Work Note: Update step status and part-wise completion in workspace.","8.00","2.00","DEPT_HEAD","2.00","COMPLETED",False,NULL,"{""channels"": {""push"": true, ""email"": true, ""workspace"": true}, ""eventType"": ""TASK_COMPLETED"", ""jobTypeCode"": ""FULL_UV"", ""jobTypeName"": ""Full Job – UV Printing"", ""processCode"": ""QUOT_APPR"", ""printingMode"": ""UV"", ""isFullProcess"": true, ""isOutsourceJob"": false, ""isSingleProcess"": false, ""isInhouseMaterial"": true, ""isCustomerMaterial"": false, ""allowAdvancePayment"": true, ""requireCostingApproval"": true}","{""model"": ""agentic-workspace-v1"", ""enabled"": true, ""purpose"": ""process-work-guidance""}","{""seededFrom"": ""mst_process + mst_job_type + mst_department"", ""taskTypeLogic"": ""process.isapprovalrequired + client approval + job-type nature"", ""partyRoutingDepartment"": 9999}","HIGH",True,True,54,"SYSTEM","2026-04-16 08:57:33.887592",NULL,"2026-04-16 08:57:33.887592"
"1997",1005,"FULL_UV",6,6,"JOB_CREATE","JOB_CREATE","1007","PROC_START","Job Creation Started",NULL,1,"INTERNAL",True,True,False,True,False,False,False,False,False,True,True,False,"P_JOB_CREATE","[FULL_UV] Job Creation [PROC_START] - {job_no}","Process: Job Creation (JOB_CREATE)
Event: PROC_START
Job No: {job_no}
Work Note: Update step status and part-wise completion in workspace.","2.00","2.00","DEPT_HEAD","2.00","PENDING",True,NULL,"{""channels"": {""push"": true, ""email"": true, ""workspace"": true}, ""eventType"": ""PROC_START"", ""jobTypeCode"": ""FULL_UV"", ""jobTypeName"": ""Full Job – UV Printing"", ""processCode"": ""JOB_CREATE"", ""printingMode"": ""UV"", ""isFullProcess"": true, ""isOutsourceJob"": false, ""isSingleProcess"": false, ""isInhouseMaterial"": true, ""isCustomerMaterial"": false, ""allowAdvancePayment"": true, ""requireCostingApproval"": true}","{""model"": ""agentic-workspace-v1"", ""enabled"": true, ""purpose"": ""process-work-guidance""}","{""seededFrom"": ""mst_process + mst_job_type + mst_department"", ""taskTypeLogic"": ""process.isapprovalrequired + client approval + job-type nature"", ""partyRoutingDepartment"": 9999}","HIGH",True,True,61,"SYSTEM","2026-04-16 08:57:33.887592",NULL,"2026-04-16 08:57:33.887592"
"1998",1005,"FULL_UV",6,6,"JOB_CREATE","JOB_CREATE","1007","TASK_ASSIGNED","Job Creation Assigned",NULL,1,"INTERNAL",True,True,False,True,False,False,False,False,False,True,True,False,"P_JOB_CREATE","[FULL_UV] Job Creation [TASK_ASSIGNED] - {job_no}","Process: Job Creation (JOB_CREATE)
Event: TASK_ASSIGNED
Job No: {job_no}
Work Note: Update step status and part-wise completion in workspace.","2.00","2.00","DEPT_HEAD","2.00","PENDING",True,NULL,"{""channels"": {""push"": true, ""email"": true, ""workspace"": true}, ""eventType"": ""TASK_ASSIGNED"", ""jobTypeCode"": ""FULL_UV"", ""jobTypeName"": ""Full Job – UV Printing"", ""processCode"": ""JOB_CREATE"", ""printingMode"": ""UV"", ""isFullProcess"": true, ""isOutsourceJob"": false, ""isSingleProcess"": false, ""isInhouseMaterial"": true, ""isCustomerMaterial"": false, ""allowAdvancePayment"": true, ""requireCostingApproval"": true}","{""model"": ""agentic-workspace-v1"", ""enabled"": true, ""purpose"": ""process-work-guidance""}","{""seededFrom"": ""mst_process + mst_job_type + mst_department"", ""taskTypeLogic"": ""process.isapprovalrequired + client approval + job-type nature"", ""partyRoutingDepartment"": 9999}","HIGH",True,True,62,"SYSTEM","2026-04-16 08:57:33.887592",NULL,"2026-04-16 08:57:33.887592"
"1999",1005,"FULL_UV",6,6,"JOB_CREATE","JOB_CREATE","1007","TASK_OVERDUE","Job Creation Overdue",NULL,1,"INTERNAL",True,True,False,True,False,False,False,False,False,True,True,False,"P_JOB_CREATE","[FULL_UV] Job Creation [TASK_OVERDUE] - {job_no}","Process: Job Creation (JOB_CREATE)
Event: TASK_OVERDUE
Job No: {job_no}
Work Note: Update step status and part-wise completion in workspace.","2.00","2.00","DEPT_HEAD","2.00","OVERDUE",False,NULL,"{""channels"": {""push"": true, ""email"": true, ""workspace"": true}, ""eventType"": ""TASK_OVERDUE"", ""jobTypeCode"": ""FULL_UV"", ""jobTypeName"": ""Full Job – UV Printing"", ""processCode"": ""JOB_CREATE"", ""printingMode"": ""UV"", ""isFullProcess"": true, ""isOutsourceJob"": false, ""isSingleProcess"": false, ""isInhouseMaterial"": true, ""isCustomerMaterial"": false, ""allowAdvancePayment"": true, ""requireCostingApproval"": true}","{""model"": ""agentic-workspace-v1"", ""enabled"": true, ""purpose"": ""process-work-guidance""}","{""seededFrom"": ""mst_process + mst_job_type + mst_department"", ""taskTypeLogic"": ""process.isapprovalrequired + client approval + job-type nature"", ""partyRoutingDepartment"": 9999}","HIGH",True,True,63,"SYSTEM","2026-04-16 08:57:33.887592",NULL,"2026-04-16 08:57:33.887592"
"2000",1005,"FULL_UV",6,6,"JOB_CREATE","JOB_CREATE","1007","TASK_COMPLETED","Job Creation Completed",NULL,1,"INTERNAL",True,True,False,True,False,False,False,False,False,True,True,False,"P_JOB_CREATE","[FULL_UV] Job Creation [TASK_COMPLETED] - {job_no}","Process: Job Creation (JOB_CREATE)
Event: TASK_COMPLETED
Job No: {job_no}
Work Note: Update step status and part-wise completion in workspace.","2.00","2.00","DEPT_HEAD","2.00","COMPLETED",False,NULL,"{""channels"": {""push"": true, ""email"": true, ""workspace"": true}, ""eventType"": ""TASK_COMPLETED"", ""jobTypeCode"": ""FULL_UV"", ""jobTypeName"": ""Full Job – UV Printing"", ""processCode"": ""JOB_CREATE"", ""printingMode"": ""UV"", ""isFullProcess"": true, ""isOutsourceJob"": false, ""isSingleProcess"": false, ""isInhouseMaterial"": true, ""isCustomerMaterial"": false, ""allowAdvancePayment"": true, ""requireCostingApproval"": true}","{""model"": ""agentic-workspace-v1"", ""enabled"": true, ""purpose"": ""process-work-guidance""}","{""seededFrom"": ""mst_process + mst_job_type + mst_department"", ""taskTypeLogic"": ""process.isapprovalrequired + client approval + job-type nature"", ""partyRoutingDepartment"": 9999}","HIGH",True,True,64,"SYSTEM","2026-04-16 08:57:33.887592",NULL,"2026-04-16 08:57:33.887592"
"2001",1005,"FULL_UV",7,7,"JOB_APPROVAL","JOB_APPROVAL","9999","PROC_START","Job Approval Started",NULL,1,"PARTY",True,True,False,True,False,True,True,False,False,True,True,False,"P_PRE_DES","[FULL_UV] Job Approval [PROC_START] - {job_no}","Process: Job Approval (JOB_APPROVAL)
Event: PROC_START
Job No: {job_no}
Work Note: Update step status and part-wise completion in workspace.","4.00","2.00","DEPT_HEAD","2.00","PENDING",True,NULL,"{""channels"": {""push"": true, ""email"": true, ""workspace"": true}, ""eventType"": ""PROC_START"", ""jobTypeCode"": ""FULL_UV"", ""jobTypeName"": ""Full Job – UV Printing"", ""processCode"": ""JOB_APPROVAL"", ""printingMode"": ""UV"", ""isFullProcess"": true, ""isOutsourceJob"": false, ""isSingleProcess"": false, ""isInhouseMaterial"": true, ""isCustomerMaterial"": false, ""allowAdvancePayment"": true, ""requireCostingApproval"": true}","{""model"": ""agentic-workspace-v1"", ""enabled"": true, ""purpose"": ""process-work-guidance""}","{""seededFrom"": ""mst_process + mst_job_type + mst_department"", ""taskTypeLogic"": ""process.isapprovalrequired + client approval + job-type nature"", ""partyRoutingDepartment"": 9999}","HIGH",False,True,71,"SYSTEM","2026-04-16 08:57:33.887592",NULL,"2026-04-16 08:57:33.887592"
"2002",1005,"FULL_UV",7,7,"JOB_APPROVAL","JOB_APPROVAL","9999","TASK_ASSIGNED","Job Approval Assigned",NULL,1,"PARTY",True,True,False,True,False,True,True,False,False,True,True,False,"P_PRE_DES","[FULL_UV] Job Approval [TASK_ASSIGNED] - {job_no}","Process: Job Approval (JOB_APPROVAL)
Event: TASK_ASSIGNED
Job No: {job_no}
Work Note: Update step status and part-wise completion in workspace.","4.00","2.00","DEPT_HEAD","2.00","PENDING",True,NULL,"{""channels"": {""push"": true, ""email"": true, ""workspace"": true}, ""eventType"": ""TASK_ASSIGNED"", ""jobTypeCode"": ""FULL_UV"", ""jobTypeName"": ""Full Job – UV Printing"", ""processCode"": ""JOB_APPROVAL"", ""printingMode"": ""UV"", ""isFullProcess"": true, ""isOutsourceJob"": false, ""isSingleProcess"": false, ""isInhouseMaterial"": true, ""isCustomerMaterial"": false, ""allowAdvancePayment"": true, ""requireCostingApproval"": true}","{""model"": ""agentic-workspace-v1"", ""enabled"": true, ""purpose"": ""process-work-guidance""}","{""seededFrom"": ""mst_process + mst_job_type + mst_department"", ""taskTypeLogic"": ""process.isapprovalrequired + client approval + job-type nature"", ""partyRoutingDepartment"": 9999}","HIGH",False,True,72,"SYSTEM","2026-04-16 08:57:33.887592",NULL,"2026-04-16 08:57:33.887592"
"2003",1005,"FULL_UV",7,7,"JOB_APPROVAL","JOB_APPROVAL","9999","TASK_OVERDUE","Job Approval Overdue",NULL,1,"PARTY",True,True,False,True,False,True,True,False,False,True,True,False,"P_PRE_DES","[FULL_UV] Job Approval [TASK_OVERDUE] - {job_no}","Process: Job Approval (JOB_APPROVAL)
Event: TASK_OVERDUE
Job No: {job_no}
Work Note: Update step status and part-wise completion in workspace.","4.00","2.00","DEPT_HEAD","2.00","OVERDUE",False,NULL,"{""channels"": {""push"": true, ""email"": true, ""workspace"": true}, ""eventType"": ""TASK_OVERDUE"", ""jobTypeCode"": ""FULL_UV"", ""jobTypeName"": ""Full Job – UV Printing"", ""processCode"": ""JOB_APPROVAL"", ""printingMode"": ""UV"", ""isFullProcess"": true, ""isOutsourceJob"": false, ""isSingleProcess"": false, ""isInhouseMaterial"": true, ""isCustomerMaterial"": false, ""allowAdvancePayment"": true, ""requireCostingApproval"": true}","{""model"": ""agentic-workspace-v1"", ""enabled"": true, ""purpose"": ""process-work-guidance""}","{""seededFrom"": ""mst_process + mst_job_type + mst_department"", ""taskTypeLogic"": ""process.isapprovalrequired + client approval + job-type nature"", ""partyRoutingDepartment"": 9999}","HIGH",False,True,73,"SYSTEM","2026-04-16 08:57:33.887592",NULL,"2026-04-16 08:57:33.887592"
"2004",1005,"FULL_UV",7,7,"JOB_APPROVAL","JOB_APPROVAL","9999","TASK_COMPLETED","Job Approval Completed",NULL,1,"PARTY",True,True,False,True,False,True,True,False,False,True,True,False,"P_PRE_DES","[FULL_UV] Job Approval [TASK_COMPLETED] - {job_no}","Process: Job Approval (JOB_APPROVAL)
Event: TASK_COMPLETED
Job No: {job_no}
Work Note: Update step status and part-wise completion in workspace.","4.00","2.00","DEPT_HEAD","2.00","COMPLETED",False,NULL,"{""channels"": {""push"": true, ""email"": true, ""workspace"": true}, ""eventType"": ""TASK_COMPLETED"", ""jobTypeCode"": ""FULL_UV"", ""jobTypeName"": ""Full Job – UV Printing"", ""processCode"": ""JOB_APPROVAL"", ""printingMode"": ""UV"", ""isFullProcess"": true, ""isOutsourceJob"": false, ""isSingleProcess"": false, ""isInhouseMaterial"": true, ""isCustomerMaterial"": false, ""allowAdvancePayment"": true, ""requireCostingApproval"": true}","{""model"": ""agentic-workspace-v1"", ""enabled"": true, ""purpose"": ""process-work-guidance""}","{""seededFrom"": ""mst_process + mst_job_type + mst_department"", ""taskTypeLogic"": ""process.isapprovalrequired + client approval + job-type nature"", ""partyRoutingDepartment"": 9999}","HIGH",False,True,74,"SYSTEM","2026-04-16 08:57:33.887592",NULL,"2026-04-16 08:57:33.887592"
"2005",1005,"FULL_UV",8,8,"DES_DTP","DES_DTP","1009","PROC_START","Designing / DTP Started",NULL,1,"INTERNAL",True,True,False,True,False,False,False,False,False,True,True,False,"P_DESIGN","[FULL_UV] Design [PROC_START] - {job_no}","Process: Designing / DTP (DES_DTP)
Event: PROC_START
Job No: {job_no}
Work Note: Update step status and part-wise completion in workspace.","12.00","2.00","DEPT_HEAD","2.00","PENDING",True,NULL,"{""channels"": {""push"": true, ""email"": true, ""workspace"": true}, ""eventType"": ""PROC_START"", ""jobTypeCode"": ""FULL_UV"", ""jobTypeName"": ""Full Job – UV Printing"", ""processCode"": ""DES_DTP"", ""printingMode"": ""UV"", ""isFullProcess"": true, ""isOutsourceJob"": false, ""isSingleProcess"": false, ""isInhouseMaterial"": true, ""isCustomerMaterial"": false, ""allowAdvancePayment"": true, ""requireCostingApproval"": true}","{""model"": ""agentic-workspace-v1"", ""enabled"": true, ""purpose"": ""process-work-guidance""}","{""seededFrom"": ""mst_process + mst_job_type + mst_department"", ""taskTypeLogic"": ""process.isapprovalrequired + client approval + job-type nature"", ""partyRoutingDepartment"": 9999}","HIGH",True,True,81,"SYSTEM","2026-04-16 08:57:33.887592",NULL,"2026-04-16 08:57:33.887592"
"2006",1005,"FULL_UV",8,8,"DES_DTP","DES_DTP","1009","TASK_ASSIGNED","Designing / DTP Assigned",NULL,1,"INTERNAL",True,True,False,True,False,False,False,False,False,True,True,False,"P_DESIGN","[FULL_UV] Design [TASK_ASSIGNED] - {job_no}","Process: Designing / DTP (DES_DTP)
Event: TASK_ASSIGNED
Job No: {job_no}
Work Note: Update step status and part-wise completion in workspace.","12.00","2.00","DEPT_HEAD","2.00","PENDING",True,NULL,"{""channels"": {""push"": true, ""email"": true, ""workspace"": true}, ""eventType"": ""TASK_ASSIGNED"", ""jobTypeCode"": ""FULL_UV"", ""jobTypeName"": ""Full Job – UV Printing"", ""processCode"": ""DES_DTP"", ""printingMode"": ""UV"", ""isFullProcess"": true, ""isOutsourceJob"": false, ""isSingleProcess"": false, ""isInhouseMaterial"": true, ""isCustomerMaterial"": false, ""allowAdvancePayment"": true, ""requireCostingApproval"": true}","{""model"": ""agentic-workspace-v1"", ""enabled"": true, ""purpose"": ""process-work-guidance""}","{""seededFrom"": ""mst_process + mst_job_type + mst_department"", ""taskTypeLogic"": ""process.isapprovalrequired + client approval + job-type nature"", ""partyRoutingDepartment"": 9999}","HIGH",True,True,82,"SYSTEM","2026-04-16 08:57:33.887592",NULL,"2026-04-16 08:57:33.887592"
"2007",1005,"FULL_UV",8,8,"DES_DTP","DES_DTP","1009","TASK_OVERDUE","Designing / DTP Overdue",NULL,1,"INTERNAL",True,True,False,True,False,False,False,False,False,True,True,False,"P_DESIGN","[FULL_UV] Design [TASK_OVERDUE] - {job_no}","Process: Designing / DTP (DES_DTP)
Event: TASK_OVERDUE
Job No: {job_no}
Work Note: Update step status and part-wise completion in workspace.","12.00","2.00","DEPT_HEAD","2.00","OVERDUE",False,NULL,"{""channels"": {""push"": true, ""email"": true, ""workspace"": true}, ""eventType"": ""TASK_OVERDUE"", ""jobTypeCode"": ""FULL_UV"", ""jobTypeName"": ""Full Job – UV Printing"", ""processCode"": ""DES_DTP"", ""printingMode"": ""UV"", ""isFullProcess"": true, ""isOutsourceJob"": false, ""isSingleProcess"": false, ""isInhouseMaterial"": true, ""isCustomerMaterial"": false, ""allowAdvancePayment"": true, ""requireCostingApproval"": true}","{""model"": ""agentic-workspace-v1"", ""enabled"": true, ""purpose"": ""process-work-guidance""}","{""seededFrom"": ""mst_process + mst_job_type + mst_department"", ""taskTypeLogic"": ""process.isapprovalrequired + client approval + job-type nature"", ""partyRoutingDepartment"": 9999}","HIGH",True,True,83,"SYSTEM","2026-04-16 08:57:33.887592",NULL,"2026-04-16 08:57:33.887592"
"2008",1005,"FULL_UV",8,8,"DES_DTP","DES_DTP","1009","TASK_COMPLETED","Designing / DTP Completed",NULL,1,"INTERNAL",True,True,False,True,False,False,False,False,False,True,True,False,"P_DESIGN","[FULL_UV] Design [TASK_COMPLETED] - {job_no}","Process: Designing / DTP (DES_DTP)
Event: TASK_COMPLETED
Job No: {job_no}
Work Note: Update step status and part-wise completion in workspace.","12.00","2.00","DEPT_HEAD","2.00","COMPLETED",False,NULL,"{""channels"": {""push"": true, ""email"": true, ""workspace"": true}, ""eventType"": ""TASK_COMPLETED"", ""jobTypeCode"": ""FULL_UV"", ""jobTypeName"": ""Full Job – UV Printing"", ""processCode"": ""DES_DTP"", ""printingMode"": ""UV"", ""isFullProcess"": true, ""isOutsourceJob"": false, ""isSingleProcess"": false, ""isInhouseMaterial"": true, ""isCustomerMaterial"": false, ""allowAdvancePayment"": true, ""requireCostingApproval"": true}","{""model"": ""agentic-workspace-v1"", ""enabled"": true, ""purpose"": ""process-work-guidance""}","{""seededFrom"": ""mst_process + mst_job_type + mst_department"", ""taskTypeLogic"": ""process.isapprovalrequired + client approval + job-type nature"", ""partyRoutingDepartment"": 9999}","HIGH",True,True,84,"SYSTEM","2026-04-16 08:57:33.887592",NULL,"2026-04-16 08:57:33.887592"
"2009",1005,"FULL_UV",9,9,"PROOF","PROOF","9999","PROC_START","Client Proof Approval Started",NULL,1,"PARTY",True,True,False,True,False,True,True,False,False,True,True,False,"P_PROOF","[FULL_UV] Proof Approval [PROC_START] - {job_no}","Process: Client Proof Approval (PROOF)
Event: PROC_START
Job No: {job_no}
Work Note: Update step status and part-wise completion in workspace.","24.00","2.00","DEPT_HEAD","2.00","PENDING",True,NULL,"{""channels"": {""push"": true, ""email"": true, ""workspace"": true}, ""eventType"": ""PROC_START"", ""jobTypeCode"": ""FULL_UV"", ""jobTypeName"": ""Full Job – UV Printing"", ""processCode"": ""PROOF"", ""printingMode"": ""UV"", ""isFullProcess"": true, ""isOutsourceJob"": false, ""isSingleProcess"": false, ""isInhouseMaterial"": true, ""isCustomerMaterial"": false, ""allowAdvancePayment"": true, ""requireCostingApproval"": true}","{""model"": ""agentic-workspace-v1"", ""enabled"": true, ""purpose"": ""process-work-guidance""}","{""seededFrom"": ""mst_process + mst_job_type + mst_department"", ""taskTypeLogic"": ""process.isapprovalrequired + client approval + job-type nature"", ""partyRoutingDepartment"": 9999}","HIGH",True,True,91,"SYSTEM","2026-04-16 08:57:33.887592",NULL,"2026-04-16 08:57:33.887592"
"2010",1005,"FULL_UV",9,9,"PROOF","PROOF","9999","TASK_ASSIGNED","Client Proof Approval Assigned",NULL,1,"PARTY",True,True,False,True,False,True,True,False,False,True,True,False,"P_PROOF","[FULL_UV] Proof Approval [TASK_ASSIGNED] - {job_no}","Process: Client Proof Approval (PROOF)
Event: TASK_ASSIGNED
Job No: {job_no}
Work Note: Update step status and part-wise completion in workspace.","24.00","2.00","DEPT_HEAD","2.00","PENDING",True,NULL,"{""channels"": {""push"": true, ""email"": true, ""workspace"": true}, ""eventType"": ""TASK_ASSIGNED"", ""jobTypeCode"": ""FULL_UV"", ""jobTypeName"": ""Full Job – UV Printing"", ""processCode"": ""PROOF"", ""printingMode"": ""UV"", ""isFullProcess"": true, ""isOutsourceJob"": false, ""isSingleProcess"": false, ""isInhouseMaterial"": true, ""isCustomerMaterial"": false, ""allowAdvancePayment"": true, ""requireCostingApproval"": true}","{""model"": ""agentic-workspace-v1"", ""enabled"": true, ""purpose"": ""process-work-guidance""}","{""seededFrom"": ""mst_process + mst_job_type + mst_department"", ""taskTypeLogic"": ""process.isapprovalrequired + client approval + job-type nature"", ""partyRoutingDepartment"": 9999}","HIGH",True,True,92,"SYSTEM","2026-04-16 08:57:33.887592",NULL,"2026-04-16 08:57:33.887592"
"2011",1005,"FULL_UV",9,9,"PROOF","PROOF","9999","TASK_OVERDUE","Client Proof Approval Overdue",NULL,1,"PARTY",True,True,False,True,False,True,True,False,False,True,True,False,"P_PROOF","[FULL_UV] Proof Approval [TASK_OVERDUE] - {job_no}","Process: Client Proof Approval (PROOF)
Event: TASK_OVERDUE
Job No: {job_no}
Work Note: Update step status and part-wise completion in workspace.","24.00","2.00","DEPT_HEAD","2.00","OVERDUE",False,NULL,"{""channels"": {""push"": true, ""email"": true, ""workspace"": true}, ""eventType"": ""TASK_OVERDUE"", ""jobTypeCode"": ""FULL_UV"", ""jobTypeName"": ""Full Job – UV Printing"", ""processCode"": ""PROOF"", ""printingMode"": ""UV"", ""isFullProcess"": true, ""isOutsourceJob"": false, ""isSingleProcess"": false, ""isInhouseMaterial"": true, ""isCustomerMaterial"": false, ""allowAdvancePayment"": true, ""requireCostingApproval"": true}","{""model"": ""agentic-workspace-v1"", ""enabled"": true, ""purpose"": ""process-work-guidance""}","{""seededFrom"": ""mst_process + mst_job_type + mst_department"", ""taskTypeLogic"": ""process.isapprovalrequired + client approval + job-type nature"", ""partyRoutingDepartment"": 9999}","HIGH",True,True,93,"SYSTEM","2026-04-16 08:57:33.887592",NULL,"2026-04-16 08:57:33.887592"
"2012",1005,"FULL_UV",9,9,"PROOF","PROOF","9999","TASK_COMPLETED","Client Proof Approval Completed",NULL,1,"PARTY",True,True,False,True,False,True,True,False,False,True,True,False,"P_PROOF","[FULL_UV] Proof Approval [TASK_COMPLETED] - {job_no}","Process: Client Proof Approval (PROOF)
Event: TASK_COMPLETED
Job No: {job_no}
Work Note: Update step status and part-wise completion in workspace.","24.00","2.00","DEPT_HEAD","2.00","COMPLETED",False,NULL,"{""channels"": {""push"": true, ""email"": true, ""workspace"": true}, ""eventType"": ""TASK_COMPLETED"", ""jobTypeCode"": ""FULL_UV"", ""jobTypeName"": ""Full Job – UV Printing"", ""processCode"": ""PROOF"", ""printingMode"": ""UV"", ""isFullProcess"": true, ""isOutsourceJob"": false, ""isSingleProcess"": false, ""isInhouseMaterial"": true, ""isCustomerMaterial"": false, ""allowAdvancePayment"": true, ""requireCostingApproval"": true}","{""model"": ""agentic-workspace-v1"", ""enabled"": true, ""purpose"": ""process-work-guidance""}","{""seededFrom"": ""mst_process + mst_job_type + mst_department"", ""taskTypeLogic"": ""process.isapprovalrequired + client approval + job-type nature"", ""partyRoutingDepartment"": 9999}","HIGH",True,True,94,"SYSTEM","2026-04-16 08:57:33.887592",NULL,"2026-04-16 08:57:33.887592"
"2013",1005,"FULL_UV",15,15,"JOB_PLAN","JOB_PLAN","1010","PROC_START","Production Planning Started",NULL,0,"INTERNAL",True,False,False,False,False,False,False,False,False,True,True,False,"P_PLAN","[FULL_UV] Planning [PROC_START] - {job_no}","Process: Production Planning (JOB_PLAN)
Event: PROC_START
Job No: {job_no}
Work Note: Update step status and part-wise completion in workspace.","4.00","2.00",NULL,"2.00","PENDING",True,NULL,"{""channels"": {""push"": true, ""email"": true, ""workspace"": true}, ""eventType"": ""PROC_START"", ""jobTypeCode"": ""FULL_UV"", ""jobTypeName"": ""Full Job – UV Printing"", ""processCode"": ""JOB_PLAN"", ""printingMode"": ""UV"", ""isFullProcess"": true, ""isOutsourceJob"": false, ""isSingleProcess"": false, ""isInhouseMaterial"": true, ""isCustomerMaterial"": false, ""allowAdvancePayment"": true, ""requireCostingApproval"": true}","{""model"": ""agentic-workspace-v1"", ""enabled"": true, ""purpose"": ""process-work-guidance""}","{""seededFrom"": ""mst_process + mst_job_type + mst_department"", ""taskTypeLogic"": ""process.isapprovalrequired + client approval + job-type nature"", ""partyRoutingDepartment"": 9999}","NORMAL",True,True,151,"SYSTEM","2026-04-16 08:57:33.887592",NULL,"2026-04-16 08:57:33.887592"
"2014",1005,"FULL_UV",15,15,"JOB_PLAN","JOB_PLAN","1010","TASK_ASSIGNED","Production Planning Assigned",NULL,0,"INTERNAL",True,False,False,False,False,False,False,False,False,True,True,False,"P_PLAN","[FULL_UV] Planning [TASK_ASSIGNED] - {job_no}","Process: Production Planning (JOB_PLAN)
Event: TASK_ASSIGNED
Job No: {job_no}
Work Note: Update step status and part-wise completion in workspace.","4.00","2.00",NULL,"2.00","PENDING",True,NULL,"{""channels"": {""push"": true, ""email"": true, ""workspace"": true}, ""eventType"": ""TASK_ASSIGNED"", ""jobTypeCode"": ""FULL_UV"", ""jobTypeName"": ""Full Job – UV Printing"", ""processCode"": ""JOB_PLAN"", ""printingMode"": ""UV"", ""isFullProcess"": true, ""isOutsourceJob"": false, ""isSingleProcess"": false, ""isInhouseMaterial"": true, ""isCustomerMaterial"": false, ""allowAdvancePayment"": true, ""requireCostingApproval"": true}","{""model"": ""agentic-workspace-v1"", ""enabled"": true, ""purpose"": ""process-work-guidance""}","{""seededFrom"": ""mst_process + mst_job_type + mst_department"", ""taskTypeLogic"": ""process.isapprovalrequired + client approval + job-type nature"", ""partyRoutingDepartment"": 9999}","NORMAL",True,True,152,"SYSTEM","2026-04-16 08:57:33.887592",NULL,"2026-04-16 08:57:33.887592"
"2015",1005,"FULL_UV",15,15,"JOB_PLAN","JOB_PLAN","1010","TASK_OVERDUE","Production Planning Overdue",NULL,0,"INTERNAL",True,False,False,False,False,False,False,False,False,True,True,False,"P_PLAN","[FULL_UV] Planning [TASK_OVERDUE] - {job_no}","Process: Production Planning (JOB_PLAN)
Event: TASK_OVERDUE
Job No: {job_no}
Work Note: Update step status and part-wise completion in workspace.","4.00","2.00",NULL,"2.00","OVERDUE",False,NULL,"{""channels"": {""push"": true, ""email"": true, ""workspace"": true}, ""eventType"": ""TASK_OVERDUE"", ""jobTypeCode"": ""FULL_UV"", ""jobTypeName"": ""Full Job – UV Printing"", ""processCode"": ""JOB_PLAN"", ""printingMode"": ""UV"", ""isFullProcess"": true, ""isOutsourceJob"": false, ""isSingleProcess"": false, ""isInhouseMaterial"": true, ""isCustomerMaterial"": false, ""allowAdvancePayment"": true, ""requireCostingApproval"": true}","{""model"": ""agentic-workspace-v1"", ""enabled"": true, ""purpose"": ""process-work-guidance""}","{""seededFrom"": ""mst_process + mst_job_type + mst_department"", ""taskTypeLogic"": ""process.isapprovalrequired + client approval + job-type nature"", ""partyRoutingDepartment"": 9999}","NORMAL",True,True,153,"SYSTEM","2026-04-16 08:57:33.887592",NULL,"2026-04-16 08:57:33.887592"
"2016",1005,"FULL_UV",15,15,"JOB_PLAN","JOB_PLAN","1010","TASK_COMPLETED","Production Planning Completed",NULL,0,"INTERNAL",True,False,False,False,False,False,False,False,False,True,True,False,"P_PLAN","[FULL_UV] Planning [TASK_COMPLETED] - {job_no}","Process: Production Planning (JOB_PLAN)
Event: TASK_COMPLETED
Job No: {job_no}
Work Note: Update step status and part-wise completion in workspace.","4.00","2.00",NULL,"2.00","COMPLETED",False,NULL,"{""channels"": {""push"": true, ""email"": true, ""workspace"": true}, ""eventType"": ""TASK_COMPLETED"", ""jobTypeCode"": ""FULL_UV"", ""jobTypeName"": ""Full Job – UV Printing"", ""processCode"": ""JOB_PLAN"", ""printingMode"": ""UV"", ""isFullProcess"": true, ""isOutsourceJob"": false, ""isSingleProcess"": false, ""isInhouseMaterial"": true, ""isCustomerMaterial"": false, ""allowAdvancePayment"": true, ""requireCostingApproval"": true}","{""model"": ""agentic-workspace-v1"", ""enabled"": true, ""purpose"": ""process-work-guidance""}","{""seededFrom"": ""mst_process + mst_job_type + mst_department"", ""taskTypeLogic"": ""process.isapprovalrequired + client approval + job-type nature"", ""partyRoutingDepartment"": 9999}","NORMAL",True,True,154,"SYSTEM","2026-04-16 08:57:33.887592",NULL,"2026-04-16 08:57:33.887592"
"2017",1005,"FULL_UV",16,16,"JOB_SCHED","JOB_SCHED","1010","PROC_START","Job Scheduling Started",NULL,0,"INTERNAL",True,False,False,False,False,False,False,False,False,True,True,False,"P_SCHED","[FULL_UV] Scheduling [PROC_START] - {job_no}","Process: Job Scheduling (JOB_SCHED)
Event: PROC_START
Job No: {job_no}
Work Note: Update step status and part-wise completion in workspace.","4.00","2.00",NULL,"2.00","PENDING",True,NULL,"{""channels"": {""push"": true, ""email"": true, ""workspace"": true}, ""eventType"": ""PROC_START"", ""jobTypeCode"": ""FULL_UV"", ""jobTypeName"": ""Full Job – UV Printing"", ""processCode"": ""JOB_SCHED"", ""printingMode"": ""UV"", ""isFullProcess"": true, ""isOutsourceJob"": false, ""isSingleProcess"": false, ""isInhouseMaterial"": true, ""isCustomerMaterial"": false, ""allowAdvancePayment"": true, ""requireCostingApproval"": true}","{""model"": ""agentic-workspace-v1"", ""enabled"": true, ""purpose"": ""process-work-guidance""}","{""seededFrom"": ""mst_process + mst_job_type + mst_department"", ""taskTypeLogic"": ""process.isapprovalrequired + client approval + job-type nature"", ""partyRoutingDepartment"": 9999}","NORMAL",True,True,161,"SYSTEM","2026-04-16 08:57:33.887592",NULL,"2026-04-16 08:57:33.887592"
"2018",1005,"FULL_UV",16,16,"JOB_SCHED","JOB_SCHED","1010","TASK_ASSIGNED","Job Scheduling Assigned",NULL,0,"INTERNAL",True,False,False,False,False,False,False,False,False,True,True,False,"P_SCHED","[FULL_UV] Scheduling [TASK_ASSIGNED] - {job_no}","Process: Job Scheduling (JOB_SCHED)
Event: TASK_ASSIGNED
Job No: {job_no}
Work Note: Update step status and part-wise completion in workspace.","4.00","2.00",NULL,"2.00","PENDING",True,NULL,"{""channels"": {""push"": true, ""email"": true, ""workspace"": true}, ""eventType"": ""TASK_ASSIGNED"", ""jobTypeCode"": ""FULL_UV"", ""jobTypeName"": ""Full Job – UV Printing"", ""processCode"": ""JOB_SCHED"", ""printingMode"": ""UV"", ""isFullProcess"": true, ""isOutsourceJob"": false, ""isSingleProcess"": false, ""isInhouseMaterial"": true, ""isCustomerMaterial"": false, ""allowAdvancePayment"": true, ""requireCostingApproval"": true}","{""model"": ""agentic-workspace-v1"", ""enabled"": true, ""purpose"": ""process-work-guidance""}","{""seededFrom"": ""mst_process + mst_job_type + mst_department"", ""taskTypeLogic"": ""process.isapprovalrequired + client approval + job-type nature"", ""partyRoutingDepartment"": 9999}","NORMAL",True,True,162,"SYSTEM","2026-04-16 08:57:33.887592",NULL,"2026-04-16 08:57:33.887592"
"2019",1005,"FULL_UV",16,16,"JOB_SCHED","JOB_SCHED","1010","TASK_OVERDUE","Job Scheduling Overdue",NULL,0,"INTERNAL",True,False,False,False,False,False,False,False,False,True,True,False,"P_SCHED","[FULL_UV] Scheduling [TASK_OVERDUE] - {job_no}","Process: Job Scheduling (JOB_SCHED)
Event: TASK_OVERDUE
Job No: {job_no}
Work Note: Update step status and part-wise completion in workspace.","4.00","2.00",NULL,"2.00","OVERDUE",False,NULL,"{""channels"": {""push"": true, ""email"": true, ""workspace"": true}, ""eventType"": ""TASK_OVERDUE"", ""jobTypeCode"": ""FULL_UV"", ""jobTypeName"": ""Full Job – UV Printing"", ""processCode"": ""JOB_SCHED"", ""printingMode"": ""UV"", ""isFullProcess"": true, ""isOutsourceJob"": false, ""isSingleProcess"": false, ""isInhouseMaterial"": true, ""isCustomerMaterial"": false, ""allowAdvancePayment"": true, ""requireCostingApproval"": true}","{""model"": ""agentic-workspace-v1"", ""enabled"": true, ""purpose"": ""process-work-guidance""}","{""seededFrom"": ""mst_process + mst_job_type + mst_department"", ""taskTypeLogic"": ""process.isapprovalrequired + client approval + job-type nature"", ""partyRoutingDepartment"": 9999}","NORMAL",True,True,163,"SYSTEM","2026-04-16 08:57:33.887592",NULL,"2026-04-16 08:57:33.887592"
"2020",1005,"FULL_UV",16,16,"JOB_SCHED","JOB_SCHED","1010","TASK_COMPLETED","Job Scheduling Completed",NULL,0,"INTERNAL",True,False,False,False,False,False,False,False,False,True,True,False,"P_SCHED","[FULL_UV] Scheduling [TASK_COMPLETED] - {job_no}","Process: Job Scheduling (JOB_SCHED)
Event: TASK_COMPLETED
Job No: {job_no}
Work Note: Update step status and part-wise completion in workspace.","4.00","2.00",NULL,"2.00","COMPLETED",False,NULL,"{""channels"": {""push"": true, ""email"": true, ""workspace"": true}, ""eventType"": ""TASK_COMPLETED"", ""jobTypeCode"": ""FULL_UV"", ""jobTypeName"": ""Full Job – UV Printing"", ""processCode"": ""JOB_SCHED"", ""printingMode"": ""UV"", ""isFullProcess"": true, ""isOutsourceJob"": false, ""isSingleProcess"": false, ""isInhouseMaterial"": true, ""isCustomerMaterial"": false, ""allowAdvancePayment"": true, ""requireCostingApproval"": true}","{""model"": ""agentic-workspace-v1"", ""enabled"": true, ""purpose"": ""process-work-guidance""}","{""seededFrom"": ""mst_process + mst_job_type + mst_department"", ""taskTypeLogic"": ""process.isapprovalrequired + client approval + job-type nature"", ""partyRoutingDepartment"": 9999}","NORMAL",True,True,164,"SYSTEM","2026-04-16 08:57:33.887592",NULL,"2026-04-16 08:57:33.887592"
"2021",1005,"FULL_UV",17,17,"JOB_CARD","JOB_CARD","1010","PROC_START","Job Card Generation Started",NULL,0,"INTERNAL",True,False,False,False,False,False,False,False,False,True,True,False,"P_JOB_CARD","[FULL_UV] Job Card [PROC_START] - {job_no}","Process: Job Card Generation (JOB_CARD)
Event: PROC_START
Job No: {job_no}
Work Note: Update step status and part-wise completion in workspace.","2.00","2.00",NULL,"2.00","PENDING",True,NULL,"{""channels"": {""push"": true, ""email"": true, ""workspace"": true}, ""eventType"": ""PROC_START"", ""jobTypeCode"": ""FULL_UV"", ""jobTypeName"": ""Full Job – UV Printing"", ""processCode"": ""JOB_CARD"", ""printingMode"": ""UV"", ""isFullProcess"": true, ""isOutsourceJob"": false, ""isSingleProcess"": false, ""isInhouseMaterial"": true, ""isCustomerMaterial"": false, ""allowAdvancePayment"": true, ""requireCostingApproval"": true}","{""model"": ""agentic-workspace-v1"", ""enabled"": true, ""purpose"": ""process-work-guidance""}","{""seededFrom"": ""mst_process + mst_job_type + mst_department"", ""taskTypeLogic"": ""process.isapprovalrequired + client approval + job-type nature"", ""partyRoutingDepartment"": 9999}","NORMAL",True,True,171,"SYSTEM","2026-04-16 08:57:33.887592",NULL,"2026-04-16 08:57:33.887592"
"2022",1005,"FULL_UV",17,17,"JOB_CARD","JOB_CARD","1010","TASK_ASSIGNED","Job Card Generation Assigned",NULL,0,"INTERNAL",True,False,False,False,False,False,False,False,False,True,True,False,"P_JOB_CARD","[FULL_UV] Job Card [TASK_ASSIGNED] - {job_no}","Process: Job Card Generation (JOB_CARD)
Event: TASK_ASSIGNED
Job No: {job_no}
Work Note: Update step status and part-wise completion in workspace.","2.00","2.00",NULL,"2.00","PENDING",True,NULL,"{""channels"": {""push"": true, ""email"": true, ""workspace"": true}, ""eventType"": ""TASK_ASSIGNED"", ""jobTypeCode"": ""FULL_UV"", ""jobTypeName"": ""Full Job – UV Printing"", ""processCode"": ""JOB_CARD"", ""printingMode"": ""UV"", ""isFullProcess"": true, ""isOutsourceJob"": false, ""isSingleProcess"": false, ""isInhouseMaterial"": true, ""isCustomerMaterial"": false, ""allowAdvancePayment"": true, ""requireCostingApproval"": true}","{""model"": ""agentic-workspace-v1"", ""enabled"": true, ""purpose"": ""process-work-guidance""}","{""seededFrom"": ""mst_process + mst_job_type + mst_department"", ""taskTypeLogic"": ""process.isapprovalrequired + client approval + job-type nature"", ""partyRoutingDepartment"": 9999}","NORMAL",True,True,172,"SYSTEM","2026-04-16 08:57:33.887592",NULL,"2026-04-16 08:57:33.887592"
"2023",1005,"FULL_UV",17,17,"JOB_CARD","JOB_CARD","1010","TASK_OVERDUE","Job Card Generation Overdue",NULL,0,"INTERNAL",True,False,False,False,False,False,False,False,False,True,True,False,"P_JOB_CARD","[FULL_UV] Job Card [TASK_OVERDUE] - {job_no}","Process: Job Card Generation (JOB_CARD)
Event: TASK_OVERDUE
Job No: {job_no}
Work Note: Update step status and part-wise completion in workspace.","2.00","2.00",NULL,"2.00","OVERDUE",False,NULL,"{""channels"": {""push"": true, ""email"": true, ""workspace"": true}, ""eventType"": ""TASK_OVERDUE"", ""jobTypeCode"": ""FULL_UV"", ""jobTypeName"": ""Full Job – UV Printing"", ""processCode"": ""JOB_CARD"", ""printingMode"": ""UV"", ""isFullProcess"": true, ""isOutsourceJob"": false, ""isSingleProcess"": false, ""isInhouseMaterial"": true, ""isCustomerMaterial"": false, ""allowAdvancePayment"": true, ""requireCostingApproval"": true}","{""model"": ""agentic-workspace-v1"", ""enabled"": true, ""purpose"": ""process-work-guidance""}","{""seededFrom"": ""mst_process + mst_job_type + mst_department"", ""taskTypeLogic"": ""process.isapprovalrequired + client approval + job-type nature"", ""partyRoutingDepartment"": 9999}","NORMAL",True,True,173,"SYSTEM","2026-04-16 08:57:33.887592",NULL,"2026-04-16 08:57:33.887592"
"2024",1005,"FULL_UV",17,17,"JOB_CARD","JOB_CARD","1010","TASK_COMPLETED","Job Card Generation Completed",NULL,0,"INTERNAL",True,False,False,False,False,False,False,False,False,True,True,False,"P_JOB_CARD","[FULL_UV] Job Card [TASK_COMPLETED] - {job_no}","Process: Job Card Generation (JOB_CARD)
Event: TASK_COMPLETED
Job No: {job_no}
Work Note: Update step status and part-wise completion in workspace.","2.00","2.00",NULL,"2.00","COMPLETED",False,NULL,"{""channels"": {""push"": true, ""email"": true, ""workspace"": true}, ""eventType"": ""TASK_COMPLETED"", ""jobTypeCode"": ""FULL_UV"", ""jobTypeName"": ""Full Job – UV Printing"", ""processCode"": ""JOB_CARD"", ""printingMode"": ""UV"", ""isFullProcess"": true, ""isOutsourceJob"": false, ""isSingleProcess"": false, ""isInhouseMaterial"": true, ""isCustomerMaterial"": false, ""allowAdvancePayment"": true, ""requireCostingApproval"": true}","{""model"": ""agentic-workspace-v1"", ""enabled"": true, ""purpose"": ""process-work-guidance""}","{""seededFrom"": ""mst_process + mst_job_type + mst_department"", ""taskTypeLogic"": ""process.isapprovalrequired + client approval + job-type nature"", ""partyRoutingDepartment"": 9999}","NORMAL",True,True,174,"SYSTEM","2026-04-16 08:57:33.887592",NULL,"2026-04-16 08:57:33.887592"
"2025",1005,"FULL_UV",18,18,"CUT","CUT","1011","PROC_START","Paper Cutting Started",NULL,0,"INTERNAL",True,False,False,False,False,False,False,False,False,True,True,False,"P_CUT","[FULL_UV] Cutting [PROC_START] - {job_no}","Process: Paper Cutting (CUT)
Event: PROC_START
Job No: {job_no}
Work Note: Update step status and part-wise completion in workspace.","4.00","2.00",NULL,"2.00","PENDING",True,NULL,"{""channels"": {""push"": true, ""email"": true, ""workspace"": true}, ""eventType"": ""PROC_START"", ""jobTypeCode"": ""FULL_UV"", ""jobTypeName"": ""Full Job – UV Printing"", ""processCode"": ""CUT"", ""printingMode"": ""UV"", ""isFullProcess"": true, ""isOutsourceJob"": false, ""isSingleProcess"": false, ""isInhouseMaterial"": true, ""isCustomerMaterial"": false, ""allowAdvancePayment"": true, ""requireCostingApproval"": true}","{""model"": ""agentic-workspace-v1"", ""enabled"": true, ""purpose"": ""process-work-guidance""}","{""seededFrom"": ""mst_process + mst_job_type + mst_department"", ""taskTypeLogic"": ""process.isapprovalrequired + client approval + job-type nature"", ""partyRoutingDepartment"": 9999}","NORMAL",True,True,181,"SYSTEM","2026-04-16 08:57:33.887592",NULL,"2026-04-16 08:57:33.887592"
"2026",1005,"FULL_UV",18,18,"CUT","CUT","1011","TASK_ASSIGNED","Paper Cutting Assigned",NULL,0,"INTERNAL",True,False,False,False,False,False,False,False,False,True,True,False,"P_CUT","[FULL_UV] Cutting [TASK_ASSIGNED] - {job_no}","Process: Paper Cutting (CUT)
Event: TASK_ASSIGNED
Job No: {job_no}
Work Note: Update step status and part-wise completion in workspace.","4.00","2.00",NULL,"2.00","PENDING",True,NULL,"{""channels"": {""push"": true, ""email"": true, ""workspace"": true}, ""eventType"": ""TASK_ASSIGNED"", ""jobTypeCode"": ""FULL_UV"", ""jobTypeName"": ""Full Job – UV Printing"", ""processCode"": ""CUT"", ""printingMode"": ""UV"", ""isFullProcess"": true, ""isOutsourceJob"": false, ""isSingleProcess"": false, ""isInhouseMaterial"": true, ""isCustomerMaterial"": false, ""allowAdvancePayment"": true, ""requireCostingApproval"": true}","{""model"": ""agentic-workspace-v1"", ""enabled"": true, ""purpose"": ""process-work-guidance""}","{""seededFrom"": ""mst_process + mst_job_type + mst_department"", ""taskTypeLogic"": ""process.isapprovalrequired + client approval + job-type nature"", ""partyRoutingDepartment"": 9999}","NORMAL",True,True,182,"SYSTEM","2026-04-16 08:57:33.887592",NULL,"2026-04-16 08:57:33.887592"
"2027",1005,"FULL_UV",18,18,"CUT","CUT","1011","TASK_OVERDUE","Paper Cutting Overdue",NULL,0,"INTERNAL",True,False,False,False,False,False,False,False,False,True,True,False,"P_CUT","[FULL_UV] Cutting [TASK_OVERDUE] - {job_no}","Process: Paper Cutting (CUT)
Event: TASK_OVERDUE
Job No: {job_no}
Work Note: Update step status and part-wise completion in workspace.","4.00","2.00",NULL,"2.00","OVERDUE",False,NULL,"{""channels"": {""push"": true, ""email"": true, ""workspace"": true}, ""eventType"": ""TASK_OVERDUE"", ""jobTypeCode"": ""FULL_UV"", ""jobTypeName"": ""Full Job – UV Printing"", ""processCode"": ""CUT"", ""printingMode"": ""UV"", ""isFullProcess"": true, ""isOutsourceJob"": false, ""isSingleProcess"": false, ""isInhouseMaterial"": true, ""isCustomerMaterial"": false, ""allowAdvancePayment"": true, ""requireCostingApproval"": true}","{""model"": ""agentic-workspace-v1"", ""enabled"": true, ""purpose"": ""process-work-guidance""}","{""seededFrom"": ""mst_process + mst_job_type + mst_department"", ""taskTypeLogic"": ""process.isapprovalrequired + client approval + job-type nature"", ""partyRoutingDepartment"": 9999}","NORMAL",True,True,183,"SYSTEM","2026-04-16 08:57:33.887592",NULL,"2026-04-16 08:57:33.887592"
"2028",1005,"FULL_UV",18,18,"CUT","CUT","1011","TASK_COMPLETED","Paper Cutting Completed",NULL,0,"INTERNAL",True,False,False,False,False,False,False,False,False,True,True,False,"P_CUT","[FULL_UV] Cutting [TASK_COMPLETED] - {job_no}","Process: Paper Cutting (CUT)
Event: TASK_COMPLETED
Job No: {job_no}
Work Note: Update step status and part-wise completion in workspace.","4.00","2.00",NULL,"2.00","COMPLETED",False,NULL,"{""channels"": {""push"": true, ""email"": true, ""workspace"": true}, ""eventType"": ""TASK_COMPLETED"", ""jobTypeCode"": ""FULL_UV"", ""jobTypeName"": ""Full Job – UV Printing"", ""processCode"": ""CUT"", ""printingMode"": ""UV"", ""isFullProcess"": true, ""isOutsourceJob"": false, ""isSingleProcess"": false, ""isInhouseMaterial"": true, ""isCustomerMaterial"": false, ""allowAdvancePayment"": true, ""requireCostingApproval"": true}","{""model"": ""agentic-workspace-v1"", ""enabled"": true, ""purpose"": ""process-work-guidance""}","{""seededFrom"": ""mst_process + mst_job_type + mst_department"", ""taskTypeLogic"": ""process.isapprovalrequired + client approval + job-type nature"", ""partyRoutingDepartment"": 9999}","NORMAL",True,True,184,"SYSTEM","2026-04-16 08:57:33.887592",NULL,"2026-04-16 08:57:33.887592"
"2029",1005,"FULL_UV",19,19,"PRINT","PRINT","1010","PROC_START","Printing Started",NULL,0,"INTERNAL",True,False,False,False,False,False,False,False,False,True,True,False,"P_PRINT","[FULL_UV] Printing [PROC_START] - {job_no}","Process: Printing (PRINT)
Event: PROC_START
Job No: {job_no}
Work Note: Update step status and part-wise completion in workspace.","12.00","2.00",NULL,"2.00","PENDING",True,NULL,"{""channels"": {""push"": true, ""email"": true, ""workspace"": true}, ""eventType"": ""PROC_START"", ""jobTypeCode"": ""FULL_UV"", ""jobTypeName"": ""Full Job – UV Printing"", ""processCode"": ""PRINT"", ""printingMode"": ""UV"", ""isFullProcess"": true, ""isOutsourceJob"": false, ""isSingleProcess"": false, ""isInhouseMaterial"": true, ""isCustomerMaterial"": false, ""allowAdvancePayment"": true, ""requireCostingApproval"": true}","{""model"": ""agentic-workspace-v1"", ""enabled"": true, ""purpose"": ""process-work-guidance""}","{""seededFrom"": ""mst_process + mst_job_type + mst_department"", ""taskTypeLogic"": ""process.isapprovalrequired + client approval + job-type nature"", ""partyRoutingDepartment"": 9999}","HIGH",True,True,191,"SYSTEM","2026-04-16 08:57:33.887592",NULL,"2026-04-16 08:57:33.887592"
"2030",1005,"FULL_UV",19,19,"PRINT","PRINT","1010","TASK_ASSIGNED","Printing Assigned",NULL,0,"INTERNAL",True,False,False,False,False,False,False,False,False,True,True,False,"P_PRINT","[FULL_UV] Printing [TASK_ASSIGNED] - {job_no}","Process: Printing (PRINT)
Event: TASK_ASSIGNED
Job No: {job_no}
Work Note: Update step status and part-wise completion in workspace.","12.00","2.00",NULL,"2.00","PENDING",True,NULL,"{""channels"": {""push"": true, ""email"": true, ""workspace"": true}, ""eventType"": ""TASK_ASSIGNED"", ""jobTypeCode"": ""FULL_UV"", ""jobTypeName"": ""Full Job – UV Printing"", ""processCode"": ""PRINT"", ""printingMode"": ""UV"", ""isFullProcess"": true, ""isOutsourceJob"": false, ""isSingleProcess"": false, ""isInhouseMaterial"": true, ""isCustomerMaterial"": false, ""allowAdvancePayment"": true, ""requireCostingApproval"": true}","{""model"": ""agentic-workspace-v1"", ""enabled"": true, ""purpose"": ""process-work-guidance""}","{""seededFrom"": ""mst_process + mst_job_type + mst_department"", ""taskTypeLogic"": ""process.isapprovalrequired + client approval + job-type nature"", ""partyRoutingDepartment"": 9999}","HIGH",True,True,192,"SYSTEM","2026-04-16 08:57:33.887592",NULL,"2026-04-16 08:57:33.887592"
"2031",1005,"FULL_UV",19,19,"PRINT","PRINT","1010","TASK_OVERDUE","Printing Overdue",NULL,0,"INTERNAL",True,False,False,False,False,False,False,False,False,True,True,False,"P_PRINT","[FULL_UV] Printing [TASK_OVERDUE] - {job_no}","Process: Printing (PRINT)
Event: TASK_OVERDUE
Job No: {job_no}
Work Note: Update step status and part-wise completion in workspace.","12.00","2.00",NULL,"2.00","OVERDUE",False,NULL,"{""channels"": {""push"": true, ""email"": true, ""workspace"": true}, ""eventType"": ""TASK_OVERDUE"", ""jobTypeCode"": ""FULL_UV"", ""jobTypeName"": ""Full Job – UV Printing"", ""processCode"": ""PRINT"", ""printingMode"": ""UV"", ""isFullProcess"": true, ""isOutsourceJob"": false, ""isSingleProcess"": false, ""isInhouseMaterial"": true, ""isCustomerMaterial"": false, ""allowAdvancePayment"": true, ""requireCostingApproval"": true}","{""model"": ""agentic-workspace-v1"", ""enabled"": true, ""purpose"": ""process-work-guidance""}","{""seededFrom"": ""mst_process + mst_job_type + mst_department"", ""taskTypeLogic"": ""process.isapprovalrequired + client approval + job-type nature"", ""partyRoutingDepartment"": 9999}","HIGH",True,True,193,"SYSTEM","2026-04-16 08:57:33.887592",NULL,"2026-04-16 08:57:33.887592"
"2032",1005,"FULL_UV",19,19,"PRINT","PRINT","1010","TASK_COMPLETED","Printing Completed",NULL,0,"INTERNAL",True,False,False,False,False,False,False,False,False,True,True,False,"P_PRINT","[FULL_UV] Printing [TASK_COMPLETED] - {job_no}","Process: Printing (PRINT)
Event: TASK_COMPLETED
Job No: {job_no}
Work Note: Update step status and part-wise completion in workspace.","12.00","2.00",NULL,"2.00","COMPLETED",False,NULL,"{""channels"": {""push"": true, ""email"": true, ""workspace"": true}, ""eventType"": ""TASK_COMPLETED"", ""jobTypeCode"": ""FULL_UV"", ""jobTypeName"": ""Full Job – UV Printing"", ""processCode"": ""PRINT"", ""printingMode"": ""UV"", ""isFullProcess"": true, ""isOutsourceJob"": false, ""isSingleProcess"": false, ""isInhouseMaterial"": true, ""isCustomerMaterial"": false, ""allowAdvancePayment"": true, ""requireCostingApproval"": true}","{""model"": ""agentic-workspace-v1"", ""enabled"": true, ""purpose"": ""process-work-guidance""}","{""seededFrom"": ""mst_process + mst_job_type + mst_department"", ""taskTypeLogic"": ""process.isapprovalrequired + client approval + job-type nature"", ""partyRoutingDepartment"": 9999}","HIGH",True,True,194,"SYSTEM","2026-04-16 08:57:33.887592",NULL,"2026-04-16 08:57:33.887592"
"2033",1005,"FULL_UV",20,20,"QC_PROC","QC_PROC","1016","PROC_START","In-Process QC Started",NULL,0,"INTERNAL",True,False,False,False,False,False,False,False,False,True,True,False,"P_QC_PROC","[FULL_UV] Process QC [PROC_START] - {job_no}","Process: In-Process QC (QC_PROC)
Event: PROC_START
Job No: {job_no}
Work Note: Update step status and part-wise completion in workspace.","4.00","2.00",NULL,"2.00","PENDING",True,NULL,"{""channels"": {""push"": true, ""email"": true, ""workspace"": true}, ""eventType"": ""PROC_START"", ""jobTypeCode"": ""FULL_UV"", ""jobTypeName"": ""Full Job – UV Printing"", ""processCode"": ""QC_PROC"", ""printingMode"": ""UV"", ""isFullProcess"": true, ""isOutsourceJob"": false, ""isSingleProcess"": false, ""isInhouseMaterial"": true, ""isCustomerMaterial"": false, ""allowAdvancePayment"": true, ""requireCostingApproval"": true}","{""model"": ""agentic-workspace-v1"", ""enabled"": true, ""purpose"": ""process-work-guidance""}","{""seededFrom"": ""mst_process + mst_job_type + mst_department"", ""taskTypeLogic"": ""process.isapprovalrequired + client approval + job-type nature"", ""partyRoutingDepartment"": 9999}","NORMAL",True,True,201,"SYSTEM","2026-04-16 08:57:33.887592",NULL,"2026-04-16 08:57:33.887592"
"2034",1005,"FULL_UV",20,20,"QC_PROC","QC_PROC","1016","TASK_ASSIGNED","In-Process QC Assigned",NULL,0,"INTERNAL",True,False,False,False,False,False,False,False,False,True,True,False,"P_QC_PROC","[FULL_UV] Process QC [TASK_ASSIGNED] - {job_no}","Process: In-Process QC (QC_PROC)
Event: TASK_ASSIGNED
Job No: {job_no}
Work Note: Update step status and part-wise completion in workspace.","4.00","2.00",NULL,"2.00","PENDING",True,NULL,"{""channels"": {""push"": true, ""email"": true, ""workspace"": true}, ""eventType"": ""TASK_ASSIGNED"", ""jobTypeCode"": ""FULL_UV"", ""jobTypeName"": ""Full Job – UV Printing"", ""processCode"": ""QC_PROC"", ""printingMode"": ""UV"", ""isFullProcess"": true, ""isOutsourceJob"": false, ""isSingleProcess"": false, ""isInhouseMaterial"": true, ""isCustomerMaterial"": false, ""allowAdvancePayment"": true, ""requireCostingApproval"": true}","{""model"": ""agentic-workspace-v1"", ""enabled"": true, ""purpose"": ""process-work-guidance""}","{""seededFrom"": ""mst_process + mst_job_type + mst_department"", ""taskTypeLogic"": ""process.isapprovalrequired + client approval + job-type nature"", ""partyRoutingDepartment"": 9999}","NORMAL",True,True,202,"SYSTEM","2026-04-16 08:57:33.887592",NULL,"2026-04-16 08:57:33.887592"
"2035",1005,"FULL_UV",20,20,"QC_PROC","QC_PROC","1016","TASK_OVERDUE","In-Process QC Overdue",NULL,0,"INTERNAL",True,False,False,False,False,False,False,False,False,True,True,False,"P_QC_PROC","[FULL_UV] Process QC [TASK_OVERDUE] - {job_no}","Process: In-Process QC (QC_PROC)
Event: TASK_OVERDUE
Job No: {job_no}
Work Note: Update step status and part-wise completion in workspace.","4.00","2.00",NULL,"2.00","OVERDUE",False,NULL,"{""channels"": {""push"": true, ""email"": true, ""workspace"": true}, ""eventType"": ""TASK_OVERDUE"", ""jobTypeCode"": ""FULL_UV"", ""jobTypeName"": ""Full Job – UV Printing"", ""processCode"": ""QC_PROC"", ""printingMode"": ""UV"", ""isFullProcess"": true, ""isOutsourceJob"": false, ""isSingleProcess"": false, ""isInhouseMaterial"": true, ""isCustomerMaterial"": false, ""allowAdvancePayment"": true, ""requireCostingApproval"": true}","{""model"": ""agentic-workspace-v1"", ""enabled"": true, ""purpose"": ""process-work-guidance""}","{""seededFrom"": ""mst_process + mst_job_type + mst_department"", ""taskTypeLogic"": ""process.isapprovalrequired + client approval + job-type nature"", ""partyRoutingDepartment"": 9999}","NORMAL",True,True,203,"SYSTEM","2026-04-16 08:57:33.887592",NULL,"2026-04-16 08:57:33.887592"
"2036",1005,"FULL_UV",20,20,"QC_PROC","QC_PROC","1016","TASK_COMPLETED","In-Process QC Completed",NULL,0,"INTERNAL",True,False,False,False,False,False,False,False,False,True,True,False,"P_QC_PROC","[FULL_UV] Process QC [TASK_COMPLETED] - {job_no}","Process: In-Process QC (QC_PROC)
Event: TASK_COMPLETED
Job No: {job_no}
Work Note: Update step status and part-wise completion in workspace.","4.00","2.00",NULL,"2.00","COMPLETED",False,NULL,"{""channels"": {""push"": true, ""email"": true, ""workspace"": true}, ""eventType"": ""TASK_COMPLETED"", ""jobTypeCode"": ""FULL_UV"", ""jobTypeName"": ""Full Job – UV Printing"", ""processCode"": ""QC_PROC"", ""printingMode"": ""UV"", ""isFullProcess"": true, ""isOutsourceJob"": false, ""isSingleProcess"": false, ""isInhouseMaterial"": true, ""isCustomerMaterial"": false, ""allowAdvancePayment"": true, ""requireCostingApproval"": true}","{""model"": ""agentic-workspace-v1"", ""enabled"": true, ""purpose"": ""process-work-guidance""}","{""seededFrom"": ""mst_process + mst_job_type + mst_department"", ""taskTypeLogic"": ""process.isapprovalrequired + client approval + job-type nature"", ""partyRoutingDepartment"": 9999}","NORMAL",True,True,204,"SYSTEM","2026-04-16 08:57:33.887592",NULL,"2026-04-16 08:57:33.887592"
"2037",1005,"FULL_UV",21,21,"DRY","DRY","1010","PROC_START","Drying Started",NULL,0,"INTERNAL",True,False,False,False,False,False,False,False,False,True,True,False,"P_DRY","[FULL_UV] Drying [PROC_START] - {job_no}","Process: Drying (DRY)
Event: PROC_START
Job No: {job_no}
Work Note: Update step status and part-wise completion in workspace.","6.00","2.00",NULL,"2.00","PENDING",True,NULL,"{""channels"": {""push"": true, ""email"": true, ""workspace"": true}, ""eventType"": ""PROC_START"", ""jobTypeCode"": ""FULL_UV"", ""jobTypeName"": ""Full Job – UV Printing"", ""processCode"": ""DRY"", ""printingMode"": ""UV"", ""isFullProcess"": true, ""isOutsourceJob"": false, ""isSingleProcess"": false, ""isInhouseMaterial"": true, ""isCustomerMaterial"": false, ""allowAdvancePayment"": true, ""requireCostingApproval"": true}","{""model"": ""agentic-workspace-v1"", ""enabled"": true, ""purpose"": ""process-work-guidance""}","{""seededFrom"": ""mst_process + mst_job_type + mst_department"", ""taskTypeLogic"": ""process.isapprovalrequired + client approval + job-type nature"", ""partyRoutingDepartment"": 9999}","NORMAL",True,True,211,"SYSTEM","2026-04-16 08:57:33.887592",NULL,"2026-04-16 08:57:33.887592"
"2038",1005,"FULL_UV",21,21,"DRY","DRY","1010","TASK_ASSIGNED","Drying Assigned",NULL,0,"INTERNAL",True,False,False,False,False,False,False,False,False,True,True,False,"P_DRY","[FULL_UV] Drying [TASK_ASSIGNED] - {job_no}","Process: Drying (DRY)
Event: TASK_ASSIGNED
Job No: {job_no}
Work Note: Update step status and part-wise completion in workspace.","6.00","2.00",NULL,"2.00","PENDING",True,NULL,"{""channels"": {""push"": true, ""email"": true, ""workspace"": true}, ""eventType"": ""TASK_ASSIGNED"", ""jobTypeCode"": ""FULL_UV"", ""jobTypeName"": ""Full Job – UV Printing"", ""processCode"": ""DRY"", ""printingMode"": ""UV"", ""isFullProcess"": true, ""isOutsourceJob"": false, ""isSingleProcess"": false, ""isInhouseMaterial"": true, ""isCustomerMaterial"": false, ""allowAdvancePayment"": true, ""requireCostingApproval"": true}","{""model"": ""agentic-workspace-v1"", ""enabled"": true, ""purpose"": ""process-work-guidance""}","{""seededFrom"": ""mst_process + mst_job_type + mst_department"", ""taskTypeLogic"": ""process.isapprovalrequired + client approval + job-type nature"", ""partyRoutingDepartment"": 9999}","NORMAL",True,True,212,"SYSTEM","2026-04-16 08:57:33.887592",NULL,"2026-04-16 08:57:33.887592"
"2039",1005,"FULL_UV",21,21,"DRY","DRY","1010","TASK_OVERDUE","Drying Overdue",NULL,0,"INTERNAL",True,False,False,False,False,False,False,False,False,True,True,False,"P_DRY","[FULL_UV] Drying [TASK_OVERDUE] - {job_no}","Process: Drying (DRY)
Event: TASK_OVERDUE
Job No: {job_no}
Work Note: Update step status and part-wise completion in workspace.","6.00","2.00",NULL,"2.00","OVERDUE",False,NULL,"{""channels"": {""push"": true, ""email"": true, ""workspace"": true}, ""eventType"": ""TASK_OVERDUE"", ""jobTypeCode"": ""FULL_UV"", ""jobTypeName"": ""Full Job – UV Printing"", ""processCode"": ""DRY"", ""printingMode"": ""UV"", ""isFullProcess"": true, ""isOutsourceJob"": false, ""isSingleProcess"": false, ""isInhouseMaterial"": true, ""isCustomerMaterial"": false, ""allowAdvancePayment"": true, ""requireCostingApproval"": true}","{""model"": ""agentic-workspace-v1"", ""enabled"": true, ""purpose"": ""process-work-guidance""}","{""seededFrom"": ""mst_process + mst_job_type + mst_department"", ""taskTypeLogic"": ""process.isapprovalrequired + client approval + job-type nature"", ""partyRoutingDepartment"": 9999}","NORMAL",True,True,213,"SYSTEM","2026-04-16 08:57:33.887592",NULL,"2026-04-16 08:57:33.887592"
"2040",1005,"FULL_UV",21,21,"DRY","DRY","1010","TASK_COMPLETED","Drying Completed",NULL,0,"INTERNAL",True,False,False,False,False,False,False,False,False,True,True,False,"P_DRY","[FULL_UV] Drying [TASK_COMPLETED] - {job_no}","Process: Drying (DRY)
Event: TASK_COMPLETED
Job No: {job_no}
Work Note: Update step status and part-wise completion in workspace.","6.00","2.00",NULL,"2.00","COMPLETED",False,NULL,"{""channels"": {""push"": true, ""email"": true, ""workspace"": true}, ""eventType"": ""TASK_COMPLETED"", ""jobTypeCode"": ""FULL_UV"", ""jobTypeName"": ""Full Job – UV Printing"", ""processCode"": ""DRY"", ""printingMode"": ""UV"", ""isFullProcess"": true, ""isOutsourceJob"": false, ""isSingleProcess"": false, ""isInhouseMaterial"": true, ""isCustomerMaterial"": false, ""allowAdvancePayment"": true, ""requireCostingApproval"": true}","{""model"": ""agentic-workspace-v1"", ""enabled"": true, ""purpose"": ""process-work-guidance""}","{""seededFrom"": ""mst_process + mst_job_type + mst_department"", ""taskTypeLogic"": ""process.isapprovalrequired + client approval + job-type nature"", ""partyRoutingDepartment"": 9999}","NORMAL",True,True,214,"SYSTEM","2026-04-16 08:57:33.887592",NULL,"2026-04-16 08:57:33.887592"
"2041",1005,"FULL_UV",22,22,"POST_PRESS","POST_PRESS","1011","PROC_START","Post Press Finishing Started",NULL,0,"INTERNAL",True,False,False,False,False,False,False,False,False,True,True,False,"P_POST","[FULL_UV] Post Press [PROC_START] - {job_no}","Process: Post Press Finishing (POST_PRESS)
Event: PROC_START
Job No: {job_no}
Work Note: Update step status and part-wise completion in workspace.","8.00","2.00",NULL,"2.00","PENDING",True,NULL,"{""channels"": {""push"": true, ""email"": true, ""workspace"": true}, ""eventType"": ""PROC_START"", ""jobTypeCode"": ""FULL_UV"", ""jobTypeName"": ""Full Job – UV Printing"", ""processCode"": ""POST_PRESS"", ""printingMode"": ""UV"", ""isFullProcess"": true, ""isOutsourceJob"": false, ""isSingleProcess"": false, ""isInhouseMaterial"": true, ""isCustomerMaterial"": false, ""allowAdvancePayment"": true, ""requireCostingApproval"": true}","{""model"": ""agentic-workspace-v1"", ""enabled"": true, ""purpose"": ""process-work-guidance""}","{""seededFrom"": ""mst_process + mst_job_type + mst_department"", ""taskTypeLogic"": ""process.isapprovalrequired + client approval + job-type nature"", ""partyRoutingDepartment"": 9999}","NORMAL",True,True,221,"SYSTEM","2026-04-16 08:57:33.887592",NULL,"2026-04-16 08:57:33.887592"
"2042",1005,"FULL_UV",22,22,"POST_PRESS","POST_PRESS","1011","TASK_ASSIGNED","Post Press Finishing Assigned",NULL,0,"INTERNAL",True,False,False,False,False,False,False,False,False,True,True,False,"P_POST","[FULL_UV] Post Press [TASK_ASSIGNED] - {job_no}","Process: Post Press Finishing (POST_PRESS)
Event: TASK_ASSIGNED
Job No: {job_no}
Work Note: Update step status and part-wise completion in workspace.","8.00","2.00",NULL,"2.00","PENDING",True,NULL,"{""channels"": {""push"": true, ""email"": true, ""workspace"": true}, ""eventType"": ""TASK_ASSIGNED"", ""jobTypeCode"": ""FULL_UV"", ""jobTypeName"": ""Full Job – UV Printing"", ""processCode"": ""POST_PRESS"", ""printingMode"": ""UV"", ""isFullProcess"": true, ""isOutsourceJob"": false, ""isSingleProcess"": false, ""isInhouseMaterial"": true, ""isCustomerMaterial"": false, ""allowAdvancePayment"": true, ""requireCostingApproval"": true}","{""model"": ""agentic-workspace-v1"", ""enabled"": true, ""purpose"": ""process-work-guidance""}","{""seededFrom"": ""mst_process + mst_job_type + mst_department"", ""taskTypeLogic"": ""process.isapprovalrequired + client approval + job-type nature"", ""partyRoutingDepartment"": 9999}","NORMAL",True,True,222,"SYSTEM","2026-04-16 08:57:33.887592",NULL,"2026-04-16 08:57:33.887592"
"2043",1005,"FULL_UV",22,22,"POST_PRESS","POST_PRESS","1011","TASK_OVERDUE","Post Press Finishing Overdue",NULL,0,"INTERNAL",True,False,False,False,False,False,False,False,False,True,True,False,"P_POST","[FULL_UV] Post Press [TASK_OVERDUE] - {job_no}","Process: Post Press Finishing (POST_PRESS)
Event: TASK_OVERDUE
Job No: {job_no}
Work Note: Update step status and part-wise completion in workspace.","8.00","2.00",NULL,"2.00","OVERDUE",False,NULL,"{""channels"": {""push"": true, ""email"": true, ""workspace"": true}, ""eventType"": ""TASK_OVERDUE"", ""jobTypeCode"": ""FULL_UV"", ""jobTypeName"": ""Full Job – UV Printing"", ""processCode"": ""POST_PRESS"", ""printingMode"": ""UV"", ""isFullProcess"": true, ""isOutsourceJob"": false, ""isSingleProcess"": false, ""isInhouseMaterial"": true, ""isCustomerMaterial"": false, ""allowAdvancePayment"": true, ""requireCostingApproval"": true}","{""model"": ""agentic-workspace-v1"", ""enabled"": true, ""purpose"": ""process-work-guidance""}","{""seededFrom"": ""mst_process + mst_job_type + mst_department"", ""taskTypeLogic"": ""process.isapprovalrequired + client approval + job-type nature"", ""partyRoutingDepartment"": 9999}","NORMAL",True,True,223,"SYSTEM","2026-04-16 08:57:33.887592",NULL,"2026-04-16 08:57:33.887592"
"2044",1005,"FULL_UV",22,22,"POST_PRESS","POST_PRESS","1011","TASK_COMPLETED","Post Press Finishing Completed",NULL,0,"INTERNAL",True,False,False,False,False,False,False,False,False,True,True,False,"P_POST","[FULL_UV] Post Press [TASK_COMPLETED] - {job_no}","Process: Post Press Finishing (POST_PRESS)
Event: TASK_COMPLETED
Job No: {job_no}
Work Note: Update step status and part-wise completion in workspace.","8.00","2.00",NULL,"2.00","COMPLETED",False,NULL,"{""channels"": {""push"": true, ""email"": true, ""workspace"": true}, ""eventType"": ""TASK_COMPLETED"", ""jobTypeCode"": ""FULL_UV"", ""jobTypeName"": ""Full Job – UV Printing"", ""processCode"": ""POST_PRESS"", ""printingMode"": ""UV"", ""isFullProcess"": true, ""isOutsourceJob"": false, ""isSingleProcess"": false, ""isInhouseMaterial"": true, ""isCustomerMaterial"": false, ""allowAdvancePayment"": true, ""requireCostingApproval"": true}","{""model"": ""agentic-workspace-v1"", ""enabled"": true, ""purpose"": ""process-work-guidance""}","{""seededFrom"": ""mst_process + mst_job_type + mst_department"", ""taskTypeLogic"": ""process.isapprovalrequired + client approval + job-type nature"", ""partyRoutingDepartment"": 9999}","NORMAL",True,True,224,"SYSTEM","2026-04-16 08:57:33.887592",NULL,"2026-04-16 08:57:33.887592"
"2045",1005,"FULL_UV",23,23,"FOLD","FOLD","1011","PROC_START","Folding Started",NULL,0,"INTERNAL",True,False,False,False,False,False,False,False,False,True,True,False,"P_FOLD","[FULL_UV] Folding [PROC_START] - {job_no}","Process: Folding (FOLD)
Event: PROC_START
Job No: {job_no}
Work Note: Update step status and part-wise completion in workspace.","4.00","2.00",NULL,"2.00","PENDING",True,NULL,"{""channels"": {""push"": true, ""email"": true, ""workspace"": true}, ""eventType"": ""PROC_START"", ""jobTypeCode"": ""FULL_UV"", ""jobTypeName"": ""Full Job – UV Printing"", ""processCode"": ""FOLD"", ""printingMode"": ""UV"", ""isFullProcess"": true, ""isOutsourceJob"": false, ""isSingleProcess"": false, ""isInhouseMaterial"": true, ""isCustomerMaterial"": false, ""allowAdvancePayment"": true, ""requireCostingApproval"": true}","{""model"": ""agentic-workspace-v1"", ""enabled"": true, ""purpose"": ""process-work-guidance""}","{""seededFrom"": ""mst_process + mst_job_type + mst_department"", ""taskTypeLogic"": ""process.isapprovalrequired + client approval + job-type nature"", ""partyRoutingDepartment"": 9999}","NORMAL",True,True,231,"SYSTEM","2026-04-16 08:57:33.887592",NULL,"2026-04-16 08:57:33.887592"
"2046",1005,"FULL_UV",23,23,"FOLD","FOLD","1011","TASK_ASSIGNED","Folding Assigned",NULL,0,"INTERNAL",True,False,False,False,False,False,False,False,False,True,True,False,"P_FOLD","[FULL_UV] Folding [TASK_ASSIGNED] - {job_no}","Process: Folding (FOLD)
Event: TASK_ASSIGNED
Job No: {job_no}
Work Note: Update step status and part-wise completion in workspace.","4.00","2.00",NULL,"2.00","PENDING",True,NULL,"{""channels"": {""push"": true, ""email"": true, ""workspace"": true}, ""eventType"": ""TASK_ASSIGNED"", ""jobTypeCode"": ""FULL_UV"", ""jobTypeName"": ""Full Job – UV Printing"", ""processCode"": ""FOLD"", ""printingMode"": ""UV"", ""isFullProcess"": true, ""isOutsourceJob"": false, ""isSingleProcess"": false, ""isInhouseMaterial"": true, ""isCustomerMaterial"": false, ""allowAdvancePayment"": true, ""requireCostingApproval"": true}","{""model"": ""agentic-workspace-v1"", ""enabled"": true, ""purpose"": ""process-work-guidance""}","{""seededFrom"": ""mst_process + mst_job_type + mst_department"", ""taskTypeLogic"": ""process.isapprovalrequired + client approval + job-type nature"", ""partyRoutingDepartment"": 9999}","NORMAL",True,True,232,"SYSTEM","2026-04-16 08:57:33.887592",NULL,"2026-04-16 08:57:33.887592"
"2047",1005,"FULL_UV",23,23,"FOLD","FOLD","1011","TASK_OVERDUE","Folding Overdue",NULL,0,"INTERNAL",True,False,False,False,False,False,False,False,False,True,True,False,"P_FOLD","[FULL_UV] Folding [TASK_OVERDUE] - {job_no}","Process: Folding (FOLD)
Event: TASK_OVERDUE
Job No: {job_no}
Work Note: Update step status and part-wise completion in workspace.","4.00","2.00",NULL,"2.00","OVERDUE",False,NULL,"{""channels"": {""push"": true, ""email"": true, ""workspace"": true}, ""eventType"": ""TASK_OVERDUE"", ""jobTypeCode"": ""FULL_UV"", ""jobTypeName"": ""Full Job – UV Printing"", ""processCode"": ""FOLD"", ""printingMode"": ""UV"", ""isFullProcess"": true, ""isOutsourceJob"": false, ""isSingleProcess"": false, ""isInhouseMaterial"": true, ""isCustomerMaterial"": false, ""allowAdvancePayment"": true, ""requireCostingApproval"": true}","{""model"": ""agentic-workspace-v1"", ""enabled"": true, ""purpose"": ""process-work-guidance""}","{""seededFrom"": ""mst_process + mst_job_type + mst_department"", ""taskTypeLogic"": ""process.isapprovalrequired + client approval + job-type nature"", ""partyRoutingDepartment"": 9999}","NORMAL",True,True,233,"SYSTEM","2026-04-16 08:57:33.887592",NULL,"2026-04-16 08:57:33.887592"
"2048",1005,"FULL_UV",23,23,"FOLD","FOLD","1011","TASK_COMPLETED","Folding Completed",NULL,0,"INTERNAL",True,False,False,False,False,False,False,False,False,True,True,False,"P_FOLD","[FULL_UV] Folding [TASK_COMPLETED] - {job_no}","Process: Folding (FOLD)
Event: TASK_COMPLETED
Job No: {job_no}
Work Note: Update step status and part-wise completion in workspace.","4.00","2.00",NULL,"2.00","COMPLETED",False,NULL,"{""channels"": {""push"": true, ""email"": true, ""workspace"": true}, ""eventType"": ""TASK_COMPLETED"", ""jobTypeCode"": ""FULL_UV"", ""jobTypeName"": ""Full Job – UV Printing"", ""processCode"": ""FOLD"", ""printingMode"": ""UV"", ""isFullProcess"": true, ""isOutsourceJob"": false, ""isSingleProcess"": false, ""isInhouseMaterial"": true, ""isCustomerMaterial"": false, ""allowAdvancePayment"": true, ""requireCostingApproval"": true}","{""model"": ""agentic-workspace-v1"", ""enabled"": true, ""purpose"": ""process-work-guidance""}","{""seededFrom"": ""mst_process + mst_job_type + mst_department"", ""taskTypeLogic"": ""process.isapprovalrequired + client approval + job-type nature"", ""partyRoutingDepartment"": 9999}","NORMAL",True,True,234,"SYSTEM","2026-04-16 08:57:33.887592",NULL,"2026-04-16 08:57:33.887592"
"2049",1005,"FULL_UV",24,24,"BIND","BIND","1011","PROC_START","Binding Started",NULL,0,"INTERNAL",True,False,False,False,False,False,False,False,False,True,True,False,"P_BIND","[FULL_UV] Binding [PROC_START] - {job_no}","Process: Binding (BIND)
Event: PROC_START
Job No: {job_no}
Work Note: Update step status and part-wise completion in workspace.","8.00","2.00",NULL,"2.00","PENDING",True,NULL,"{""channels"": {""push"": true, ""email"": true, ""workspace"": true}, ""eventType"": ""PROC_START"", ""jobTypeCode"": ""FULL_UV"", ""jobTypeName"": ""Full Job – UV Printing"", ""processCode"": ""BIND"", ""printingMode"": ""UV"", ""isFullProcess"": true, ""isOutsourceJob"": false, ""isSingleProcess"": false, ""isInhouseMaterial"": true, ""isCustomerMaterial"": false, ""allowAdvancePayment"": true, ""requireCostingApproval"": true}","{""model"": ""agentic-workspace-v1"", ""enabled"": true, ""purpose"": ""process-work-guidance""}","{""seededFrom"": ""mst_process + mst_job_type + mst_department"", ""taskTypeLogic"": ""process.isapprovalrequired + client approval + job-type nature"", ""partyRoutingDepartment"": 9999}","NORMAL",True,True,241,"SYSTEM","2026-04-16 08:57:33.887592",NULL,"2026-04-16 08:57:33.887592"
"2050",1005,"FULL_UV",24,24,"BIND","BIND","1011","TASK_ASSIGNED","Binding Assigned",NULL,0,"INTERNAL",True,False,False,False,False,False,False,False,False,True,True,False,"P_BIND","[FULL_UV] Binding [TASK_ASSIGNED] - {job_no}","Process: Binding (BIND)
Event: TASK_ASSIGNED
Job No: {job_no}
Work Note: Update step status and part-wise completion in workspace.","8.00","2.00",NULL,"2.00","PENDING",True,NULL,"{""channels"": {""push"": true, ""email"": true, ""workspace"": true}, ""eventType"": ""TASK_ASSIGNED"", ""jobTypeCode"": ""FULL_UV"", ""jobTypeName"": ""Full Job – UV Printing"", ""processCode"": ""BIND"", ""printingMode"": ""UV"", ""isFullProcess"": true, ""isOutsourceJob"": false, ""isSingleProcess"": false, ""isInhouseMaterial"": true, ""isCustomerMaterial"": false, ""allowAdvancePayment"": true, ""requireCostingApproval"": true}","{""model"": ""agentic-workspace-v1"", ""enabled"": true, ""purpose"": ""process-work-guidance""}","{""seededFrom"": ""mst_process + mst_job_type + mst_department"", ""taskTypeLogic"": ""process.isapprovalrequired + client approval + job-type nature"", ""partyRoutingDepartment"": 9999}","NORMAL",True,True,242,"SYSTEM","2026-04-16 08:57:33.887592",NULL,"2026-04-16 08:57:33.887592"
"2051",1005,"FULL_UV",24,24,"BIND","BIND","1011","TASK_OVERDUE","Binding Overdue",NULL,0,"INTERNAL",True,False,False,False,False,False,False,False,False,True,True,False,"P_BIND","[FULL_UV] Binding [TASK_OVERDUE] - {job_no}","Process: Binding (BIND)
Event: TASK_OVERDUE
Job No: {job_no}
Work Note: Update step status and part-wise completion in workspace.","8.00","2.00",NULL,"2.00","OVERDUE",False,NULL,"{""channels"": {""push"": true, ""email"": true, ""workspace"": true}, ""eventType"": ""TASK_OVERDUE"", ""jobTypeCode"": ""FULL_UV"", ""jobTypeName"": ""Full Job – UV Printing"", ""processCode"": ""BIND"", ""printingMode"": ""UV"", ""isFullProcess"": true, ""isOutsourceJob"": false, ""isSingleProcess"": false, ""isInhouseMaterial"": true, ""isCustomerMaterial"": false, ""allowAdvancePayment"": true, ""requireCostingApproval"": true}","{""model"": ""agentic-workspace-v1"", ""enabled"": true, ""purpose"": ""process-work-guidance""}","{""seededFrom"": ""mst_process + mst_job_type + mst_department"", ""taskTypeLogic"": ""process.isapprovalrequired + client approval + job-type nature"", ""partyRoutingDepartment"": 9999}","NORMAL",True,True,243,"SYSTEM","2026-04-16 08:57:33.887592",NULL,"2026-04-16 08:57:33.887592"
"2052",1005,"FULL_UV",24,24,"BIND","BIND","1011","TASK_COMPLETED","Binding Completed",NULL,0,"INTERNAL",True,False,False,False,False,False,False,False,False,True,True,False,"P_BIND","[FULL_UV] Binding [TASK_COMPLETED] - {job_no}","Process: Binding (BIND)
Event: TASK_COMPLETED
Job No: {job_no}
Work Note: Update step status and part-wise completion in workspace.","8.00","2.00",NULL,"2.00","COMPLETED",False,NULL,"{""channels"": {""push"": true, ""email"": true, ""workspace"": true}, ""eventType"": ""TASK_COMPLETED"", ""jobTypeCode"": ""FULL_UV"", ""jobTypeName"": ""Full Job – UV Printing"", ""processCode"": ""BIND"", ""printingMode"": ""UV"", ""isFullProcess"": true, ""isOutsourceJob"": false, ""isSingleProcess"": false, ""isInhouseMaterial"": true, ""isCustomerMaterial"": false, ""allowAdvancePayment"": true, ""requireCostingApproval"": true}","{""model"": ""agentic-workspace-v1"", ""enabled"": true, ""purpose"": ""process-work-guidance""}","{""seededFrom"": ""mst_process + mst_job_type + mst_department"", ""taskTypeLogic"": ""process.isapprovalrequired + client approval + job-type nature"", ""partyRoutingDepartment"": 9999}","NORMAL",True,True,244,"SYSTEM","2026-04-16 08:57:33.887592",NULL,"2026-04-16 08:57:33.887592"
"2053",1005,"FULL_UV",25,25,"TRIM","TRIM","1011","PROC_START","Final Trim Started",NULL,0,"INTERNAL",True,False,False,False,False,False,False,False,False,True,True,False,"P_TRIM","[FULL_UV] Trimming [PROC_START] - {job_no}","Process: Final Trim (TRIM)
Event: PROC_START
Job No: {job_no}
Work Note: Update step status and part-wise completion in workspace.","4.00","2.00",NULL,"2.00","PENDING",True,NULL,"{""channels"": {""push"": true, ""email"": true, ""workspace"": true}, ""eventType"": ""PROC_START"", ""jobTypeCode"": ""FULL_UV"", ""jobTypeName"": ""Full Job – UV Printing"", ""processCode"": ""TRIM"", ""printingMode"": ""UV"", ""isFullProcess"": true, ""isOutsourceJob"": false, ""isSingleProcess"": false, ""isInhouseMaterial"": true, ""isCustomerMaterial"": false, ""allowAdvancePayment"": true, ""requireCostingApproval"": true}","{""model"": ""agentic-workspace-v1"", ""enabled"": true, ""purpose"": ""process-work-guidance""}","{""seededFrom"": ""mst_process + mst_job_type + mst_department"", ""taskTypeLogic"": ""process.isapprovalrequired + client approval + job-type nature"", ""partyRoutingDepartment"": 9999}","NORMAL",True,True,251,"SYSTEM","2026-04-16 08:57:33.887592",NULL,"2026-04-16 08:57:33.887592"
"2054",1005,"FULL_UV",25,25,"TRIM","TRIM","1011","TASK_ASSIGNED","Final Trim Assigned",NULL,0,"INTERNAL",True,False,False,False,False,False,False,False,False,True,True,False,"P_TRIM","[FULL_UV] Trimming [TASK_ASSIGNED] - {job_no}","Process: Final Trim (TRIM)
Event: TASK_ASSIGNED
Job No: {job_no}
Work Note: Update step status and part-wise completion in workspace.","4.00","2.00",NULL,"2.00","PENDING",True,NULL,"{""channels"": {""push"": true, ""email"": true, ""workspace"": true}, ""eventType"": ""TASK_ASSIGNED"", ""jobTypeCode"": ""FULL_UV"", ""jobTypeName"": ""Full Job – UV Printing"", ""processCode"": ""TRIM"", ""printingMode"": ""UV"", ""isFullProcess"": true, ""isOutsourceJob"": false, ""isSingleProcess"": false, ""isInhouseMaterial"": true, ""isCustomerMaterial"": false, ""allowAdvancePayment"": true, ""requireCostingApproval"": true}","{""model"": ""agentic-workspace-v1"", ""enabled"": true, ""purpose"": ""process-work-guidance""}","{""seededFrom"": ""mst_process + mst_job_type + mst_department"", ""taskTypeLogic"": ""process.isapprovalrequired + client approval + job-type nature"", ""partyRoutingDepartment"": 9999}","NORMAL",True,True,252,"SYSTEM","2026-04-16 08:57:33.887592",NULL,"2026-04-16 08:57:33.887592"
"2055",1005,"FULL_UV",25,25,"TRIM","TRIM","1011","TASK_OVERDUE","Final Trim Overdue",NULL,0,"INTERNAL",True,False,False,False,False,False,False,False,False,True,True,False,"P_TRIM","[FULL_UV] Trimming [TASK_OVERDUE] - {job_no}","Process: Final Trim (TRIM)
Event: TASK_OVERDUE
Job No: {job_no}
Work Note: Update step status and part-wise completion in workspace.","4.00","2.00",NULL,"2.00","OVERDUE",False,NULL,"{""channels"": {""push"": true, ""email"": true, ""workspace"": true}, ""eventType"": ""TASK_OVERDUE"", ""jobTypeCode"": ""FULL_UV"", ""jobTypeName"": ""Full Job – UV Printing"", ""processCode"": ""TRIM"", ""printingMode"": ""UV"", ""isFullProcess"": true, ""isOutsourceJob"": false, ""isSingleProcess"": false, ""isInhouseMaterial"": true, ""isCustomerMaterial"": false, ""allowAdvancePayment"": true, ""requireCostingApproval"": true}","{""model"": ""agentic-workspace-v1"", ""enabled"": true, ""purpose"": ""process-work-guidance""}","{""seededFrom"": ""mst_process + mst_job_type + mst_department"", ""taskTypeLogic"": ""process.isapprovalrequired + client approval + job-type nature"", ""partyRoutingDepartment"": 9999}","NORMAL",True,True,253,"SYSTEM","2026-04-16 08:57:33.887592",NULL,"2026-04-16 08:57:33.887592"
"2056",1005,"FULL_UV",25,25,"TRIM","TRIM","1011","TASK_COMPLETED","Final Trim Completed",NULL,0,"INTERNAL",True,False,False,False,False,False,False,False,False,True,True,False,"P_TRIM","[FULL_UV] Trimming [TASK_COMPLETED] - {job_no}","Process: Final Trim (TRIM)
Event: TASK_COMPLETED
Job No: {job_no}
Work Note: Update step status and part-wise completion in workspace.","4.00","2.00",NULL,"2.00","COMPLETED",False,NULL,"{""channels"": {""push"": true, ""email"": true, ""workspace"": true}, ""eventType"": ""TASK_COMPLETED"", ""jobTypeCode"": ""FULL_UV"", ""jobTypeName"": ""Full Job – UV Printing"", ""processCode"": ""TRIM"", ""printingMode"": ""UV"", ""isFullProcess"": true, ""isOutsourceJob"": false, ""isSingleProcess"": false, ""isInhouseMaterial"": true, ""isCustomerMaterial"": false, ""allowAdvancePayment"": true, ""requireCostingApproval"": true}","{""model"": ""agentic-workspace-v1"", ""enabled"": true, ""purpose"": ""process-work-guidance""}","{""seededFrom"": ""mst_process + mst_job_type + mst_department"", ""taskTypeLogic"": ""process.isapprovalrequired + client approval + job-type nature"", ""partyRoutingDepartment"": 9999}","NORMAL",True,True,254,"SYSTEM","2026-04-16 08:57:33.887592",NULL,"2026-04-16 08:57:33.887592"
"2057",1005,"FULL_UV",26,26,"QC_POST","QC_POST","1016","PROC_START","Post Press QC Started",NULL,1,"INTERNAL",True,True,False,True,False,False,False,False,False,True,True,False,"P_QC_POST","[FULL_UV] Post QC [PROC_START] - {job_no}","Process: Post Press QC (QC_POST)
Event: PROC_START
Job No: {job_no}
Work Note: Update step status and part-wise completion in workspace.","4.00","2.00","DEPT_HEAD","2.00","PENDING",True,NULL,"{""channels"": {""push"": true, ""email"": true, ""workspace"": true}, ""eventType"": ""PROC_START"", ""jobTypeCode"": ""FULL_UV"", ""jobTypeName"": ""Full Job – UV Printing"", ""processCode"": ""QC_POST"", ""printingMode"": ""UV"", ""isFullProcess"": true, ""isOutsourceJob"": false, ""isSingleProcess"": false, ""isInhouseMaterial"": true, ""isCustomerMaterial"": false, ""allowAdvancePayment"": true, ""requireCostingApproval"": true}","{""model"": ""agentic-workspace-v1"", ""enabled"": true, ""purpose"": ""process-work-guidance""}","{""seededFrom"": ""mst_process + mst_job_type + mst_department"", ""taskTypeLogic"": ""process.isapprovalrequired + client approval + job-type nature"", ""partyRoutingDepartment"": 9999}","HIGH",True,True,261,"SYSTEM","2026-04-16 08:57:33.887592",NULL,"2026-04-16 08:57:33.887592"
"2058",1005,"FULL_UV",26,26,"QC_POST","QC_POST","1016","TASK_ASSIGNED","Post Press QC Assigned",NULL,1,"INTERNAL",True,True,False,True,False,False,False,False,False,True,True,False,"P_QC_POST","[FULL_UV] Post QC [TASK_ASSIGNED] - {job_no}","Process: Post Press QC (QC_POST)
Event: TASK_ASSIGNED
Job No: {job_no}
Work Note: Update step status and part-wise completion in workspace.","4.00","2.00","DEPT_HEAD","2.00","PENDING",True,NULL,"{""channels"": {""push"": true, ""email"": true, ""workspace"": true}, ""eventType"": ""TASK_ASSIGNED"", ""jobTypeCode"": ""FULL_UV"", ""jobTypeName"": ""Full Job – UV Printing"", ""processCode"": ""QC_POST"", ""printingMode"": ""UV"", ""isFullProcess"": true, ""isOutsourceJob"": false, ""isSingleProcess"": false, ""isInhouseMaterial"": true, ""isCustomerMaterial"": false, ""allowAdvancePayment"": true, ""requireCostingApproval"": true}","{""model"": ""agentic-workspace-v1"", ""enabled"": true, ""purpose"": ""process-work-guidance""}","{""seededFrom"": ""mst_process + mst_job_type + mst_department"", ""taskTypeLogic"": ""process.isapprovalrequired + client approval + job-type nature"", ""partyRoutingDepartment"": 9999}","HIGH",True,True,262,"SYSTEM","2026-04-16 08:57:33.887592",NULL,"2026-04-16 08:57:33.887592"
"2059",1005,"FULL_UV",26,26,"QC_POST","QC_POST","1016","TASK_OVERDUE","Post Press QC Overdue",NULL,1,"INTERNAL",True,True,False,True,False,False,False,False,False,True,True,False,"P_QC_POST","[FULL_UV] Post QC [TASK_OVERDUE] - {job_no}","Process: Post Press QC (QC_POST)
Event: TASK_OVERDUE
Job No: {job_no}
Work Note: Update step status and part-wise completion in workspace.","4.00","2.00","DEPT_HEAD","2.00","OVERDUE",False,NULL,"{""channels"": {""push"": true, ""email"": true, ""workspace"": true}, ""eventType"": ""TASK_OVERDUE"", ""jobTypeCode"": ""FULL_UV"", ""jobTypeName"": ""Full Job – UV Printing"", ""processCode"": ""QC_POST"", ""printingMode"": ""UV"", ""isFullProcess"": true, ""isOutsourceJob"": false, ""isSingleProcess"": false, ""isInhouseMaterial"": true, ""isCustomerMaterial"": false, ""allowAdvancePayment"": true, ""requireCostingApproval"": true}","{""model"": ""agentic-workspace-v1"", ""enabled"": true, ""purpose"": ""process-work-guidance""}","{""seededFrom"": ""mst_process + mst_job_type + mst_department"", ""taskTypeLogic"": ""process.isapprovalrequired + client approval + job-type nature"", ""partyRoutingDepartment"": 9999}","HIGH",True,True,263,"SYSTEM","2026-04-16 08:57:33.887592",NULL,"2026-04-16 08:57:33.887592"
"2060",1005,"FULL_UV",26,26,"QC_POST","QC_POST","1016","TASK_COMPLETED","Post Press QC Completed",NULL,1,"INTERNAL",True,True,False,True,False,False,False,False,False,True,True,False,"P_QC_POST","[FULL_UV] Post QC [TASK_COMPLETED] - {job_no}","Process: Post Press QC (QC_POST)
Event: TASK_COMPLETED
Job No: {job_no}
Work Note: Update step status and part-wise completion in workspace.","4.00","2.00","DEPT_HEAD","2.00","COMPLETED",False,NULL,"{""channels"": {""push"": true, ""email"": true, ""workspace"": true}, ""eventType"": ""TASK_COMPLETED"", ""jobTypeCode"": ""FULL_UV"", ""jobTypeName"": ""Full Job – UV Printing"", ""processCode"": ""QC_POST"", ""printingMode"": ""UV"", ""isFullProcess"": true, ""isOutsourceJob"": false, ""isSingleProcess"": false, ""isInhouseMaterial"": true, ""isCustomerMaterial"": false, ""allowAdvancePayment"": true, ""requireCostingApproval"": true}","{""model"": ""agentic-workspace-v1"", ""enabled"": true, ""purpose"": ""process-work-guidance""}","{""seededFrom"": ""mst_process + mst_job_type + mst_department"", ""taskTypeLogic"": ""process.isapprovalrequired + client approval + job-type nature"", ""partyRoutingDepartment"": 9999}","HIGH",True,True,264,"SYSTEM","2026-04-16 08:57:33.887592",NULL,"2026-04-16 08:57:33.887592"
"2061",1005,"FULL_UV",27,27,"PACK","PACK","1012","PROC_START","Packing Started",NULL,0,"INTERNAL",True,False,False,False,False,False,False,False,False,True,True,False,"P_PACK","[FULL_UV] Packing [PROC_START] - {job_no}","Process: Packing (PACK)
Event: PROC_START
Job No: {job_no}
Work Note: Update step status and part-wise completion in workspace.","3.00","2.00",NULL,"2.00","PENDING",True,NULL,"{""channels"": {""push"": true, ""email"": true, ""workspace"": true}, ""eventType"": ""PROC_START"", ""jobTypeCode"": ""FULL_UV"", ""jobTypeName"": ""Full Job – UV Printing"", ""processCode"": ""PACK"", ""printingMode"": ""UV"", ""isFullProcess"": true, ""isOutsourceJob"": false, ""isSingleProcess"": false, ""isInhouseMaterial"": true, ""isCustomerMaterial"": false, ""allowAdvancePayment"": true, ""requireCostingApproval"": true}","{""model"": ""agentic-workspace-v1"", ""enabled"": true, ""purpose"": ""process-work-guidance""}","{""seededFrom"": ""mst_process + mst_job_type + mst_department"", ""taskTypeLogic"": ""process.isapprovalrequired + client approval + job-type nature"", ""partyRoutingDepartment"": 9999}","NORMAL",True,True,271,"SYSTEM","2026-04-16 08:57:33.887592",NULL,"2026-04-16 08:57:33.887592"
"2062",1005,"FULL_UV",27,27,"PACK","PACK","1012","TASK_ASSIGNED","Packing Assigned",NULL,0,"INTERNAL",True,False,False,False,False,False,False,False,False,True,True,False,"P_PACK","[FULL_UV] Packing [TASK_ASSIGNED] - {job_no}","Process: Packing (PACK)
Event: TASK_ASSIGNED
Job No: {job_no}
Work Note: Update step status and part-wise completion in workspace.","3.00","2.00",NULL,"2.00","PENDING",True,NULL,"{""channels"": {""push"": true, ""email"": true, ""workspace"": true}, ""eventType"": ""TASK_ASSIGNED"", ""jobTypeCode"": ""FULL_UV"", ""jobTypeName"": ""Full Job – UV Printing"", ""processCode"": ""PACK"", ""printingMode"": ""UV"", ""isFullProcess"": true, ""isOutsourceJob"": false, ""isSingleProcess"": false, ""isInhouseMaterial"": true, ""isCustomerMaterial"": false, ""allowAdvancePayment"": true, ""requireCostingApproval"": true}","{""model"": ""agentic-workspace-v1"", ""enabled"": true, ""purpose"": ""process-work-guidance""}","{""seededFrom"": ""mst_process + mst_job_type + mst_department"", ""taskTypeLogic"": ""process.isapprovalrequired + client approval + job-type nature"", ""partyRoutingDepartment"": 9999}","NORMAL",True,True,272,"SYSTEM","2026-04-16 08:57:33.887592",NULL,"2026-04-16 08:57:33.887592"
"2063",1005,"FULL_UV",27,27,"PACK","PACK","1012","TASK_OVERDUE","Packing Overdue",NULL,0,"INTERNAL",True,False,False,False,False,False,False,False,False,True,True,False,"P_PACK","[FULL_UV] Packing [TASK_OVERDUE] - {job_no}","Process: Packing (PACK)
Event: TASK_OVERDUE
Job No: {job_no}
Work Note: Update step status and part-wise completion in workspace.","3.00","2.00",NULL,"2.00","OVERDUE",False,NULL,"{""channels"": {""push"": true, ""email"": true, ""workspace"": true}, ""eventType"": ""TASK_OVERDUE"", ""jobTypeCode"": ""FULL_UV"", ""jobTypeName"": ""Full Job – UV Printing"", ""processCode"": ""PACK"", ""printingMode"": ""UV"", ""isFullProcess"": true, ""isOutsourceJob"": false, ""isSingleProcess"": false, ""isInhouseMaterial"": true, ""isCustomerMaterial"": false, ""allowAdvancePayment"": true, ""requireCostingApproval"": true}","{""model"": ""agentic-workspace-v1"", ""enabled"": true, ""purpose"": ""process-work-guidance""}","{""seededFrom"": ""mst_process + mst_job_type + mst_department"", ""taskTypeLogic"": ""process.isapprovalrequired + client approval + job-type nature"", ""partyRoutingDepartment"": 9999}","NORMAL",True,True,273,"SYSTEM","2026-04-16 08:57:33.887592",NULL,"2026-04-16 08:57:33.887592"
"2064",1005,"FULL_UV",27,27,"PACK","PACK","1012","TASK_COMPLETED","Packing Completed",NULL,0,"INTERNAL",True,False,False,False,False,False,False,False,False,True,True,False,"P_PACK","[FULL_UV] Packing [TASK_COMPLETED] - {job_no}","Process: Packing (PACK)
Event: TASK_COMPLETED
Job No: {job_no}
Work Note: Update step status and part-wise completion in workspace.","3.00","2.00",NULL,"2.00","COMPLETED",False,NULL,"{""channels"": {""push"": true, ""email"": true, ""workspace"": true}, ""eventType"": ""TASK_COMPLETED"", ""jobTypeCode"": ""FULL_UV"", ""jobTypeName"": ""Full Job – UV Printing"", ""processCode"": ""PACK"", ""printingMode"": ""UV"", ""isFullProcess"": true, ""isOutsourceJob"": false, ""isSingleProcess"": false, ""isInhouseMaterial"": true, ""isCustomerMaterial"": false, ""allowAdvancePayment"": true, ""requireCostingApproval"": true}","{""model"": ""agentic-workspace-v1"", ""enabled"": true, ""purpose"": ""process-work-guidance""}","{""seededFrom"": ""mst_process + mst_job_type + mst_department"", ""taskTypeLogic"": ""process.isapprovalrequired + client approval + job-type nature"", ""partyRoutingDepartment"": 9999}","NORMAL",True,True,274,"SYSTEM","2026-04-16 08:57:33.887592",NULL,"2026-04-16 08:57:33.887592"
"2065",1005,"FULL_UV",28,28,"LOAD","LOAD","1013","PROC_START","Loading Started",NULL,0,"INTERNAL",True,False,False,False,False,False,False,False,False,True,True,False,"P_LOAD","[FULL_UV] Loading [PROC_START] - {job_no}","Process: Loading (LOAD)
Event: PROC_START
Job No: {job_no}
Work Note: Update step status and part-wise completion in workspace.","2.00","2.00",NULL,"2.00","PENDING",True,NULL,"{""channels"": {""push"": true, ""email"": true, ""workspace"": true}, ""eventType"": ""PROC_START"", ""jobTypeCode"": ""FULL_UV"", ""jobTypeName"": ""Full Job – UV Printing"", ""processCode"": ""LOAD"", ""printingMode"": ""UV"", ""isFullProcess"": true, ""isOutsourceJob"": false, ""isSingleProcess"": false, ""isInhouseMaterial"": true, ""isCustomerMaterial"": false, ""allowAdvancePayment"": true, ""requireCostingApproval"": true}","{""model"": ""agentic-workspace-v1"", ""enabled"": true, ""purpose"": ""process-work-guidance""}","{""seededFrom"": ""mst_process + mst_job_type + mst_department"", ""taskTypeLogic"": ""process.isapprovalrequired + client approval + job-type nature"", ""partyRoutingDepartment"": 9999}","NORMAL",True,True,281,"SYSTEM","2026-04-16 08:57:33.887592",NULL,"2026-04-16 08:57:33.887592"
"2066",1005,"FULL_UV",28,28,"LOAD","LOAD","1013","TASK_ASSIGNED","Loading Assigned",NULL,0,"INTERNAL",True,False,False,False,False,False,False,False,False,True,True,False,"P_LOAD","[FULL_UV] Loading [TASK_ASSIGNED] - {job_no}","Process: Loading (LOAD)
Event: TASK_ASSIGNED
Job No: {job_no}
Work Note: Update step status and part-wise completion in workspace.","2.00","2.00",NULL,"2.00","PENDING",True,NULL,"{""channels"": {""push"": true, ""email"": true, ""workspace"": true}, ""eventType"": ""TASK_ASSIGNED"", ""jobTypeCode"": ""FULL_UV"", ""jobTypeName"": ""Full Job – UV Printing"", ""processCode"": ""LOAD"", ""printingMode"": ""UV"", ""isFullProcess"": true, ""isOutsourceJob"": false, ""isSingleProcess"": false, ""isInhouseMaterial"": true, ""isCustomerMaterial"": false, ""allowAdvancePayment"": true, ""requireCostingApproval"": true}","{""model"": ""agentic-workspace-v1"", ""enabled"": true, ""purpose"": ""process-work-guidance""}","{""seededFrom"": ""mst_process + mst_job_type + mst_department"", ""taskTypeLogic"": ""process.isapprovalrequired + client approval + job-type nature"", ""partyRoutingDepartment"": 9999}","NORMAL",True,True,282,"SYSTEM","2026-04-16 08:57:33.887592",NULL,"2026-04-16 08:57:33.887592"
"2067",1005,"FULL_UV",28,28,"LOAD","LOAD","1013","TASK_OVERDUE","Loading Overdue",NULL,0,"INTERNAL",True,False,False,False,False,False,False,False,False,True,True,False,"P_LOAD","[FULL_UV] Loading [TASK_OVERDUE] - {job_no}","Process: Loading (LOAD)
Event: TASK_OVERDUE
Job No: {job_no}
Work Note: Update step status and part-wise completion in workspace.","2.00","2.00",NULL,"2.00","OVERDUE",False,NULL,"{""channels"": {""push"": true, ""email"": true, ""workspace"": true}, ""eventType"": ""TASK_OVERDUE"", ""jobTypeCode"": ""FULL_UV"", ""jobTypeName"": ""Full Job – UV Printing"", ""processCode"": ""LOAD"", ""printingMode"": ""UV"", ""isFullProcess"": true, ""isOutsourceJob"": false, ""isSingleProcess"": false, ""isInhouseMaterial"": true, ""isCustomerMaterial"": false, ""allowAdvancePayment"": true, ""requireCostingApproval"": true}","{""model"": ""agentic-workspace-v1"", ""enabled"": true, ""purpose"": ""process-work-guidance""}","{""seededFrom"": ""mst_process + mst_job_type + mst_department"", ""taskTypeLogic"": ""process.isapprovalrequired + client approval + job-type nature"", ""partyRoutingDepartment"": 9999}","NORMAL",True,True,283,"SYSTEM","2026-04-16 08:57:33.887592",NULL,"2026-04-16 08:57:33.887592"
"2068",1005,"FULL_UV",28,28,"LOAD","LOAD","1013","TASK_COMPLETED","Loading Completed",NULL,0,"INTERNAL",True,False,False,False,False,False,False,False,False,True,True,False,"P_LOAD","[FULL_UV] Loading [TASK_COMPLETED] - {job_no}","Process: Loading (LOAD)
Event: TASK_COMPLETED
Job No: {job_no}
Work Note: Update step status and part-wise completion in workspace.","2.00","2.00",NULL,"2.00","COMPLETED",False,NULL,"{""channels"": {""push"": true, ""email"": true, ""workspace"": true}, ""eventType"": ""TASK_COMPLETED"", ""jobTypeCode"": ""FULL_UV"", ""jobTypeName"": ""Full Job – UV Printing"", ""processCode"": ""LOAD"", ""printingMode"": ""UV"", ""isFullProcess"": true, ""isOutsourceJob"": false, ""isSingleProcess"": false, ""isInhouseMaterial"": true, ""isCustomerMaterial"": false, ""allowAdvancePayment"": true, ""requireCostingApproval"": true}","{""model"": ""agentic-workspace-v1"", ""enabled"": true, ""purpose"": ""process-work-guidance""}","{""seededFrom"": ""mst_process + mst_job_type + mst_department"", ""taskTypeLogic"": ""process.isapprovalrequired + client approval + job-type nature"", ""partyRoutingDepartment"": 9999}","NORMAL",True,True,284,"SYSTEM","2026-04-16 08:57:33.887592",NULL,"2026-04-16 08:57:33.887592"
"2069",1005,"FULL_UV",29,29,"CHALLAN","CHALLAN","1004","PROC_START","Delivery Challan Started",NULL,1,"INTERNAL",True,True,False,True,False,False,False,False,False,True,True,False,"P_CHALLAN","[FULL_UV] Challan [PROC_START] - {job_no}","Process: Delivery Challan (CHALLAN)
Event: PROC_START
Job No: {job_no}
Work Note: Update step status and part-wise completion in workspace.","2.00","1.00","DEPT_HEAD","2.00","PENDING",True,NULL,"{""channels"": {""push"": true, ""email"": true, ""workspace"": true}, ""eventType"": ""PROC_START"", ""jobTypeCode"": ""FULL_UV"", ""jobTypeName"": ""Full Job – UV Printing"", ""processCode"": ""CHALLAN"", ""printingMode"": ""UV"", ""isFullProcess"": true, ""isOutsourceJob"": false, ""isSingleProcess"": false, ""isInhouseMaterial"": true, ""isCustomerMaterial"": false, ""allowAdvancePayment"": true, ""requireCostingApproval"": true}","{""model"": ""agentic-workspace-v1"", ""enabled"": true, ""purpose"": ""process-work-guidance""}","{""seededFrom"": ""mst_process + mst_job_type + mst_department"", ""taskTypeLogic"": ""process.isapprovalrequired + client approval + job-type nature"", ""partyRoutingDepartment"": 9999}","HIGH",True,True,291,"SYSTEM","2026-04-16 08:57:33.887592",NULL,"2026-04-16 08:57:33.887592"
"2070",1005,"FULL_UV",29,29,"CHALLAN","CHALLAN","1004","TASK_ASSIGNED","Delivery Challan Assigned",NULL,1,"INTERNAL",True,True,False,True,False,False,False,False,False,True,True,False,"P_CHALLAN","[FULL_UV] Challan [TASK_ASSIGNED] - {job_no}","Process: Delivery Challan (CHALLAN)
Event: TASK_ASSIGNED
Job No: {job_no}
Work Note: Update step status and part-wise completion in workspace.","2.00","1.00","DEPT_HEAD","2.00","PENDING",True,NULL,"{""channels"": {""push"": true, ""email"": true, ""workspace"": true}, ""eventType"": ""TASK_ASSIGNED"", ""jobTypeCode"": ""FULL_UV"", ""jobTypeName"": ""Full Job – UV Printing"", ""processCode"": ""CHALLAN"", ""printingMode"": ""UV"", ""isFullProcess"": true, ""isOutsourceJob"": false, ""isSingleProcess"": false, ""isInhouseMaterial"": true, ""isCustomerMaterial"": false, ""allowAdvancePayment"": true, ""requireCostingApproval"": true}","{""model"": ""agentic-workspace-v1"", ""enabled"": true, ""purpose"": ""process-work-guidance""}","{""seededFrom"": ""mst_process + mst_job_type + mst_department"", ""taskTypeLogic"": ""process.isapprovalrequired + client approval + job-type nature"", ""partyRoutingDepartment"": 9999}","HIGH",True,True,292,"SYSTEM","2026-04-16 08:57:33.887592",NULL,"2026-04-16 08:57:33.887592"
"2071",1005,"FULL_UV",29,29,"CHALLAN","CHALLAN","1004","TASK_OVERDUE","Delivery Challan Overdue",NULL,1,"INTERNAL",True,True,False,True,False,False,False,False,False,True,True,False,"P_CHALLAN","[FULL_UV] Challan [TASK_OVERDUE] - {job_no}","Process: Delivery Challan (CHALLAN)
Event: TASK_OVERDUE
Job No: {job_no}
Work Note: Update step status and part-wise completion in workspace.","2.00","1.00","DEPT_HEAD","2.00","OVERDUE",False,NULL,"{""channels"": {""push"": true, ""email"": true, ""workspace"": true}, ""eventType"": ""TASK_OVERDUE"", ""jobTypeCode"": ""FULL_UV"", ""jobTypeName"": ""Full Job – UV Printing"", ""processCode"": ""CHALLAN"", ""printingMode"": ""UV"", ""isFullProcess"": true, ""isOutsourceJob"": false, ""isSingleProcess"": false, ""isInhouseMaterial"": true, ""isCustomerMaterial"": false, ""allowAdvancePayment"": true, ""requireCostingApproval"": true}","{""model"": ""agentic-workspace-v1"", ""enabled"": true, ""purpose"": ""process-work-guidance""}","{""seededFrom"": ""mst_process + mst_job_type + mst_department"", ""taskTypeLogic"": ""process.isapprovalrequired + client approval + job-type nature"", ""partyRoutingDepartment"": 9999}","HIGH",True,True,293,"SYSTEM","2026-04-16 08:57:33.887592",NULL,"2026-04-16 08:57:33.887592"
"2072",1005,"FULL_UV",29,29,"CHALLAN","CHALLAN","1004","TASK_COMPLETED","Delivery Challan Completed",NULL,1,"INTERNAL",True,True,False,True,False,False,False,False,False,True,True,False,"P_CHALLAN","[FULL_UV] Challan [TASK_COMPLETED] - {job_no}","Process: Delivery Challan (CHALLAN)
Event: TASK_COMPLETED
Job No: {job_no}
Work Note: Update step status and part-wise completion in workspace.","2.00","1.00","DEPT_HEAD","2.00","COMPLETED",False,NULL,"{""channels"": {""push"": true, ""email"": true, ""workspace"": true}, ""eventType"": ""TASK_COMPLETED"", ""jobTypeCode"": ""FULL_UV"", ""jobTypeName"": ""Full Job – UV Printing"", ""processCode"": ""CHALLAN"", ""printingMode"": ""UV"", ""isFullProcess"": true, ""isOutsourceJob"": false, ""isSingleProcess"": false, ""isInhouseMaterial"": true, ""isCustomerMaterial"": false, ""allowAdvancePayment"": true, ""requireCostingApproval"": true}","{""model"": ""agentic-workspace-v1"", ""enabled"": true, ""purpose"": ""process-work-guidance""}","{""seededFrom"": ""mst_process + mst_job_type + mst_department"", ""taskTypeLogic"": ""process.isapprovalrequired + client approval + job-type nature"", ""partyRoutingDepartment"": 9999}","HIGH",True,True,294,"SYSTEM","2026-04-16 08:57:33.887592",NULL,"2026-04-16 08:57:33.887592"
"2073",1005,"FULL_UV",30,30,"GATE_PASS","GATE_PASS","1018","PROC_START","Gate Pass Started",NULL,1,"INTERNAL",True,True,False,True,False,False,False,False,False,True,True,False,"P_GATE","[FULL_UV] Gate Pass [PROC_START] - {job_no}","Process: Gate Pass (GATE_PASS)
Event: PROC_START
Job No: {job_no}
Work Note: Update step status and part-wise completion in workspace.","1.00","1.00","DEPT_HEAD","2.00","PENDING",True,NULL,"{""channels"": {""push"": true, ""email"": true, ""workspace"": true}, ""eventType"": ""PROC_START"", ""jobTypeCode"": ""FULL_UV"", ""jobTypeName"": ""Full Job – UV Printing"", ""processCode"": ""GATE_PASS"", ""printingMode"": ""UV"", ""isFullProcess"": true, ""isOutsourceJob"": false, ""isSingleProcess"": false, ""isInhouseMaterial"": true, ""isCustomerMaterial"": false, ""allowAdvancePayment"": true, ""requireCostingApproval"": true}","{""model"": ""agentic-workspace-v1"", ""enabled"": true, ""purpose"": ""process-work-guidance""}","{""seededFrom"": ""mst_process + mst_job_type + mst_department"", ""taskTypeLogic"": ""process.isapprovalrequired + client approval + job-type nature"", ""partyRoutingDepartment"": 9999}","HIGH",True,True,301,"SYSTEM","2026-04-16 08:57:33.887592",NULL,"2026-04-16 08:57:33.887592"
"2074",1005,"FULL_UV",30,30,"GATE_PASS","GATE_PASS","1018","TASK_ASSIGNED","Gate Pass Assigned",NULL,1,"INTERNAL",True,True,False,True,False,False,False,False,False,True,True,False,"P_GATE","[FULL_UV] Gate Pass [TASK_ASSIGNED] - {job_no}","Process: Gate Pass (GATE_PASS)
Event: TASK_ASSIGNED
Job No: {job_no}
Work Note: Update step status and part-wise completion in workspace.","1.00","1.00","DEPT_HEAD","2.00","PENDING",True,NULL,"{""channels"": {""push"": true, ""email"": true, ""workspace"": true}, ""eventType"": ""TASK_ASSIGNED"", ""jobTypeCode"": ""FULL_UV"", ""jobTypeName"": ""Full Job – UV Printing"", ""processCode"": ""GATE_PASS"", ""printingMode"": ""UV"", ""isFullProcess"": true, ""isOutsourceJob"": false, ""isSingleProcess"": false, ""isInhouseMaterial"": true, ""isCustomerMaterial"": false, ""allowAdvancePayment"": true, ""requireCostingApproval"": true}","{""model"": ""agentic-workspace-v1"", ""enabled"": true, ""purpose"": ""process-work-guidance""}","{""seededFrom"": ""mst_process + mst_job_type + mst_department"", ""taskTypeLogic"": ""process.isapprovalrequired + client approval + job-type nature"", ""partyRoutingDepartment"": 9999}","HIGH",True,True,302,"SYSTEM","2026-04-16 08:57:33.887592",NULL,"2026-04-16 08:57:33.887592"
"2075",1005,"FULL_UV",30,30,"GATE_PASS","GATE_PASS","1018","TASK_OVERDUE","Gate Pass Overdue",NULL,1,"INTERNAL",True,True,False,True,False,False,False,False,False,True,True,False,"P_GATE","[FULL_UV] Gate Pass [TASK_OVERDUE] - {job_no}","Process: Gate Pass (GATE_PASS)
Event: TASK_OVERDUE
Job No: {job_no}
Work Note: Update step status and part-wise completion in workspace.","1.00","1.00","DEPT_HEAD","2.00","OVERDUE",False,NULL,"{""channels"": {""push"": true, ""email"": true, ""workspace"": true}, ""eventType"": ""TASK_OVERDUE"", ""jobTypeCode"": ""FULL_UV"", ""jobTypeName"": ""Full Job – UV Printing"", ""processCode"": ""GATE_PASS"", ""printingMode"": ""UV"", ""isFullProcess"": true, ""isOutsourceJob"": false, ""isSingleProcess"": false, ""isInhouseMaterial"": true, ""isCustomerMaterial"": false, ""allowAdvancePayment"": true, ""requireCostingApproval"": true}","{""model"": ""agentic-workspace-v1"", ""enabled"": true, ""purpose"": ""process-work-guidance""}","{""seededFrom"": ""mst_process + mst_job_type + mst_department"", ""taskTypeLogic"": ""process.isapprovalrequired + client approval + job-type nature"", ""partyRoutingDepartment"": 9999}","HIGH",True,True,303,"SYSTEM","2026-04-16 08:57:33.887592",NULL,"2026-04-16 08:57:33.887592"
"2076",1005,"FULL_UV",30,30,"GATE_PASS","GATE_PASS","1018","TASK_COMPLETED","Gate Pass Completed",NULL,1,"INTERNAL",True,True,False,True,False,False,False,False,False,True,True,False,"P_GATE","[FULL_UV] Gate Pass [TASK_COMPLETED] - {job_no}","Process: Gate Pass (GATE_PASS)
Event: TASK_COMPLETED
Job No: {job_no}
Work Note: Update step status and part-wise completion in workspace.","1.00","1.00","DEPT_HEAD","2.00","COMPLETED",False,NULL,"{""channels"": {""push"": true, ""email"": true, ""workspace"": true}, ""eventType"": ""TASK_COMPLETED"", ""jobTypeCode"": ""FULL_UV"", ""jobTypeName"": ""Full Job – UV Printing"", ""processCode"": ""GATE_PASS"", ""printingMode"": ""UV"", ""isFullProcess"": true, ""isOutsourceJob"": false, ""isSingleProcess"": false, ""isInhouseMaterial"": true, ""isCustomerMaterial"": false, ""allowAdvancePayment"": true, ""requireCostingApproval"": true}","{""model"": ""agentic-workspace-v1"", ""enabled"": true, ""purpose"": ""process-work-guidance""}","{""seededFrom"": ""mst_process + mst_job_type + mst_department"", ""taskTypeLogic"": ""process.isapprovalrequired + client approval + job-type nature"", ""partyRoutingDepartment"": 9999}","HIGH",True,True,304,"SYSTEM","2026-04-16 08:57:33.887592",NULL,"2026-04-16 08:57:33.887592"
"2077",1005,"FULL_UV",31,31,"DISPATCH","DISPATCH","1013","PROC_START","Dispatch Started",NULL,0,"INTERNAL",True,False,False,False,False,False,False,False,False,True,True,False,"P_DISPATCH","[FULL_UV] Dispatch [PROC_START] - {job_no}","Process: Dispatch (DISPATCH)
Event: PROC_START
Job No: {job_no}
Work Note: Update step status and part-wise completion in workspace.","2.00","1.00",NULL,"2.00","PENDING",True,NULL,"{""channels"": {""push"": true, ""email"": true, ""workspace"": true}, ""eventType"": ""PROC_START"", ""jobTypeCode"": ""FULL_UV"", ""jobTypeName"": ""Full Job – UV Printing"", ""processCode"": ""DISPATCH"", ""printingMode"": ""UV"", ""isFullProcess"": true, ""isOutsourceJob"": false, ""isSingleProcess"": false, ""isInhouseMaterial"": true, ""isCustomerMaterial"": false, ""allowAdvancePayment"": true, ""requireCostingApproval"": true}","{""model"": ""agentic-workspace-v1"", ""enabled"": true, ""purpose"": ""process-work-guidance""}","{""seededFrom"": ""mst_process + mst_job_type + mst_department"", ""taskTypeLogic"": ""process.isapprovalrequired + client approval + job-type nature"", ""partyRoutingDepartment"": 9999}","NORMAL",True,True,311,"SYSTEM","2026-04-16 08:57:33.887592",NULL,"2026-04-16 08:57:33.887592"
"2078",1005,"FULL_UV",31,31,"DISPATCH","DISPATCH","1013","TASK_ASSIGNED","Dispatch Assigned",NULL,0,"INTERNAL",True,False,False,False,False,False,False,False,False,True,True,False,"P_DISPATCH","[FULL_UV] Dispatch [TASK_ASSIGNED] - {job_no}","Process: Dispatch (DISPATCH)
Event: TASK_ASSIGNED
Job No: {job_no}
Work Note: Update step status and part-wise completion in workspace.","2.00","1.00",NULL,"2.00","PENDING",True,NULL,"{""channels"": {""push"": true, ""email"": true, ""workspace"": true}, ""eventType"": ""TASK_ASSIGNED"", ""jobTypeCode"": ""FULL_UV"", ""jobTypeName"": ""Full Job – UV Printing"", ""processCode"": ""DISPATCH"", ""printingMode"": ""UV"", ""isFullProcess"": true, ""isOutsourceJob"": false, ""isSingleProcess"": false, ""isInhouseMaterial"": true, ""isCustomerMaterial"": false, ""allowAdvancePayment"": true, ""requireCostingApproval"": true}","{""model"": ""agentic-workspace-v1"", ""enabled"": true, ""purpose"": ""process-work-guidance""}","{""seededFrom"": ""mst_process + mst_job_type + mst_department"", ""taskTypeLogic"": ""process.isapprovalrequired + client approval + job-type nature"", ""partyRoutingDepartment"": 9999}","NORMAL",True,True,312,"SYSTEM","2026-04-16 08:57:33.887592",NULL,"2026-04-16 08:57:33.887592"
"2079",1005,"FULL_UV",31,31,"DISPATCH","DISPATCH","1013","TASK_OVERDUE","Dispatch Overdue",NULL,0,"INTERNAL",True,False,False,False,False,False,False,False,False,True,True,False,"P_DISPATCH","[FULL_UV] Dispatch [TASK_OVERDUE] - {job_no}","Process: Dispatch (DISPATCH)
Event: TASK_OVERDUE
Job No: {job_no}
Work Note: Update step status and part-wise completion in workspace.","2.00","1.00",NULL,"2.00","OVERDUE",False,NULL,"{""channels"": {""push"": true, ""email"": true, ""workspace"": true}, ""eventType"": ""TASK_OVERDUE"", ""jobTypeCode"": ""FULL_UV"", ""jobTypeName"": ""Full Job – UV Printing"", ""processCode"": ""DISPATCH"", ""printingMode"": ""UV"", ""isFullProcess"": true, ""isOutsourceJob"": false, ""isSingleProcess"": false, ""isInhouseMaterial"": true, ""isCustomerMaterial"": false, ""allowAdvancePayment"": true, ""requireCostingApproval"": true}","{""model"": ""agentic-workspace-v1"", ""enabled"": true, ""purpose"": ""process-work-guidance""}","{""seededFrom"": ""mst_process + mst_job_type + mst_department"", ""taskTypeLogic"": ""process.isapprovalrequired + client approval + job-type nature"", ""partyRoutingDepartment"": 9999}","NORMAL",True,True,313,"SYSTEM","2026-04-16 08:57:33.887592",NULL,"2026-04-16 08:57:33.887592"
"2080",1005,"FULL_UV",31,31,"DISPATCH","DISPATCH","1013","TASK_COMPLETED","Dispatch Completed",NULL,0,"INTERNAL",True,False,False,False,False,False,False,False,False,True,True,False,"P_DISPATCH","[FULL_UV] Dispatch [TASK_COMPLETED] - {job_no}","Process: Dispatch (DISPATCH)
Event: TASK_COMPLETED
Job No: {job_no}
Work Note: Update step status and part-wise completion in workspace.","2.00","1.00",NULL,"2.00","COMPLETED",False,NULL,"{""channels"": {""push"": true, ""email"": true, ""workspace"": true}, ""eventType"": ""TASK_COMPLETED"", ""jobTypeCode"": ""FULL_UV"", ""jobTypeName"": ""Full Job – UV Printing"", ""processCode"": ""DISPATCH"", ""printingMode"": ""UV"", ""isFullProcess"": true, ""isOutsourceJob"": false, ""isSingleProcess"": false, ""isInhouseMaterial"": true, ""isCustomerMaterial"": false, ""allowAdvancePayment"": true, ""requireCostingApproval"": true}","{""model"": ""agentic-workspace-v1"", ""enabled"": true, ""purpose"": ""process-work-guidance""}","{""seededFrom"": ""mst_process + mst_job_type + mst_department"", ""taskTypeLogic"": ""process.isapprovalrequired + client approval + job-type nature"", ""partyRoutingDepartment"": 9999}","NORMAL",True,True,314,"SYSTEM","2026-04-16 08:57:33.887592",NULL,"2026-04-16 08:57:33.887592"
"2081",1006,"DESIGN_ONLY",8,8,"DES_DTP","DES_DTP","1009","PROC_START","Designing / DTP Started",NULL,1,"INTERNAL",True,True,False,True,False,False,False,False,False,True,True,False,"P_DESIGN","[DESIGN_ONLY] Design [PROC_START] - {job_no}","Process: Designing / DTP (DES_DTP)
Event: PROC_START
Job No: {job_no}
Work Note: Update step status and part-wise completion in workspace.","12.00","2.00","DEPT_HEAD","2.00","PENDING",True,NULL,"{""channels"": {""push"": true, ""email"": true, ""workspace"": true}, ""eventType"": ""PROC_START"", ""jobTypeCode"": ""DESIGN_ONLY"", ""jobTypeName"": ""Design Only"", ""processCode"": ""DES_DTP"", ""printingMode"": null, ""isFullProcess"": false, ""isOutsourceJob"": false, ""isSingleProcess"": true, ""isInhouseMaterial"": false, ""isCustomerMaterial"": true, ""allowAdvancePayment"": true, ""requireCostingApproval"": false}","{""model"": ""agentic-workspace-v1"", ""enabled"": true, ""purpose"": ""process-work-guidance""}","{""seededFrom"": ""mst_process + mst_job_type + mst_department"", ""taskTypeLogic"": ""process.isapprovalrequired + client approval + job-type nature"", ""partyRoutingDepartment"": 9999}","HIGH",True,True,81,"SYSTEM","2026-04-16 08:57:33.887592",NULL,"2026-04-16 08:57:33.887592"
"2082",1006,"DESIGN_ONLY",8,8,"DES_DTP","DES_DTP","1009","TASK_ASSIGNED","Designing / DTP Assigned",NULL,1,"INTERNAL",True,True,False,True,False,False,False,False,False,True,True,False,"P_DESIGN","[DESIGN_ONLY] Design [TASK_ASSIGNED] - {job_no}","Process: Designing / DTP (DES_DTP)
Event: TASK_ASSIGNED
Job No: {job_no}
Work Note: Update step status and part-wise completion in workspace.","12.00","2.00","DEPT_HEAD","2.00","PENDING",True,NULL,"{""channels"": {""push"": true, ""email"": true, ""workspace"": true}, ""eventType"": ""TASK_ASSIGNED"", ""jobTypeCode"": ""DESIGN_ONLY"", ""jobTypeName"": ""Design Only"", ""processCode"": ""DES_DTP"", ""printingMode"": null, ""isFullProcess"": false, ""isOutsourceJob"": false, ""isSingleProcess"": true, ""isInhouseMaterial"": false, ""isCustomerMaterial"": true, ""allowAdvancePayment"": true, ""requireCostingApproval"": false}","{""model"": ""agentic-workspace-v1"", ""enabled"": true, ""purpose"": ""process-work-guidance""}","{""seededFrom"": ""mst_process + mst_job_type + mst_department"", ""taskTypeLogic"": ""process.isapprovalrequired + client approval + job-type nature"", ""partyRoutingDepartment"": 9999}","HIGH",True,True,82,"SYSTEM","2026-04-16 08:57:33.887592",NULL,"2026-04-16 08:57:33.887592"
"2083",1006,"DESIGN_ONLY",8,8,"DES_DTP","DES_DTP","1009","TASK_OVERDUE","Designing / DTP Overdue",NULL,1,"INTERNAL",True,True,False,True,False,False,False,False,False,True,True,False,"P_DESIGN","[DESIGN_ONLY] Design [TASK_OVERDUE] - {job_no}","Process: Designing / DTP (DES_DTP)
Event: TASK_OVERDUE
Job No: {job_no}
Work Note: Update step status and part-wise completion in workspace.","12.00","2.00","DEPT_HEAD","2.00","OVERDUE",False,NULL,"{""channels"": {""push"": true, ""email"": true, ""workspace"": true}, ""eventType"": ""TASK_OVERDUE"", ""jobTypeCode"": ""DESIGN_ONLY"", ""jobTypeName"": ""Design Only"", ""processCode"": ""DES_DTP"", ""printingMode"": null, ""isFullProcess"": false, ""isOutsourceJob"": false, ""isSingleProcess"": true, ""isInhouseMaterial"": false, ""isCustomerMaterial"": true, ""allowAdvancePayment"": true, ""requireCostingApproval"": false}","{""model"": ""agentic-workspace-v1"", ""enabled"": true, ""purpose"": ""process-work-guidance""}","{""seededFrom"": ""mst_process + mst_job_type + mst_department"", ""taskTypeLogic"": ""process.isapprovalrequired + client approval + job-type nature"", ""partyRoutingDepartment"": 9999}","HIGH",True,True,83,"SYSTEM","2026-04-16 08:57:33.887592",NULL,"2026-04-16 08:57:33.887592"
"2084",1006,"DESIGN_ONLY",8,8,"DES_DTP","DES_DTP","1009","TASK_COMPLETED","Designing / DTP Completed",NULL,1,"INTERNAL",True,True,False,True,False,False,False,False,False,True,True,False,"P_DESIGN","[DESIGN_ONLY] Design [TASK_COMPLETED] - {job_no}","Process: Designing / DTP (DES_DTP)
Event: TASK_COMPLETED
Job No: {job_no}
Work Note: Update step status and part-wise completion in workspace.","12.00","2.00","DEPT_HEAD","2.00","COMPLETED",False,NULL,"{""channels"": {""push"": true, ""email"": true, ""workspace"": true}, ""eventType"": ""TASK_COMPLETED"", ""jobTypeCode"": ""DESIGN_ONLY"", ""jobTypeName"": ""Design Only"", ""processCode"": ""DES_DTP"", ""printingMode"": null, ""isFullProcess"": false, ""isOutsourceJob"": false, ""isSingleProcess"": true, ""isInhouseMaterial"": false, ""isCustomerMaterial"": true, ""allowAdvancePayment"": true, ""requireCostingApproval"": false}","{""model"": ""agentic-workspace-v1"", ""enabled"": true, ""purpose"": ""process-work-guidance""}","{""seededFrom"": ""mst_process + mst_job_type + mst_department"", ""taskTypeLogic"": ""process.isapprovalrequired + client approval + job-type nature"", ""partyRoutingDepartment"": 9999}","HIGH",True,True,84,"SYSTEM","2026-04-16 08:57:33.887592",NULL,"2026-04-16 08:57:33.887592"
"2085",1007,"DTP_ONLY",8,8,"DES_DTP","DES_DTP","1009","PROC_START","Designing / DTP Started",NULL,1,"INTERNAL",True,True,False,True,False,False,False,False,False,True,True,False,"P_DESIGN","[DTP_ONLY] Design [PROC_START] - {job_no}","Process: Designing / DTP (DES_DTP)
Event: PROC_START
Job No: {job_no}
Work Note: Update step status and part-wise completion in workspace.","12.00","2.00","DEPT_HEAD","2.00","PENDING",True,NULL,"{""channels"": {""push"": true, ""email"": true, ""workspace"": true}, ""eventType"": ""PROC_START"", ""jobTypeCode"": ""DTP_ONLY"", ""jobTypeName"": ""DTP / Layout Only"", ""processCode"": ""DES_DTP"", ""printingMode"": null, ""isFullProcess"": false, ""isOutsourceJob"": false, ""isSingleProcess"": true, ""isInhouseMaterial"": false, ""isCustomerMaterial"": true, ""allowAdvancePayment"": true, ""requireCostingApproval"": false}","{""model"": ""agentic-workspace-v1"", ""enabled"": true, ""purpose"": ""process-work-guidance""}","{""seededFrom"": ""mst_process + mst_job_type + mst_department"", ""taskTypeLogic"": ""process.isapprovalrequired + client approval + job-type nature"", ""partyRoutingDepartment"": 9999}","HIGH",True,True,81,"SYSTEM","2026-04-16 08:57:33.887592",NULL,"2026-04-16 08:57:33.887592"
"2086",1007,"DTP_ONLY",8,8,"DES_DTP","DES_DTP","1009","TASK_ASSIGNED","Designing / DTP Assigned",NULL,1,"INTERNAL",True,True,False,True,False,False,False,False,False,True,True,False,"P_DESIGN","[DTP_ONLY] Design [TASK_ASSIGNED] - {job_no}","Process: Designing / DTP (DES_DTP)
Event: TASK_ASSIGNED
Job No: {job_no}
Work Note: Update step status and part-wise completion in workspace.","12.00","2.00","DEPT_HEAD","2.00","PENDING",True,NULL,"{""channels"": {""push"": true, ""email"": true, ""workspace"": true}, ""eventType"": ""TASK_ASSIGNED"", ""jobTypeCode"": ""DTP_ONLY"", ""jobTypeName"": ""DTP / Layout Only"", ""processCode"": ""DES_DTP"", ""printingMode"": null, ""isFullProcess"": false, ""isOutsourceJob"": false, ""isSingleProcess"": true, ""isInhouseMaterial"": false, ""isCustomerMaterial"": true, ""allowAdvancePayment"": true, ""requireCostingApproval"": false}","{""model"": ""agentic-workspace-v1"", ""enabled"": true, ""purpose"": ""process-work-guidance""}","{""seededFrom"": ""mst_process + mst_job_type + mst_department"", ""taskTypeLogic"": ""process.isapprovalrequired + client approval + job-type nature"", ""partyRoutingDepartment"": 9999}","HIGH",True,True,82,"SYSTEM","2026-04-16 08:57:33.887592",NULL,"2026-04-16 08:57:33.887592"
"2087",1007,"DTP_ONLY",8,8,"DES_DTP","DES_DTP","1009","TASK_OVERDUE","Designing / DTP Overdue",NULL,1,"INTERNAL",True,True,False,True,False,False,False,False,False,True,True,False,"P_DESIGN","[DTP_ONLY] Design [TASK_OVERDUE] - {job_no}","Process: Designing / DTP (DES_DTP)
Event: TASK_OVERDUE
Job No: {job_no}
Work Note: Update step status and part-wise completion in workspace.","12.00","2.00","DEPT_HEAD","2.00","OVERDUE",False,NULL,"{""channels"": {""push"": true, ""email"": true, ""workspace"": true}, ""eventType"": ""TASK_OVERDUE"", ""jobTypeCode"": ""DTP_ONLY"", ""jobTypeName"": ""DTP / Layout Only"", ""processCode"": ""DES_DTP"", ""printingMode"": null, ""isFullProcess"": false, ""isOutsourceJob"": false, ""isSingleProcess"": true, ""isInhouseMaterial"": false, ""isCustomerMaterial"": true, ""allowAdvancePayment"": true, ""requireCostingApproval"": false}","{""model"": ""agentic-workspace-v1"", ""enabled"": true, ""purpose"": ""process-work-guidance""}","{""seededFrom"": ""mst_process + mst_job_type + mst_department"", ""taskTypeLogic"": ""process.isapprovalrequired + client approval + job-type nature"", ""partyRoutingDepartment"": 9999}","HIGH",True,True,83,"SYSTEM","2026-04-16 08:57:33.887592",NULL,"2026-04-16 08:57:33.887592"
"2088",1007,"DTP_ONLY",8,8,"DES_DTP","DES_DTP","1009","TASK_COMPLETED","Designing / DTP Completed",NULL,1,"INTERNAL",True,True,False,True,False,False,False,False,False,True,True,False,"P_DESIGN","[DTP_ONLY] Design [TASK_COMPLETED] - {job_no}","Process: Designing / DTP (DES_DTP)
Event: TASK_COMPLETED
Job No: {job_no}
Work Note: Update step status and part-wise completion in workspace.","12.00","2.00","DEPT_HEAD","2.00","COMPLETED",False,NULL,"{""channels"": {""push"": true, ""email"": true, ""workspace"": true}, ""eventType"": ""TASK_COMPLETED"", ""jobTypeCode"": ""DTP_ONLY"", ""jobTypeName"": ""DTP / Layout Only"", ""processCode"": ""DES_DTP"", ""printingMode"": null, ""isFullProcess"": false, ""isOutsourceJob"": false, ""isSingleProcess"": true, ""isInhouseMaterial"": false, ""isCustomerMaterial"": true, ""allowAdvancePayment"": true, ""requireCostingApproval"": false}","{""model"": ""agentic-workspace-v1"", ""enabled"": true, ""purpose"": ""process-work-guidance""}","{""seededFrom"": ""mst_process + mst_job_type + mst_department"", ""taskTypeLogic"": ""process.isapprovalrequired + client approval + job-type nature"", ""partyRoutingDepartment"": 9999}","HIGH",True,True,84,"SYSTEM","2026-04-16 08:57:33.887592",NULL,"2026-04-16 08:57:33.887592"
"2089",1008,"CTP_ONLY",10,10,"PRE_PRESS","PRE_PRESS","1009","PROC_START","Plate Making Started",NULL,0,"INTERNAL",True,False,False,False,False,False,False,False,False,True,True,False,"P_PRE_PRESS","[CTP_ONLY] Pre Press [PROC_START] - {job_no}","Process: Plate Making (PRE_PRESS)
Event: PROC_START
Job No: {job_no}
Work Note: Update step status and part-wise completion in workspace.","6.00","2.00",NULL,"2.00","PENDING",True,NULL,"{""channels"": {""push"": true, ""email"": true, ""workspace"": true}, ""eventType"": ""PROC_START"", ""jobTypeCode"": ""CTP_ONLY"", ""jobTypeName"": ""Prepress / Plate Making (CTP)"", ""processCode"": ""PRE_PRESS"", ""printingMode"": ""OFFSET"", ""isFullProcess"": false, ""isOutsourceJob"": false, ""isSingleProcess"": true, ""isInhouseMaterial"": true, ""isCustomerMaterial"": false, ""allowAdvancePayment"": true, ""requireCostingApproval"": false}","{""model"": ""agentic-workspace-v1"", ""enabled"": true, ""purpose"": ""process-work-guidance""}","{""seededFrom"": ""mst_process + mst_job_type + mst_department"", ""taskTypeLogic"": ""process.isapprovalrequired + client approval + job-type nature"", ""partyRoutingDepartment"": 9999}","NORMAL",True,True,101,"SYSTEM","2026-04-16 08:57:33.887592",NULL,"2026-04-16 08:57:33.887592"
"2090",1008,"CTP_ONLY",10,10,"PRE_PRESS","PRE_PRESS","1009","TASK_ASSIGNED","Plate Making Assigned",NULL,0,"INTERNAL",True,False,False,False,False,False,False,False,False,True,True,False,"P_PRE_PRESS","[CTP_ONLY] Pre Press [TASK_ASSIGNED] - {job_no}","Process: Plate Making (PRE_PRESS)
Event: TASK_ASSIGNED
Job No: {job_no}
Work Note: Update step status and part-wise completion in workspace.","6.00","2.00",NULL,"2.00","PENDING",True,NULL,"{""channels"": {""push"": true, ""email"": true, ""workspace"": true}, ""eventType"": ""TASK_ASSIGNED"", ""jobTypeCode"": ""CTP_ONLY"", ""jobTypeName"": ""Prepress / Plate Making (CTP)"", ""processCode"": ""PRE_PRESS"", ""printingMode"": ""OFFSET"", ""isFullProcess"": false, ""isOutsourceJob"": false, ""isSingleProcess"": true, ""isInhouseMaterial"": true, ""isCustomerMaterial"": false, ""allowAdvancePayment"": true, ""requireCostingApproval"": false}","{""model"": ""agentic-workspace-v1"", ""enabled"": true, ""purpose"": ""process-work-guidance""}","{""seededFrom"": ""mst_process + mst_job_type + mst_department"", ""taskTypeLogic"": ""process.isapprovalrequired + client approval + job-type nature"", ""partyRoutingDepartment"": 9999}","NORMAL",True,True,102,"SYSTEM","2026-04-16 08:57:33.887592",NULL,"2026-04-16 08:57:33.887592"
"2091",1008,"CTP_ONLY",10,10,"PRE_PRESS","PRE_PRESS","1009","TASK_OVERDUE","Plate Making Overdue",NULL,0,"INTERNAL",True,False,False,False,False,False,False,False,False,True,True,False,"P_PRE_PRESS","[CTP_ONLY] Pre Press [TASK_OVERDUE] - {job_no}","Process: Plate Making (PRE_PRESS)
Event: TASK_OVERDUE
Job No: {job_no}
Work Note: Update step status and part-wise completion in workspace.","6.00","2.00",NULL,"2.00","OVERDUE",False,NULL,"{""channels"": {""push"": true, ""email"": true, ""workspace"": true}, ""eventType"": ""TASK_OVERDUE"", ""jobTypeCode"": ""CTP_ONLY"", ""jobTypeName"": ""Prepress / Plate Making (CTP)"", ""processCode"": ""PRE_PRESS"", ""printingMode"": ""OFFSET"", ""isFullProcess"": false, ""isOutsourceJob"": false, ""isSingleProcess"": true, ""isInhouseMaterial"": true, ""isCustomerMaterial"": false, ""allowAdvancePayment"": true, ""requireCostingApproval"": false}","{""model"": ""agentic-workspace-v1"", ""enabled"": true, ""purpose"": ""process-work-guidance""}","{""seededFrom"": ""mst_process + mst_job_type + mst_department"", ""taskTypeLogic"": ""process.isapprovalrequired + client approval + job-type nature"", ""partyRoutingDepartment"": 9999}","NORMAL",True,True,103,"SYSTEM","2026-04-16 08:57:33.887592",NULL,"2026-04-16 08:57:33.887592"
"2092",1008,"CTP_ONLY",10,10,"PRE_PRESS","PRE_PRESS","1009","TASK_COMPLETED","Plate Making Completed",NULL,0,"INTERNAL",True,False,False,False,False,False,False,False,False,True,True,False,"P_PRE_PRESS","[CTP_ONLY] Pre Press [TASK_COMPLETED] - {job_no}","Process: Plate Making (PRE_PRESS)
Event: TASK_COMPLETED
Job No: {job_no}
Work Note: Update step status and part-wise completion in workspace.","6.00","2.00",NULL,"2.00","COMPLETED",False,NULL,"{""channels"": {""push"": true, ""email"": true, ""workspace"": true}, ""eventType"": ""TASK_COMPLETED"", ""jobTypeCode"": ""CTP_ONLY"", ""jobTypeName"": ""Prepress / Plate Making (CTP)"", ""processCode"": ""PRE_PRESS"", ""printingMode"": ""OFFSET"", ""isFullProcess"": false, ""isOutsourceJob"": false, ""isSingleProcess"": true, ""isInhouseMaterial"": true, ""isCustomerMaterial"": false, ""allowAdvancePayment"": true, ""requireCostingApproval"": false}","{""model"": ""agentic-workspace-v1"", ""enabled"": true, ""purpose"": ""process-work-guidance""}","{""seededFrom"": ""mst_process + mst_job_type + mst_department"", ""taskTypeLogic"": ""process.isapprovalrequired + client approval + job-type nature"", ""partyRoutingDepartment"": 9999}","NORMAL",True,True,104,"SYSTEM","2026-04-16 08:57:33.887592",NULL,"2026-04-16 08:57:33.887592"
"2093",1009,"PROOF_ONLY",19,19,"PRINT","PRINT","1010","PROC_START","Printing Started",NULL,0,"INTERNAL",True,False,False,False,False,False,False,False,False,True,True,False,"P_PRINT","[PROOF_ONLY] Printing [PROC_START] - {job_no}","Process: Printing (PRINT)
Event: PROC_START
Job No: {job_no}
Work Note: Update step status and part-wise completion in workspace.","12.00","2.00",NULL,"2.00","PENDING",True,NULL,"{""channels"": {""push"": true, ""email"": true, ""workspace"": true}, ""eventType"": ""PROC_START"", ""jobTypeCode"": ""PROOF_ONLY"", ""jobTypeName"": ""Proofing Only"", ""processCode"": ""PRINT"", ""printingMode"": ""MULTI"", ""isFullProcess"": false, ""isOutsourceJob"": false, ""isSingleProcess"": true, ""isInhouseMaterial"": true, ""isCustomerMaterial"": true, ""allowAdvancePayment"": true, ""requireCostingApproval"": false}","{""model"": ""agentic-workspace-v1"", ""enabled"": true, ""purpose"": ""process-work-guidance""}","{""seededFrom"": ""mst_process + mst_job_type + mst_department"", ""taskTypeLogic"": ""process.isapprovalrequired + client approval + job-type nature"", ""partyRoutingDepartment"": 9999}","HIGH",True,True,191,"SYSTEM","2026-04-16 08:57:33.887592",NULL,"2026-04-16 08:57:33.887592"
"2094",1009,"PROOF_ONLY",19,19,"PRINT","PRINT","1010","TASK_ASSIGNED","Printing Assigned",NULL,0,"INTERNAL",True,False,False,False,False,False,False,False,False,True,True,False,"P_PRINT","[PROOF_ONLY] Printing [TASK_ASSIGNED] - {job_no}","Process: Printing (PRINT)
Event: TASK_ASSIGNED
Job No: {job_no}
Work Note: Update step status and part-wise completion in workspace.","12.00","2.00",NULL,"2.00","PENDING",True,NULL,"{""channels"": {""push"": true, ""email"": true, ""workspace"": true}, ""eventType"": ""TASK_ASSIGNED"", ""jobTypeCode"": ""PROOF_ONLY"", ""jobTypeName"": ""Proofing Only"", ""processCode"": ""PRINT"", ""printingMode"": ""MULTI"", ""isFullProcess"": false, ""isOutsourceJob"": false, ""isSingleProcess"": true, ""isInhouseMaterial"": true, ""isCustomerMaterial"": true, ""allowAdvancePayment"": true, ""requireCostingApproval"": false}","{""model"": ""agentic-workspace-v1"", ""enabled"": true, ""purpose"": ""process-work-guidance""}","{""seededFrom"": ""mst_process + mst_job_type + mst_department"", ""taskTypeLogic"": ""process.isapprovalrequired + client approval + job-type nature"", ""partyRoutingDepartment"": 9999}","HIGH",True,True,192,"SYSTEM","2026-04-16 08:57:33.887592",NULL,"2026-04-16 08:57:33.887592"
"2095",1009,"PROOF_ONLY",19,19,"PRINT","PRINT","1010","TASK_OVERDUE","Printing Overdue",NULL,0,"INTERNAL",True,False,False,False,False,False,False,False,False,True,True,False,"P_PRINT","[PROOF_ONLY] Printing [TASK_OVERDUE] - {job_no}","Process: Printing (PRINT)
Event: TASK_OVERDUE
Job No: {job_no}
Work Note: Update step status and part-wise completion in workspace.","12.00","2.00",NULL,"2.00","OVERDUE",False,NULL,"{""channels"": {""push"": true, ""email"": true, ""workspace"": true}, ""eventType"": ""TASK_OVERDUE"", ""jobTypeCode"": ""PROOF_ONLY"", ""jobTypeName"": ""Proofing Only"", ""processCode"": ""PRINT"", ""printingMode"": ""MULTI"", ""isFullProcess"": false, ""isOutsourceJob"": false, ""isSingleProcess"": true, ""isInhouseMaterial"": true, ""isCustomerMaterial"": true, ""allowAdvancePayment"": true, ""requireCostingApproval"": false}","{""model"": ""agentic-workspace-v1"", ""enabled"": true, ""purpose"": ""process-work-guidance""}","{""seededFrom"": ""mst_process + mst_job_type + mst_department"", ""taskTypeLogic"": ""process.isapprovalrequired + client approval + job-type nature"", ""partyRoutingDepartment"": 9999}","HIGH",True,True,193,"SYSTEM","2026-04-16 08:57:33.887592",NULL,"2026-04-16 08:57:33.887592"
"2096",1009,"PROOF_ONLY",19,19,"PRINT","PRINT","1010","TASK_COMPLETED","Printing Completed",NULL,0,"INTERNAL",True,False,False,False,False,False,False,False,False,True,True,False,"P_PRINT","[PROOF_ONLY] Printing [TASK_COMPLETED] - {job_no}","Process: Printing (PRINT)
Event: TASK_COMPLETED
Job No: {job_no}
Work Note: Update step status and part-wise completion in workspace.","12.00","2.00",NULL,"2.00","COMPLETED",False,NULL,"{""channels"": {""push"": true, ""email"": true, ""workspace"": true}, ""eventType"": ""TASK_COMPLETED"", ""jobTypeCode"": ""PROOF_ONLY"", ""jobTypeName"": ""Proofing Only"", ""processCode"": ""PRINT"", ""printingMode"": ""MULTI"", ""isFullProcess"": false, ""isOutsourceJob"": false, ""isSingleProcess"": true, ""isInhouseMaterial"": true, ""isCustomerMaterial"": true, ""allowAdvancePayment"": true, ""requireCostingApproval"": false}","{""model"": ""agentic-workspace-v1"", ""enabled"": true, ""purpose"": ""process-work-guidance""}","{""seededFrom"": ""mst_process + mst_job_type + mst_department"", ""taskTypeLogic"": ""process.isapprovalrequired + client approval + job-type nature"", ""partyRoutingDepartment"": 9999}","HIGH",True,True,194,"SYSTEM","2026-04-16 08:57:33.887592",NULL,"2026-04-16 08:57:33.887592"
"2097",1010,"PRINT_OFFSET",19,19,"PRINT","PRINT","1010","PROC_START","Printing Started",NULL,0,"INTERNAL",True,False,False,False,False,False,False,False,False,True,True,False,"P_PRINT","[PRINT_OFFSET] Printing [PROC_START] - {job_no}","Process: Printing (PRINT)
Event: PROC_START
Job No: {job_no}
Work Note: Update step status and part-wise completion in workspace.","12.00","2.00",NULL,"2.00","PENDING",True,NULL,"{""channels"": {""push"": true, ""email"": true, ""workspace"": true}, ""eventType"": ""PROC_START"", ""jobTypeCode"": ""PRINT_OFFSET"", ""jobTypeName"": ""Printing Only – Offset"", ""processCode"": ""PRINT"", ""printingMode"": ""OFFSET"", ""isFullProcess"": false, ""isOutsourceJob"": false, ""isSingleProcess"": true, ""isInhouseMaterial"": true, ""isCustomerMaterial"": true, ""allowAdvancePayment"": true, ""requireCostingApproval"": false}","{""model"": ""agentic-workspace-v1"", ""enabled"": true, ""purpose"": ""process-work-guidance""}","{""seededFrom"": ""mst_process + mst_job_type + mst_department"", ""taskTypeLogic"": ""process.isapprovalrequired + client approval + job-type nature"", ""partyRoutingDepartment"": 9999}","HIGH",True,True,191,"SYSTEM","2026-04-16 08:57:33.887592",NULL,"2026-04-16 08:57:33.887592"
"2098",1010,"PRINT_OFFSET",19,19,"PRINT","PRINT","1010","TASK_ASSIGNED","Printing Assigned",NULL,0,"INTERNAL",True,False,False,False,False,False,False,False,False,True,True,False,"P_PRINT","[PRINT_OFFSET] Printing [TASK_ASSIGNED] - {job_no}","Process: Printing (PRINT)
Event: TASK_ASSIGNED
Job No: {job_no}
Work Note: Update step status and part-wise completion in workspace.","12.00","2.00",NULL,"2.00","PENDING",True,NULL,"{""channels"": {""push"": true, ""email"": true, ""workspace"": true}, ""eventType"": ""TASK_ASSIGNED"", ""jobTypeCode"": ""PRINT_OFFSET"", ""jobTypeName"": ""Printing Only – Offset"", ""processCode"": ""PRINT"", ""printingMode"": ""OFFSET"", ""isFullProcess"": false, ""isOutsourceJob"": false, ""isSingleProcess"": true, ""isInhouseMaterial"": true, ""isCustomerMaterial"": true, ""allowAdvancePayment"": true, ""requireCostingApproval"": false}","{""model"": ""agentic-workspace-v1"", ""enabled"": true, ""purpose"": ""process-work-guidance""}","{""seededFrom"": ""mst_process + mst_job_type + mst_department"", ""taskTypeLogic"": ""process.isapprovalrequired + client approval + job-type nature"", ""partyRoutingDepartment"": 9999}","HIGH",True,True,192,"SYSTEM","2026-04-16 08:57:33.887592",NULL,"2026-04-16 08:57:33.887592"
"2099",1010,"PRINT_OFFSET",19,19,"PRINT","PRINT","1010","TASK_OVERDUE","Printing Overdue",NULL,0,"INTERNAL",True,False,False,False,False,False,False,False,False,True,True,False,"P_PRINT","[PRINT_OFFSET] Printing [TASK_OVERDUE] - {job_no}","Process: Printing (PRINT)
Event: TASK_OVERDUE
Job No: {job_no}
Work Note: Update step status and part-wise completion in workspace.","12.00","2.00",NULL,"2.00","OVERDUE",False,NULL,"{""channels"": {""push"": true, ""email"": true, ""workspace"": true}, ""eventType"": ""TASK_OVERDUE"", ""jobTypeCode"": ""PRINT_OFFSET"", ""jobTypeName"": ""Printing Only – Offset"", ""processCode"": ""PRINT"", ""printingMode"": ""OFFSET"", ""isFullProcess"": false, ""isOutsourceJob"": false, ""isSingleProcess"": true, ""isInhouseMaterial"": true, ""isCustomerMaterial"": true, ""allowAdvancePayment"": true, ""requireCostingApproval"": false}","{""model"": ""agentic-workspace-v1"", ""enabled"": true, ""purpose"": ""process-work-guidance""}","{""seededFrom"": ""mst_process + mst_job_type + mst_department"", ""taskTypeLogic"": ""process.isapprovalrequired + client approval + job-type nature"", ""partyRoutingDepartment"": 9999}","HIGH",True,True,193,"SYSTEM","2026-04-16 08:57:33.887592",NULL,"2026-04-16 08:57:33.887592"
"2100",1010,"PRINT_OFFSET",19,19,"PRINT","PRINT","1010","TASK_COMPLETED","Printing Completed",NULL,0,"INTERNAL",True,False,False,False,False,False,False,False,False,True,True,False,"P_PRINT","[PRINT_OFFSET] Printing [TASK_COMPLETED] - {job_no}","Process: Printing (PRINT)
Event: TASK_COMPLETED
Job No: {job_no}
Work Note: Update step status and part-wise completion in workspace.","12.00","2.00",NULL,"2.00","COMPLETED",False,NULL,"{""channels"": {""push"": true, ""email"": true, ""workspace"": true}, ""eventType"": ""TASK_COMPLETED"", ""jobTypeCode"": ""PRINT_OFFSET"", ""jobTypeName"": ""Printing Only – Offset"", ""processCode"": ""PRINT"", ""printingMode"": ""OFFSET"", ""isFullProcess"": false, ""isOutsourceJob"": false, ""isSingleProcess"": true, ""isInhouseMaterial"": true, ""isCustomerMaterial"": true, ""allowAdvancePayment"": true, ""requireCostingApproval"": false}","{""model"": ""agentic-workspace-v1"", ""enabled"": true, ""purpose"": ""process-work-guidance""}","{""seededFrom"": ""mst_process + mst_job_type + mst_department"", ""taskTypeLogic"": ""process.isapprovalrequired + client approval + job-type nature"", ""partyRoutingDepartment"": 9999}","HIGH",True,True,194,"SYSTEM","2026-04-16 08:57:33.887592",NULL,"2026-04-16 08:57:33.887592"
"2101",1011,"PRINT_DIGITAL",19,19,"PRINT","PRINT","1010","PROC_START","Printing Started",NULL,0,"INTERNAL",True,False,False,False,False,False,False,False,False,True,True,False,"P_PRINT","[PRINT_DIGITAL] Printing [PROC_START] - {job_no}","Process: Printing (PRINT)
Event: PROC_START
Job No: {job_no}
Work Note: Update step status and part-wise completion in workspace.","12.00","2.00",NULL,"2.00","PENDING",True,NULL,"{""channels"": {""push"": true, ""email"": true, ""workspace"": true}, ""eventType"": ""PROC_START"", ""jobTypeCode"": ""PRINT_DIGITAL"", ""jobTypeName"": ""Printing Only – Digital"", ""processCode"": ""PRINT"", ""printingMode"": ""DIGITAL"", ""isFullProcess"": false, ""isOutsourceJob"": false, ""isSingleProcess"": true, ""isInhouseMaterial"": true, ""isCustomerMaterial"": true, ""allowAdvancePayment"": true, ""requireCostingApproval"": false}","{""model"": ""agentic-workspace-v1"", ""enabled"": true, ""purpose"": ""process-work-guidance""}","{""seededFrom"": ""mst_process + mst_job_type + mst_department"", ""taskTypeLogic"": ""process.isapprovalrequired + client approval + job-type nature"", ""partyRoutingDepartment"": 9999}","HIGH",True,True,191,"SYSTEM","2026-04-16 08:57:33.887592",NULL,"2026-04-16 08:57:33.887592"
"2102",1011,"PRINT_DIGITAL",19,19,"PRINT","PRINT","1010","TASK_ASSIGNED","Printing Assigned",NULL,0,"INTERNAL",True,False,False,False,False,False,False,False,False,True,True,False,"P_PRINT","[PRINT_DIGITAL] Printing [TASK_ASSIGNED] - {job_no}","Process: Printing (PRINT)
Event: TASK_ASSIGNED
Job No: {job_no}
Work Note: Update step status and part-wise completion in workspace.","12.00","2.00",NULL,"2.00","PENDING",True,NULL,"{""channels"": {""push"": true, ""email"": true, ""workspace"": true}, ""eventType"": ""TASK_ASSIGNED"", ""jobTypeCode"": ""PRINT_DIGITAL"", ""jobTypeName"": ""Printing Only – Digital"", ""processCode"": ""PRINT"", ""printingMode"": ""DIGITAL"", ""isFullProcess"": false, ""isOutsourceJob"": false, ""isSingleProcess"": true, ""isInhouseMaterial"": true, ""isCustomerMaterial"": true, ""allowAdvancePayment"": true, ""requireCostingApproval"": false}","{""model"": ""agentic-workspace-v1"", ""enabled"": true, ""purpose"": ""process-work-guidance""}","{""seededFrom"": ""mst_process + mst_job_type + mst_department"", ""taskTypeLogic"": ""process.isapprovalrequired + client approval + job-type nature"", ""partyRoutingDepartment"": 9999}","HIGH",True,True,192,"SYSTEM","2026-04-16 08:57:33.887592",NULL,"2026-04-16 08:57:33.887592"
"2103",1011,"PRINT_DIGITAL",19,19,"PRINT","PRINT","1010","TASK_OVERDUE","Printing Overdue",NULL,0,"INTERNAL",True,False,False,False,False,False,False,False,False,True,True,False,"P_PRINT","[PRINT_DIGITAL] Printing [TASK_OVERDUE] - {job_no}","Process: Printing (PRINT)
Event: TASK_OVERDUE
Job No: {job_no}
Work Note: Update step status and part-wise completion in workspace.","12.00","2.00",NULL,"2.00","OVERDUE",False,NULL,"{""channels"": {""push"": true, ""email"": true, ""workspace"": true}, ""eventType"": ""TASK_OVERDUE"", ""jobTypeCode"": ""PRINT_DIGITAL"", ""jobTypeName"": ""Printing Only – Digital"", ""processCode"": ""PRINT"", ""printingMode"": ""DIGITAL"", ""isFullProcess"": false, ""isOutsourceJob"": false, ""isSingleProcess"": true, ""isInhouseMaterial"": true, ""isCustomerMaterial"": true, ""allowAdvancePayment"": true, ""requireCostingApproval"": false}","{""model"": ""agentic-workspace-v1"", ""enabled"": true, ""purpose"": ""process-work-guidance""}","{""seededFrom"": ""mst_process + mst_job_type + mst_department"", ""taskTypeLogic"": ""process.isapprovalrequired + client approval + job-type nature"", ""partyRoutingDepartment"": 9999}","HIGH",True,True,193,"SYSTEM","2026-04-16 08:57:33.887592",NULL,"2026-04-16 08:57:33.887592"
"2104",1011,"PRINT_DIGITAL",19,19,"PRINT","PRINT","1010","TASK_COMPLETED","Printing Completed",NULL,0,"INTERNAL",True,False,False,False,False,False,False,False,False,True,True,False,"P_PRINT","[PRINT_DIGITAL] Printing [TASK_COMPLETED] - {job_no}","Process: Printing (PRINT)
Event: TASK_COMPLETED
Job No: {job_no}
Work Note: Update step status and part-wise completion in workspace.","12.00","2.00",NULL,"2.00","COMPLETED",False,NULL,"{""channels"": {""push"": true, ""email"": true, ""workspace"": true}, ""eventType"": ""TASK_COMPLETED"", ""jobTypeCode"": ""PRINT_DIGITAL"", ""jobTypeName"": ""Printing Only – Digital"", ""processCode"": ""PRINT"", ""printingMode"": ""DIGITAL"", ""isFullProcess"": false, ""isOutsourceJob"": false, ""isSingleProcess"": true, ""isInhouseMaterial"": true, ""isCustomerMaterial"": true, ""allowAdvancePayment"": true, ""requireCostingApproval"": false}","{""model"": ""agentic-workspace-v1"", ""enabled"": true, ""purpose"": ""process-work-guidance""}","{""seededFrom"": ""mst_process + mst_job_type + mst_department"", ""taskTypeLogic"": ""process.isapprovalrequired + client approval + job-type nature"", ""partyRoutingDepartment"": 9999}","HIGH",True,True,194,"SYSTEM","2026-04-16 08:57:33.887592",NULL,"2026-04-16 08:57:33.887592"
"2105",1012,"PRINT_SCREEN",19,19,"PRINT","PRINT","1010","PROC_START","Printing Started",NULL,0,"INTERNAL",True,False,False,False,False,False,False,False,False,True,True,False,"P_PRINT","[PRINT_SCREEN] Printing [PROC_START] - {job_no}","Process: Printing (PRINT)
Event: PROC_START
Job No: {job_no}
Work Note: Update step status and part-wise completion in workspace.","12.00","2.00",NULL,"2.00","PENDING",True,NULL,"{""channels"": {""push"": true, ""email"": true, ""workspace"": true}, ""eventType"": ""PROC_START"", ""jobTypeCode"": ""PRINT_SCREEN"", ""jobTypeName"": ""Printing Only – Screen"", ""processCode"": ""PRINT"", ""printingMode"": ""SCREEN"", ""isFullProcess"": false, ""isOutsourceJob"": false, ""isSingleProcess"": true, ""isInhouseMaterial"": true, ""isCustomerMaterial"": true, ""allowAdvancePayment"": true, ""requireCostingApproval"": false}","{""model"": ""agentic-workspace-v1"", ""enabled"": true, ""purpose"": ""process-work-guidance""}","{""seededFrom"": ""mst_process + mst_job_type + mst_department"", ""taskTypeLogic"": ""process.isapprovalrequired + client approval + job-type nature"", ""partyRoutingDepartment"": 9999}","HIGH",True,True,191,"SYSTEM","2026-04-16 08:57:33.887592",NULL,"2026-04-16 08:57:33.887592"
"2106",1012,"PRINT_SCREEN",19,19,"PRINT","PRINT","1010","TASK_ASSIGNED","Printing Assigned",NULL,0,"INTERNAL",True,False,False,False,False,False,False,False,False,True,True,False,"P_PRINT","[PRINT_SCREEN] Printing [TASK_ASSIGNED] - {job_no}","Process: Printing (PRINT)
Event: TASK_ASSIGNED
Job No: {job_no}
Work Note: Update step status and part-wise completion in workspace.","12.00","2.00",NULL,"2.00","PENDING",True,NULL,"{""channels"": {""push"": true, ""email"": true, ""workspace"": true}, ""eventType"": ""TASK_ASSIGNED"", ""jobTypeCode"": ""PRINT_SCREEN"", ""jobTypeName"": ""Printing Only – Screen"", ""processCode"": ""PRINT"", ""printingMode"": ""SCREEN"", ""isFullProcess"": false, ""isOutsourceJob"": false, ""isSingleProcess"": true, ""isInhouseMaterial"": true, ""isCustomerMaterial"": true, ""allowAdvancePayment"": true, ""requireCostingApproval"": false}","{""model"": ""agentic-workspace-v1"", ""enabled"": true, ""purpose"": ""process-work-guidance""}","{""seededFrom"": ""mst_process + mst_job_type + mst_department"", ""taskTypeLogic"": ""process.isapprovalrequired + client approval + job-type nature"", ""partyRoutingDepartment"": 9999}","HIGH",True,True,192,"SYSTEM","2026-04-16 08:57:33.887592",NULL,"2026-04-16 08:57:33.887592"
"2107",1012,"PRINT_SCREEN",19,19,"PRINT","PRINT","1010","TASK_OVERDUE","Printing Overdue",NULL,0,"INTERNAL",True,False,False,False,False,False,False,False,False,True,True,False,"P_PRINT","[PRINT_SCREEN] Printing [TASK_OVERDUE] - {job_no}","Process: Printing (PRINT)
Event: TASK_OVERDUE
Job No: {job_no}
Work Note: Update step status and part-wise completion in workspace.","12.00","2.00",NULL,"2.00","OVERDUE",False,NULL,"{""channels"": {""push"": true, ""email"": true, ""workspace"": true}, ""eventType"": ""TASK_OVERDUE"", ""jobTypeCode"": ""PRINT_SCREEN"", ""jobTypeName"": ""Printing Only – Screen"", ""processCode"": ""PRINT"", ""printingMode"": ""SCREEN"", ""isFullProcess"": false, ""isOutsourceJob"": false, ""isSingleProcess"": true, ""isInhouseMaterial"": true, ""isCustomerMaterial"": true, ""allowAdvancePayment"": true, ""requireCostingApproval"": false}","{""model"": ""agentic-workspace-v1"", ""enabled"": true, ""purpose"": ""process-work-guidance""}","{""seededFrom"": ""mst_process + mst_job_type + mst_department"", ""taskTypeLogic"": ""process.isapprovalrequired + client approval + job-type nature"", ""partyRoutingDepartment"": 9999}","HIGH",True,True,193,"SYSTEM","2026-04-16 08:57:33.887592",NULL,"2026-04-16 08:57:33.887592"
"2108",1012,"PRINT_SCREEN",19,19,"PRINT","PRINT","1010","TASK_COMPLETED","Printing Completed",NULL,0,"INTERNAL",True,False,False,False,False,False,False,False,False,True,True,False,"P_PRINT","[PRINT_SCREEN] Printing [TASK_COMPLETED] - {job_no}","Process: Printing (PRINT)
Event: TASK_COMPLETED
Job No: {job_no}
Work Note: Update step status and part-wise completion in workspace.","12.00","2.00",NULL,"2.00","COMPLETED",False,NULL,"{""channels"": {""push"": true, ""email"": true, ""workspace"": true}, ""eventType"": ""TASK_COMPLETED"", ""jobTypeCode"": ""PRINT_SCREEN"", ""jobTypeName"": ""Printing Only – Screen"", ""processCode"": ""PRINT"", ""printingMode"": ""SCREEN"", ""isFullProcess"": false, ""isOutsourceJob"": false, ""isSingleProcess"": true, ""isInhouseMaterial"": true, ""isCustomerMaterial"": true, ""allowAdvancePayment"": true, ""requireCostingApproval"": false}","{""model"": ""agentic-workspace-v1"", ""enabled"": true, ""purpose"": ""process-work-guidance""}","{""seededFrom"": ""mst_process + mst_job_type + mst_department"", ""taskTypeLogic"": ""process.isapprovalrequired + client approval + job-type nature"", ""partyRoutingDepartment"": 9999}","HIGH",True,True,194,"SYSTEM","2026-04-16 08:57:33.887592",NULL,"2026-04-16 08:57:33.887592"
"2109",1013,"PRINT_FLEX",19,19,"PRINT","PRINT","1010","PROC_START","Printing Started",NULL,0,"INTERNAL",True,False,False,False,False,False,False,False,False,True,True,False,"P_PRINT","[PRINT_FLEX] Printing [PROC_START] - {job_no}","Process: Printing (PRINT)
Event: PROC_START
Job No: {job_no}
Work Note: Update step status and part-wise completion in workspace.","12.00","2.00",NULL,"2.00","PENDING",True,NULL,"{""channels"": {""push"": true, ""email"": true, ""workspace"": true}, ""eventType"": ""PROC_START"", ""jobTypeCode"": ""PRINT_FLEX"", ""jobTypeName"": ""Printing Only – Flex"", ""processCode"": ""PRINT"", ""printingMode"": ""FLEX"", ""isFullProcess"": false, ""isOutsourceJob"": false, ""isSingleProcess"": true, ""isInhouseMaterial"": true, ""isCustomerMaterial"": true, ""allowAdvancePayment"": true, ""requireCostingApproval"": false}","{""model"": ""agentic-workspace-v1"", ""enabled"": true, ""purpose"": ""process-work-guidance""}","{""seededFrom"": ""mst_process + mst_job_type + mst_department"", ""taskTypeLogic"": ""process.isapprovalrequired + client approval + job-type nature"", ""partyRoutingDepartment"": 9999}","HIGH",True,True,191,"SYSTEM","2026-04-16 08:57:33.887592",NULL,"2026-04-16 08:57:33.887592"
"2110",1013,"PRINT_FLEX",19,19,"PRINT","PRINT","1010","TASK_ASSIGNED","Printing Assigned",NULL,0,"INTERNAL",True,False,False,False,False,False,False,False,False,True,True,False,"P_PRINT","[PRINT_FLEX] Printing [TASK_ASSIGNED] - {job_no}","Process: Printing (PRINT)
Event: TASK_ASSIGNED
Job No: {job_no}
Work Note: Update step status and part-wise completion in workspace.","12.00","2.00",NULL,"2.00","PENDING",True,NULL,"{""channels"": {""push"": true, ""email"": true, ""workspace"": true}, ""eventType"": ""TASK_ASSIGNED"", ""jobTypeCode"": ""PRINT_FLEX"", ""jobTypeName"": ""Printing Only – Flex"", ""processCode"": ""PRINT"", ""printingMode"": ""FLEX"", ""isFullProcess"": false, ""isOutsourceJob"": false, ""isSingleProcess"": true, ""isInhouseMaterial"": true, ""isCustomerMaterial"": true, ""allowAdvancePayment"": true, ""requireCostingApproval"": false}","{""model"": ""agentic-workspace-v1"", ""enabled"": true, ""purpose"": ""process-work-guidance""}","{""seededFrom"": ""mst_process + mst_job_type + mst_department"", ""taskTypeLogic"": ""process.isapprovalrequired + client approval + job-type nature"", ""partyRoutingDepartment"": 9999}","HIGH",True,True,192,"SYSTEM","2026-04-16 08:57:33.887592",NULL,"2026-04-16 08:57:33.887592"
"2111",1013,"PRINT_FLEX",19,19,"PRINT","PRINT","1010","TASK_OVERDUE","Printing Overdue",NULL,0,"INTERNAL",True,False,False,False,False,False,False,False,False,True,True,False,"P_PRINT","[PRINT_FLEX] Printing [TASK_OVERDUE] - {job_no}","Process: Printing (PRINT)
Event: TASK_OVERDUE
Job No: {job_no}
Work Note: Update step status and part-wise completion in workspace.","12.00","2.00",NULL,"2.00","OVERDUE",False,NULL,"{""channels"": {""push"": true, ""email"": true, ""workspace"": true}, ""eventType"": ""TASK_OVERDUE"", ""jobTypeCode"": ""PRINT_FLEX"", ""jobTypeName"": ""Printing Only – Flex"", ""processCode"": ""PRINT"", ""printingMode"": ""FLEX"", ""isFullProcess"": false, ""isOutsourceJob"": false, ""isSingleProcess"": true, ""isInhouseMaterial"": true, ""isCustomerMaterial"": true, ""allowAdvancePayment"": true, ""requireCostingApproval"": false}","{""model"": ""agentic-workspace-v1"", ""enabled"": true, ""purpose"": ""process-work-guidance""}","{""seededFrom"": ""mst_process + mst_job_type + mst_department"", ""taskTypeLogic"": ""process.isapprovalrequired + client approval + job-type nature"", ""partyRoutingDepartment"": 9999}","HIGH",True,True,193,"SYSTEM","2026-04-16 08:57:33.887592",NULL,"2026-04-16 08:57:33.887592"
"2112",1013,"PRINT_FLEX",19,19,"PRINT","PRINT","1010","TASK_COMPLETED","Printing Completed",NULL,0,"INTERNAL",True,False,False,False,False,False,False,False,False,True,True,False,"P_PRINT","[PRINT_FLEX] Printing [TASK_COMPLETED] - {job_no}","Process: Printing (PRINT)
Event: TASK_COMPLETED
Job No: {job_no}
Work Note: Update step status and part-wise completion in workspace.","12.00","2.00",NULL,"2.00","COMPLETED",False,NULL,"{""channels"": {""push"": true, ""email"": true, ""workspace"": true}, ""eventType"": ""TASK_COMPLETED"", ""jobTypeCode"": ""PRINT_FLEX"", ""jobTypeName"": ""Printing Only – Flex"", ""processCode"": ""PRINT"", ""printingMode"": ""FLEX"", ""isFullProcess"": false, ""isOutsourceJob"": false, ""isSingleProcess"": true, ""isInhouseMaterial"": true, ""isCustomerMaterial"": true, ""allowAdvancePayment"": true, ""requireCostingApproval"": false}","{""model"": ""agentic-workspace-v1"", ""enabled"": true, ""purpose"": ""process-work-guidance""}","{""seededFrom"": ""mst_process + mst_job_type + mst_department"", ""taskTypeLogic"": ""process.isapprovalrequired + client approval + job-type nature"", ""partyRoutingDepartment"": 9999}","HIGH",True,True,194,"SYSTEM","2026-04-16 08:57:33.887592",NULL,"2026-04-16 08:57:33.887592"
"2113",1014,"PRINT_UV",19,19,"PRINT","PRINT","1010","PROC_START","Printing Started",NULL,0,"INTERNAL",True,False,False,False,False,False,False,False,False,True,True,False,"P_PRINT","[PRINT_UV] Printing [PROC_START] - {job_no}","Process: Printing (PRINT)
Event: PROC_START
Job No: {job_no}
Work Note: Update step status and part-wise completion in workspace.","12.00","2.00",NULL,"2.00","PENDING",True,NULL,"{""channels"": {""push"": true, ""email"": true, ""workspace"": true}, ""eventType"": ""PROC_START"", ""jobTypeCode"": ""PRINT_UV"", ""jobTypeName"": ""Printing Only – UV"", ""processCode"": ""PRINT"", ""printingMode"": ""UV"", ""isFullProcess"": false, ""isOutsourceJob"": false, ""isSingleProcess"": true, ""isInhouseMaterial"": true, ""isCustomerMaterial"": true, ""allowAdvancePayment"": true, ""requireCostingApproval"": false}","{""model"": ""agentic-workspace-v1"", ""enabled"": true, ""purpose"": ""process-work-guidance""}","{""seededFrom"": ""mst_process + mst_job_type + mst_department"", ""taskTypeLogic"": ""process.isapprovalrequired + client approval + job-type nature"", ""partyRoutingDepartment"": 9999}","HIGH",True,True,191,"SYSTEM","2026-04-16 08:57:33.887592",NULL,"2026-04-16 08:57:33.887592"
"2114",1014,"PRINT_UV",19,19,"PRINT","PRINT","1010","TASK_ASSIGNED","Printing Assigned",NULL,0,"INTERNAL",True,False,False,False,False,False,False,False,False,True,True,False,"P_PRINT","[PRINT_UV] Printing [TASK_ASSIGNED] - {job_no}","Process: Printing (PRINT)
Event: TASK_ASSIGNED
Job No: {job_no}
Work Note: Update step status and part-wise completion in workspace.","12.00","2.00",NULL,"2.00","PENDING",True,NULL,"{""channels"": {""push"": true, ""email"": true, ""workspace"": true}, ""eventType"": ""TASK_ASSIGNED"", ""jobTypeCode"": ""PRINT_UV"", ""jobTypeName"": ""Printing Only – UV"", ""processCode"": ""PRINT"", ""printingMode"": ""UV"", ""isFullProcess"": false, ""isOutsourceJob"": false, ""isSingleProcess"": true, ""isInhouseMaterial"": true, ""isCustomerMaterial"": true, ""allowAdvancePayment"": true, ""requireCostingApproval"": false}","{""model"": ""agentic-workspace-v1"", ""enabled"": true, ""purpose"": ""process-work-guidance""}","{""seededFrom"": ""mst_process + mst_job_type + mst_department"", ""taskTypeLogic"": ""process.isapprovalrequired + client approval + job-type nature"", ""partyRoutingDepartment"": 9999}","HIGH",True,True,192,"SYSTEM","2026-04-16 08:57:33.887592",NULL,"2026-04-16 08:57:33.887592"
"2115",1014,"PRINT_UV",19,19,"PRINT","PRINT","1010","TASK_OVERDUE","Printing Overdue",NULL,0,"INTERNAL",True,False,False,False,False,False,False,False,False,True,True,False,"P_PRINT","[PRINT_UV] Printing [TASK_OVERDUE] - {job_no}","Process: Printing (PRINT)
Event: TASK_OVERDUE
Job No: {job_no}
Work Note: Update step status and part-wise completion in workspace.","12.00","2.00",NULL,"2.00","OVERDUE",False,NULL,"{""channels"": {""push"": true, ""email"": true, ""workspace"": true}, ""eventType"": ""TASK_OVERDUE"", ""jobTypeCode"": ""PRINT_UV"", ""jobTypeName"": ""Printing Only – UV"", ""processCode"": ""PRINT"", ""printingMode"": ""UV"", ""isFullProcess"": false, ""isOutsourceJob"": false, ""isSingleProcess"": true, ""isInhouseMaterial"": true, ""isCustomerMaterial"": true, ""allowAdvancePayment"": true, ""requireCostingApproval"": false}","{""model"": ""agentic-workspace-v1"", ""enabled"": true, ""purpose"": ""process-work-guidance""}","{""seededFrom"": ""mst_process + mst_job_type + mst_department"", ""taskTypeLogic"": ""process.isapprovalrequired + client approval + job-type nature"", ""partyRoutingDepartment"": 9999}","HIGH",True,True,193,"SYSTEM","2026-04-16 08:57:33.887592",NULL,"2026-04-16 08:57:33.887592"
"2116",1014,"PRINT_UV",19,19,"PRINT","PRINT","1010","TASK_COMPLETED","Printing Completed",NULL,0,"INTERNAL",True,False,False,False,False,False,False,False,False,True,True,False,"P_PRINT","[PRINT_UV] Printing [TASK_COMPLETED] - {job_no}","Process: Printing (PRINT)
Event: TASK_COMPLETED
Job No: {job_no}
Work Note: Update step status and part-wise completion in workspace.","12.00","2.00",NULL,"2.00","COMPLETED",False,NULL,"{""channels"": {""push"": true, ""email"": true, ""workspace"": true}, ""eventType"": ""TASK_COMPLETED"", ""jobTypeCode"": ""PRINT_UV"", ""jobTypeName"": ""Printing Only – UV"", ""processCode"": ""PRINT"", ""printingMode"": ""UV"", ""isFullProcess"": false, ""isOutsourceJob"": false, ""isSingleProcess"": true, ""isInhouseMaterial"": true, ""isCustomerMaterial"": true, ""allowAdvancePayment"": true, ""requireCostingApproval"": false}","{""model"": ""agentic-workspace-v1"", ""enabled"": true, ""purpose"": ""process-work-guidance""}","{""seededFrom"": ""mst_process + mst_job_type + mst_department"", ""taskTypeLogic"": ""process.isapprovalrequired + client approval + job-type nature"", ""partyRoutingDepartment"": 9999}","HIGH",True,True,194,"SYSTEM","2026-04-16 08:57:33.887592",NULL,"2026-04-16 08:57:33.887592"
"2117",1015,"BINDING_ONLY",24,24,"BIND","BIND","1011","PROC_START","Binding Started",NULL,0,"INTERNAL",True,False,False,False,False,False,False,False,False,True,True,False,"P_BIND","[BINDING_ONLY] Binding [PROC_START] - {job_no}","Process: Binding (BIND)
Event: PROC_START
Job No: {job_no}
Work Note: Update step status and part-wise completion in workspace.","8.00","2.00",NULL,"2.00","PENDING",True,NULL,"{""channels"": {""push"": true, ""email"": true, ""workspace"": true}, ""eventType"": ""PROC_START"", ""jobTypeCode"": ""BINDING_ONLY"", ""jobTypeName"": ""Binding Only"", ""processCode"": ""BIND"", ""printingMode"": null, ""isFullProcess"": false, ""isOutsourceJob"": false, ""isSingleProcess"": true, ""isInhouseMaterial"": false, ""isCustomerMaterial"": true, ""allowAdvancePayment"": true, ""requireCostingApproval"": false}","{""model"": ""agentic-workspace-v1"", ""enabled"": true, ""purpose"": ""process-work-guidance""}","{""seededFrom"": ""mst_process + mst_job_type + mst_department"", ""taskTypeLogic"": ""process.isapprovalrequired + client approval + job-type nature"", ""partyRoutingDepartment"": 9999}","NORMAL",True,True,241,"SYSTEM","2026-04-16 08:57:33.887592",NULL,"2026-04-16 08:57:33.887592"
"2118",1015,"BINDING_ONLY",24,24,"BIND","BIND","1011","TASK_ASSIGNED","Binding Assigned",NULL,0,"INTERNAL",True,False,False,False,False,False,False,False,False,True,True,False,"P_BIND","[BINDING_ONLY] Binding [TASK_ASSIGNED] - {job_no}","Process: Binding (BIND)
Event: TASK_ASSIGNED
Job No: {job_no}
Work Note: Update step status and part-wise completion in workspace.","8.00","2.00",NULL,"2.00","PENDING",True,NULL,"{""channels"": {""push"": true, ""email"": true, ""workspace"": true}, ""eventType"": ""TASK_ASSIGNED"", ""jobTypeCode"": ""BINDING_ONLY"", ""jobTypeName"": ""Binding Only"", ""processCode"": ""BIND"", ""printingMode"": null, ""isFullProcess"": false, ""isOutsourceJob"": false, ""isSingleProcess"": true, ""isInhouseMaterial"": false, ""isCustomerMaterial"": true, ""allowAdvancePayment"": true, ""requireCostingApproval"": false}","{""model"": ""agentic-workspace-v1"", ""enabled"": true, ""purpose"": ""process-work-guidance""}","{""seededFrom"": ""mst_process + mst_job_type + mst_department"", ""taskTypeLogic"": ""process.isapprovalrequired + client approval + job-type nature"", ""partyRoutingDepartment"": 9999}","NORMAL",True,True,242,"SYSTEM","2026-04-16 08:57:33.887592",NULL,"2026-04-16 08:57:33.887592"
"2119",1015,"BINDING_ONLY",24,24,"BIND","BIND","1011","TASK_OVERDUE","Binding Overdue",NULL,0,"INTERNAL",True,False,False,False,False,False,False,False,False,True,True,False,"P_BIND","[BINDING_ONLY] Binding [TASK_OVERDUE] - {job_no}","Process: Binding (BIND)
Event: TASK_OVERDUE
Job No: {job_no}
Work Note: Update step status and part-wise completion in workspace.","8.00","2.00",NULL,"2.00","OVERDUE",False,NULL,"{""channels"": {""push"": true, ""email"": true, ""workspace"": true}, ""eventType"": ""TASK_OVERDUE"", ""jobTypeCode"": ""BINDING_ONLY"", ""jobTypeName"": ""Binding Only"", ""processCode"": ""BIND"", ""printingMode"": null, ""isFullProcess"": false, ""isOutsourceJob"": false, ""isSingleProcess"": true, ""isInhouseMaterial"": false, ""isCustomerMaterial"": true, ""allowAdvancePayment"": true, ""requireCostingApproval"": false}","{""model"": ""agentic-workspace-v1"", ""enabled"": true, ""purpose"": ""process-work-guidance""}","{""seededFrom"": ""mst_process + mst_job_type + mst_department"", ""taskTypeLogic"": ""process.isapprovalrequired + client approval + job-type nature"", ""partyRoutingDepartment"": 9999}","NORMAL",True,True,243,"SYSTEM","2026-04-16 08:57:33.887592",NULL,"2026-04-16 08:57:33.887592"
"2120",1015,"BINDING_ONLY",24,24,"BIND","BIND","1011","TASK_COMPLETED","Binding Completed",NULL,0,"INTERNAL",True,False,False,False,False,False,False,False,False,True,True,False,"P_BIND","[BINDING_ONLY] Binding [TASK_COMPLETED] - {job_no}","Process: Binding (BIND)
Event: TASK_COMPLETED
Job No: {job_no}
Work Note: Update step status and part-wise completion in workspace.","8.00","2.00",NULL,"2.00","COMPLETED",False,NULL,"{""channels"": {""push"": true, ""email"": true, ""workspace"": true}, ""eventType"": ""TASK_COMPLETED"", ""jobTypeCode"": ""BINDING_ONLY"", ""jobTypeName"": ""Binding Only"", ""processCode"": ""BIND"", ""printingMode"": null, ""isFullProcess"": false, ""isOutsourceJob"": false, ""isSingleProcess"": true, ""isInhouseMaterial"": false, ""isCustomerMaterial"": true, ""allowAdvancePayment"": true, ""requireCostingApproval"": false}","{""model"": ""agentic-workspace-v1"", ""enabled"": true, ""purpose"": ""process-work-guidance""}","{""seededFrom"": ""mst_process + mst_job_type + mst_department"", ""taskTypeLogic"": ""process.isapprovalrequired + client approval + job-type nature"", ""partyRoutingDepartment"": 9999}","NORMAL",True,True,244,"SYSTEM","2026-04-16 08:57:33.887592",NULL,"2026-04-16 08:57:33.887592"
"2121",1016,"FINISH_ONLY",22,22,"POST_PRESS","POST_PRESS","1011","PROC_START","Post Press Finishing Started",NULL,0,"INTERNAL",True,False,False,False,False,False,False,False,False,True,True,False,"P_POST","[FINISH_ONLY] Post Press [PROC_START] - {job_no}","Process: Post Press Finishing (POST_PRESS)
Event: PROC_START
Job No: {job_no}
Work Note: Update step status and part-wise completion in workspace.","8.00","2.00",NULL,"2.00","PENDING",True,NULL,"{""channels"": {""push"": true, ""email"": true, ""workspace"": true}, ""eventType"": ""PROC_START"", ""jobTypeCode"": ""FINISH_ONLY"", ""jobTypeName"": ""Finishing Only"", ""processCode"": ""POST_PRESS"", ""printingMode"": null, ""isFullProcess"": false, ""isOutsourceJob"": false, ""isSingleProcess"": true, ""isInhouseMaterial"": false, ""isCustomerMaterial"": true, ""allowAdvancePayment"": true, ""requireCostingApproval"": false}","{""model"": ""agentic-workspace-v1"", ""enabled"": true, ""purpose"": ""process-work-guidance""}","{""seededFrom"": ""mst_process + mst_job_type + mst_department"", ""taskTypeLogic"": ""process.isapprovalrequired + client approval + job-type nature"", ""partyRoutingDepartment"": 9999}","NORMAL",True,True,221,"SYSTEM","2026-04-16 08:57:33.887592",NULL,"2026-04-16 08:57:33.887592"
"2122",1016,"FINISH_ONLY",22,22,"POST_PRESS","POST_PRESS","1011","TASK_ASSIGNED","Post Press Finishing Assigned",NULL,0,"INTERNAL",True,False,False,False,False,False,False,False,False,True,True,False,"P_POST","[FINISH_ONLY] Post Press [TASK_ASSIGNED] - {job_no}","Process: Post Press Finishing (POST_PRESS)
Event: TASK_ASSIGNED
Job No: {job_no}
Work Note: Update step status and part-wise completion in workspace.","8.00","2.00",NULL,"2.00","PENDING",True,NULL,"{""channels"": {""push"": true, ""email"": true, ""workspace"": true}, ""eventType"": ""TASK_ASSIGNED"", ""jobTypeCode"": ""FINISH_ONLY"", ""jobTypeName"": ""Finishing Only"", ""processCode"": ""POST_PRESS"", ""printingMode"": null, ""isFullProcess"": false, ""isOutsourceJob"": false, ""isSingleProcess"": true, ""isInhouseMaterial"": false, ""isCustomerMaterial"": true, ""allowAdvancePayment"": true, ""requireCostingApproval"": false}","{""model"": ""agentic-workspace-v1"", ""enabled"": true, ""purpose"": ""process-work-guidance""}","{""seededFrom"": ""mst_process + mst_job_type + mst_department"", ""taskTypeLogic"": ""process.isapprovalrequired + client approval + job-type nature"", ""partyRoutingDepartment"": 9999}","NORMAL",True,True,222,"SYSTEM","2026-04-16 08:57:33.887592",NULL,"2026-04-16 08:57:33.887592"
"2123",1016,"FINISH_ONLY",22,22,"POST_PRESS","POST_PRESS","1011","TASK_OVERDUE","Post Press Finishing Overdue",NULL,0,"INTERNAL",True,False,False,False,False,False,False,False,False,True,True,False,"P_POST","[FINISH_ONLY] Post Press [TASK_OVERDUE] - {job_no}","Process: Post Press Finishing (POST_PRESS)
Event: TASK_OVERDUE
Job No: {job_no}
Work Note: Update step status and part-wise completion in workspace.","8.00","2.00",NULL,"2.00","OVERDUE",False,NULL,"{""channels"": {""push"": true, ""email"": true, ""workspace"": true}, ""eventType"": ""TASK_OVERDUE"", ""jobTypeCode"": ""FINISH_ONLY"", ""jobTypeName"": ""Finishing Only"", ""processCode"": ""POST_PRESS"", ""printingMode"": null, ""isFullProcess"": false, ""isOutsourceJob"": false, ""isSingleProcess"": true, ""isInhouseMaterial"": false, ""isCustomerMaterial"": true, ""allowAdvancePayment"": true, ""requireCostingApproval"": false}","{""model"": ""agentic-workspace-v1"", ""enabled"": true, ""purpose"": ""process-work-guidance""}","{""seededFrom"": ""mst_process + mst_job_type + mst_department"", ""taskTypeLogic"": ""process.isapprovalrequired + client approval + job-type nature"", ""partyRoutingDepartment"": 9999}","NORMAL",True,True,223,"SYSTEM","2026-04-16 08:57:33.887592",NULL,"2026-04-16 08:57:33.887592"
"2124",1016,"FINISH_ONLY",22,22,"POST_PRESS","POST_PRESS","1011","TASK_COMPLETED","Post Press Finishing Completed",NULL,0,"INTERNAL",True,False,False,False,False,False,False,False,False,True,True,False,"P_POST","[FINISH_ONLY] Post Press [TASK_COMPLETED] - {job_no}","Process: Post Press Finishing (POST_PRESS)
Event: TASK_COMPLETED
Job No: {job_no}
Work Note: Update step status and part-wise completion in workspace.","8.00","2.00",NULL,"2.00","COMPLETED",False,NULL,"{""channels"": {""push"": true, ""email"": true, ""workspace"": true}, ""eventType"": ""TASK_COMPLETED"", ""jobTypeCode"": ""FINISH_ONLY"", ""jobTypeName"": ""Finishing Only"", ""processCode"": ""POST_PRESS"", ""printingMode"": null, ""isFullProcess"": false, ""isOutsourceJob"": false, ""isSingleProcess"": true, ""isInhouseMaterial"": false, ""isCustomerMaterial"": true, ""allowAdvancePayment"": true, ""requireCostingApproval"": false}","{""model"": ""agentic-workspace-v1"", ""enabled"": true, ""purpose"": ""process-work-guidance""}","{""seededFrom"": ""mst_process + mst_job_type + mst_department"", ""taskTypeLogic"": ""process.isapprovalrequired + client approval + job-type nature"", ""partyRoutingDepartment"": 9999}","NORMAL",True,True,224,"SYSTEM","2026-04-16 08:57:33.887592",NULL,"2026-04-16 08:57:33.887592"
"2125",1017,"LAMINATION",22,22,"POST_PRESS","POST_PRESS","1011","PROC_START","Post Press Finishing Started",NULL,0,"INTERNAL",True,False,False,False,False,False,False,False,False,True,True,False,"P_POST","[LAMINATION] Post Press [PROC_START] - {job_no}","Process: Post Press Finishing (POST_PRESS)
Event: PROC_START
Job No: {job_no}
Work Note: Update step status and part-wise completion in workspace.","8.00","2.00",NULL,"2.00","PENDING",True,NULL,"{""channels"": {""push"": true, ""email"": true, ""workspace"": true}, ""eventType"": ""PROC_START"", ""jobTypeCode"": ""LAMINATION"", ""jobTypeName"": ""Lamination"", ""processCode"": ""POST_PRESS"", ""printingMode"": null, ""isFullProcess"": false, ""isOutsourceJob"": false, ""isSingleProcess"": true, ""isInhouseMaterial"": false, ""isCustomerMaterial"": true, ""allowAdvancePayment"": true, ""requireCostingApproval"": false}","{""model"": ""agentic-workspace-v1"", ""enabled"": true, ""purpose"": ""process-work-guidance""}","{""seededFrom"": ""mst_process + mst_job_type + mst_department"", ""taskTypeLogic"": ""process.isapprovalrequired + client approval + job-type nature"", ""partyRoutingDepartment"": 9999}","NORMAL",True,True,221,"SYSTEM","2026-04-16 08:57:33.887592",NULL,"2026-04-16 08:57:33.887592"
"2126",1017,"LAMINATION",22,22,"POST_PRESS","POST_PRESS","1011","TASK_ASSIGNED","Post Press Finishing Assigned",NULL,0,"INTERNAL",True,False,False,False,False,False,False,False,False,True,True,False,"P_POST","[LAMINATION] Post Press [TASK_ASSIGNED] - {job_no}","Process: Post Press Finishing (POST_PRESS)
Event: TASK_ASSIGNED
Job No: {job_no}
Work Note: Update step status and part-wise completion in workspace.","8.00","2.00",NULL,"2.00","PENDING",True,NULL,"{""channels"": {""push"": true, ""email"": true, ""workspace"": true}, ""eventType"": ""TASK_ASSIGNED"", ""jobTypeCode"": ""LAMINATION"", ""jobTypeName"": ""Lamination"", ""processCode"": ""POST_PRESS"", ""printingMode"": null, ""isFullProcess"": false, ""isOutsourceJob"": false, ""isSingleProcess"": true, ""isInhouseMaterial"": false, ""isCustomerMaterial"": true, ""allowAdvancePayment"": true, ""requireCostingApproval"": false}","{""model"": ""agentic-workspace-v1"", ""enabled"": true, ""purpose"": ""process-work-guidance""}","{""seededFrom"": ""mst_process + mst_job_type + mst_department"", ""taskTypeLogic"": ""process.isapprovalrequired + client approval + job-type nature"", ""partyRoutingDepartment"": 9999}","NORMAL",True,True,222,"SYSTEM","2026-04-16 08:57:33.887592",NULL,"2026-04-16 08:57:33.887592"
"2127",1017,"LAMINATION",22,22,"POST_PRESS","POST_PRESS","1011","TASK_OVERDUE","Post Press Finishing Overdue",NULL,0,"INTERNAL",True,False,False,False,False,False,False,False,False,True,True,False,"P_POST","[LAMINATION] Post Press [TASK_OVERDUE] - {job_no}","Process: Post Press Finishing (POST_PRESS)
Event: TASK_OVERDUE
Job No: {job_no}
Work Note: Update step status and part-wise completion in workspace.","8.00","2.00",NULL,"2.00","OVERDUE",False,NULL,"{""channels"": {""push"": true, ""email"": true, ""workspace"": true}, ""eventType"": ""TASK_OVERDUE"", ""jobTypeCode"": ""LAMINATION"", ""jobTypeName"": ""Lamination"", ""processCode"": ""POST_PRESS"", ""printingMode"": null, ""isFullProcess"": false, ""isOutsourceJob"": false, ""isSingleProcess"": true, ""isInhouseMaterial"": false, ""isCustomerMaterial"": true, ""allowAdvancePayment"": true, ""requireCostingApproval"": false}","{""model"": ""agentic-workspace-v1"", ""enabled"": true, ""purpose"": ""process-work-guidance""}","{""seededFrom"": ""mst_process + mst_job_type + mst_department"", ""taskTypeLogic"": ""process.isapprovalrequired + client approval + job-type nature"", ""partyRoutingDepartment"": 9999}","NORMAL",True,True,223,"SYSTEM","2026-04-16 08:57:33.887592",NULL,"2026-04-16 08:57:33.887592"
"2128",1017,"LAMINATION",22,22,"POST_PRESS","POST_PRESS","1011","TASK_COMPLETED","Post Press Finishing Completed",NULL,0,"INTERNAL",True,False,False,False,False,False,False,False,False,True,True,False,"P_POST","[LAMINATION] Post Press [TASK_COMPLETED] - {job_no}","Process: Post Press Finishing (POST_PRESS)
Event: TASK_COMPLETED
Job No: {job_no}
Work Note: Update step status and part-wise completion in workspace.","8.00","2.00",NULL,"2.00","COMPLETED",False,NULL,"{""channels"": {""push"": true, ""email"": true, ""workspace"": true}, ""eventType"": ""TASK_COMPLETED"", ""jobTypeCode"": ""LAMINATION"", ""jobTypeName"": ""Lamination"", ""processCode"": ""POST_PRESS"", ""printingMode"": null, ""isFullProcess"": false, ""isOutsourceJob"": false, ""isSingleProcess"": true, ""isInhouseMaterial"": false, ""isCustomerMaterial"": true, ""allowAdvancePayment"": true, ""requireCostingApproval"": false}","{""model"": ""agentic-workspace-v1"", ""enabled"": true, ""purpose"": ""process-work-guidance""}","{""seededFrom"": ""mst_process + mst_job_type + mst_department"", ""taskTypeLogic"": ""process.isapprovalrequired + client approval + job-type nature"", ""partyRoutingDepartment"": 9999}","NORMAL",True,True,224,"SYSTEM","2026-04-16 08:57:33.887592",NULL,"2026-04-16 08:57:33.887592"
"2129",1018,"CUTTING",22,22,"POST_PRESS","POST_PRESS","1011","PROC_START","Post Press Finishing Started",NULL,0,"INTERNAL",True,False,False,False,False,False,False,False,False,True,True,False,"P_POST","[CUTTING] Post Press [PROC_START] - {job_no}","Process: Post Press Finishing (POST_PRESS)
Event: PROC_START
Job No: {job_no}
Work Note: Update step status and part-wise completion in workspace.","8.00","2.00",NULL,"2.00","PENDING",True,NULL,"{""channels"": {""push"": true, ""email"": true, ""workspace"": true}, ""eventType"": ""PROC_START"", ""jobTypeCode"": ""CUTTING"", ""jobTypeName"": ""Cutting / Trimming"", ""processCode"": ""POST_PRESS"", ""printingMode"": null, ""isFullProcess"": false, ""isOutsourceJob"": false, ""isSingleProcess"": true, ""isInhouseMaterial"": false, ""isCustomerMaterial"": true, ""allowAdvancePayment"": true, ""requireCostingApproval"": false}","{""model"": ""agentic-workspace-v1"", ""enabled"": true, ""purpose"": ""process-work-guidance""}","{""seededFrom"": ""mst_process + mst_job_type + mst_department"", ""taskTypeLogic"": ""process.isapprovalrequired + client approval + job-type nature"", ""partyRoutingDepartment"": 9999}","NORMAL",True,True,221,"SYSTEM","2026-04-16 08:57:33.887592",NULL,"2026-04-16 08:57:33.887592"
"2130",1018,"CUTTING",22,22,"POST_PRESS","POST_PRESS","1011","TASK_ASSIGNED","Post Press Finishing Assigned",NULL,0,"INTERNAL",True,False,False,False,False,False,False,False,False,True,True,False,"P_POST","[CUTTING] Post Press [TASK_ASSIGNED] - {job_no}","Process: Post Press Finishing (POST_PRESS)
Event: TASK_ASSIGNED
Job No: {job_no}
Work Note: Update step status and part-wise completion in workspace.","8.00","2.00",NULL,"2.00","PENDING",True,NULL,"{""channels"": {""push"": true, ""email"": true, ""workspace"": true}, ""eventType"": ""TASK_ASSIGNED"", ""jobTypeCode"": ""CUTTING"", ""jobTypeName"": ""Cutting / Trimming"", ""processCode"": ""POST_PRESS"", ""printingMode"": null, ""isFullProcess"": false, ""isOutsourceJob"": false, ""isSingleProcess"": true, ""isInhouseMaterial"": false, ""isCustomerMaterial"": true, ""allowAdvancePayment"": true, ""requireCostingApproval"": false}","{""model"": ""agentic-workspace-v1"", ""enabled"": true, ""purpose"": ""process-work-guidance""}","{""seededFrom"": ""mst_process + mst_job_type + mst_department"", ""taskTypeLogic"": ""process.isapprovalrequired + client approval + job-type nature"", ""partyRoutingDepartment"": 9999}","NORMAL",True,True,222,"SYSTEM","2026-04-16 08:57:33.887592",NULL,"2026-04-16 08:57:33.887592"
"2131",1018,"CUTTING",22,22,"POST_PRESS","POST_PRESS","1011","TASK_OVERDUE","Post Press Finishing Overdue",NULL,0,"INTERNAL",True,False,False,False,False,False,False,False,False,True,True,False,"P_POST","[CUTTING] Post Press [TASK_OVERDUE] - {job_no}","Process: Post Press Finishing (POST_PRESS)
Event: TASK_OVERDUE
Job No: {job_no}
Work Note: Update step status and part-wise completion in workspace.","8.00","2.00",NULL,"2.00","OVERDUE",False,NULL,"{""channels"": {""push"": true, ""email"": true, ""workspace"": true}, ""eventType"": ""TASK_OVERDUE"", ""jobTypeCode"": ""CUTTING"", ""jobTypeName"": ""Cutting / Trimming"", ""processCode"": ""POST_PRESS"", ""printingMode"": null, ""isFullProcess"": false, ""isOutsourceJob"": false, ""isSingleProcess"": true, ""isInhouseMaterial"": false, ""isCustomerMaterial"": true, ""allowAdvancePayment"": true, ""requireCostingApproval"": false}","{""model"": ""agentic-workspace-v1"", ""enabled"": true, ""purpose"": ""process-work-guidance""}","{""seededFrom"": ""mst_process + mst_job_type + mst_department"", ""taskTypeLogic"": ""process.isapprovalrequired + client approval + job-type nature"", ""partyRoutingDepartment"": 9999}","NORMAL",True,True,223,"SYSTEM","2026-04-16 08:57:33.887592",NULL,"2026-04-16 08:57:33.887592"
"2132",1018,"CUTTING",22,22,"POST_PRESS","POST_PRESS","1011","TASK_COMPLETED","Post Press Finishing Completed",NULL,0,"INTERNAL",True,False,False,False,False,False,False,False,False,True,True,False,"P_POST","[CUTTING] Post Press [TASK_COMPLETED] - {job_no}","Process: Post Press Finishing (POST_PRESS)
Event: TASK_COMPLETED
Job No: {job_no}
Work Note: Update step status and part-wise completion in workspace.","8.00","2.00",NULL,"2.00","COMPLETED",False,NULL,"{""channels"": {""push"": true, ""email"": true, ""workspace"": true}, ""eventType"": ""TASK_COMPLETED"", ""jobTypeCode"": ""CUTTING"", ""jobTypeName"": ""Cutting / Trimming"", ""processCode"": ""POST_PRESS"", ""printingMode"": null, ""isFullProcess"": false, ""isOutsourceJob"": false, ""isSingleProcess"": true, ""isInhouseMaterial"": false, ""isCustomerMaterial"": true, ""allowAdvancePayment"": true, ""requireCostingApproval"": false}","{""model"": ""agentic-workspace-v1"", ""enabled"": true, ""purpose"": ""process-work-guidance""}","{""seededFrom"": ""mst_process + mst_job_type + mst_department"", ""taskTypeLogic"": ""process.isapprovalrequired + client approval + job-type nature"", ""partyRoutingDepartment"": 9999}","NORMAL",True,True,224,"SYSTEM","2026-04-16 08:57:33.887592",NULL,"2026-04-16 08:57:33.887592"
"2133",1019,"FOLDING",22,22,"POST_PRESS","POST_PRESS","1011","PROC_START","Post Press Finishing Started",NULL,0,"INTERNAL",True,False,False,False,False,False,False,False,False,True,True,False,"P_POST","[FOLDING] Post Press [PROC_START] - {job_no}","Process: Post Press Finishing (POST_PRESS)
Event: PROC_START
Job No: {job_no}
Work Note: Update step status and part-wise completion in workspace.","8.00","2.00",NULL,"2.00","PENDING",True,NULL,"{""channels"": {""push"": true, ""email"": true, ""workspace"": true}, ""eventType"": ""PROC_START"", ""jobTypeCode"": ""FOLDING"", ""jobTypeName"": ""Folding"", ""processCode"": ""POST_PRESS"", ""printingMode"": null, ""isFullProcess"": false, ""isOutsourceJob"": false, ""isSingleProcess"": true, ""isInhouseMaterial"": false, ""isCustomerMaterial"": true, ""allowAdvancePayment"": true, ""requireCostingApproval"": false}","{""model"": ""agentic-workspace-v1"", ""enabled"": true, ""purpose"": ""process-work-guidance""}","{""seededFrom"": ""mst_process + mst_job_type + mst_department"", ""taskTypeLogic"": ""process.isapprovalrequired + client approval + job-type nature"", ""partyRoutingDepartment"": 9999}","NORMAL",True,True,221,"SYSTEM","2026-04-16 08:57:33.887592",NULL,"2026-04-16 08:57:33.887592"
"2134",1019,"FOLDING",22,22,"POST_PRESS","POST_PRESS","1011","TASK_ASSIGNED","Post Press Finishing Assigned",NULL,0,"INTERNAL",True,False,False,False,False,False,False,False,False,True,True,False,"P_POST","[FOLDING] Post Press [TASK_ASSIGNED] - {job_no}","Process: Post Press Finishing (POST_PRESS)
Event: TASK_ASSIGNED
Job No: {job_no}
Work Note: Update step status and part-wise completion in workspace.","8.00","2.00",NULL,"2.00","PENDING",True,NULL,"{""channels"": {""push"": true, ""email"": true, ""workspace"": true}, ""eventType"": ""TASK_ASSIGNED"", ""jobTypeCode"": ""FOLDING"", ""jobTypeName"": ""Folding"", ""processCode"": ""POST_PRESS"", ""printingMode"": null, ""isFullProcess"": false, ""isOutsourceJob"": false, ""isSingleProcess"": true, ""isInhouseMaterial"": false, ""isCustomerMaterial"": true, ""allowAdvancePayment"": true, ""requireCostingApproval"": false}","{""model"": ""agentic-workspace-v1"", ""enabled"": true, ""purpose"": ""process-work-guidance""}","{""seededFrom"": ""mst_process + mst_job_type + mst_department"", ""taskTypeLogic"": ""process.isapprovalrequired + client approval + job-type nature"", ""partyRoutingDepartment"": 9999}","NORMAL",True,True,222,"SYSTEM","2026-04-16 08:57:33.887592",NULL,"2026-04-16 08:57:33.887592"
"2135",1019,"FOLDING",22,22,"POST_PRESS","POST_PRESS","1011","TASK_OVERDUE","Post Press Finishing Overdue",NULL,0,"INTERNAL",True,False,False,False,False,False,False,False,False,True,True,False,"P_POST","[FOLDING] Post Press [TASK_OVERDUE] - {job_no}","Process: Post Press Finishing (POST_PRESS)
Event: TASK_OVERDUE
Job No: {job_no}
Work Note: Update step status and part-wise completion in workspace.","8.00","2.00",NULL,"2.00","OVERDUE",False,NULL,"{""channels"": {""push"": true, ""email"": true, ""workspace"": true}, ""eventType"": ""TASK_OVERDUE"", ""jobTypeCode"": ""FOLDING"", ""jobTypeName"": ""Folding"", ""processCode"": ""POST_PRESS"", ""printingMode"": null, ""isFullProcess"": false, ""isOutsourceJob"": false, ""isSingleProcess"": true, ""isInhouseMaterial"": false, ""isCustomerMaterial"": true, ""allowAdvancePayment"": true, ""requireCostingApproval"": false}","{""model"": ""agentic-workspace-v1"", ""enabled"": true, ""purpose"": ""process-work-guidance""}","{""seededFrom"": ""mst_process + mst_job_type + mst_department"", ""taskTypeLogic"": ""process.isapprovalrequired + client approval + job-type nature"", ""partyRoutingDepartment"": 9999}","NORMAL",True,True,223,"SYSTEM","2026-04-16 08:57:33.887592",NULL,"2026-04-16 08:57:33.887592"
"2136",1019,"FOLDING",22,22,"POST_PRESS","POST_PRESS","1011","TASK_COMPLETED","Post Press Finishing Completed",NULL,0,"INTERNAL",True,False,False,False,False,False,False,False,False,True,True,False,"P_POST","[FOLDING] Post Press [TASK_COMPLETED] - {job_no}","Process: Post Press Finishing (POST_PRESS)
Event: TASK_COMPLETED
Job No: {job_no}
Work Note: Update step status and part-wise completion in workspace.","8.00","2.00",NULL,"2.00","COMPLETED",False,NULL,"{""channels"": {""push"": true, ""email"": true, ""workspace"": true}, ""eventType"": ""TASK_COMPLETED"", ""jobTypeCode"": ""FOLDING"", ""jobTypeName"": ""Folding"", ""processCode"": ""POST_PRESS"", ""printingMode"": null, ""isFullProcess"": false, ""isOutsourceJob"": false, ""isSingleProcess"": true, ""isInhouseMaterial"": false, ""isCustomerMaterial"": true, ""allowAdvancePayment"": true, ""requireCostingApproval"": false}","{""model"": ""agentic-workspace-v1"", ""enabled"": true, ""purpose"": ""process-work-guidance""}","{""seededFrom"": ""mst_process + mst_job_type + mst_department"", ""taskTypeLogic"": ""process.isapprovalrequired + client approval + job-type nature"", ""partyRoutingDepartment"": 9999}","NORMAL",True,True,224,"SYSTEM","2026-04-16 08:57:33.887592",NULL,"2026-04-16 08:57:33.887592"
"2137",1020,"PACKAGING",22,22,"POST_PRESS","POST_PRESS","1011","PROC_START","Post Press Finishing Started",NULL,0,"INTERNAL",True,False,False,False,False,False,False,False,False,True,True,False,"P_POST","[PACKAGING] Post Press [PROC_START] - {job_no}","Process: Post Press Finishing (POST_PRESS)
Event: PROC_START
Job No: {job_no}
Work Note: Update step status and part-wise completion in workspace.","8.00","2.00",NULL,"2.00","PENDING",True,NULL,"{""channels"": {""push"": true, ""email"": true, ""workspace"": true}, ""eventType"": ""PROC_START"", ""jobTypeCode"": ""PACKAGING"", ""jobTypeName"": ""Packaging"", ""processCode"": ""POST_PRESS"", ""printingMode"": null, ""isFullProcess"": false, ""isOutsourceJob"": false, ""isSingleProcess"": true, ""isInhouseMaterial"": false, ""isCustomerMaterial"": true, ""allowAdvancePayment"": true, ""requireCostingApproval"": false}","{""model"": ""agentic-workspace-v1"", ""enabled"": true, ""purpose"": ""process-work-guidance""}","{""seededFrom"": ""mst_process + mst_job_type + mst_department"", ""taskTypeLogic"": ""process.isapprovalrequired + client approval + job-type nature"", ""partyRoutingDepartment"": 9999}","NORMAL",True,True,221,"SYSTEM","2026-04-16 08:57:33.887592",NULL,"2026-04-16 08:57:33.887592"
"2138",1020,"PACKAGING",22,22,"POST_PRESS","POST_PRESS","1011","TASK_ASSIGNED","Post Press Finishing Assigned",NULL,0,"INTERNAL",True,False,False,False,False,False,False,False,False,True,True,False,"P_POST","[PACKAGING] Post Press [TASK_ASSIGNED] - {job_no}","Process: Post Press Finishing (POST_PRESS)
Event: TASK_ASSIGNED
Job No: {job_no}
Work Note: Update step status and part-wise completion in workspace.","8.00","2.00",NULL,"2.00","PENDING",True,NULL,"{""channels"": {""push"": true, ""email"": true, ""workspace"": true}, ""eventType"": ""TASK_ASSIGNED"", ""jobTypeCode"": ""PACKAGING"", ""jobTypeName"": ""Packaging"", ""processCode"": ""POST_PRESS"", ""printingMode"": null, ""isFullProcess"": false, ""isOutsourceJob"": false, ""isSingleProcess"": true, ""isInhouseMaterial"": false, ""isCustomerMaterial"": true, ""allowAdvancePayment"": true, ""requireCostingApproval"": false}","{""model"": ""agentic-workspace-v1"", ""enabled"": true, ""purpose"": ""process-work-guidance""}","{""seededFrom"": ""mst_process + mst_job_type + mst_department"", ""taskTypeLogic"": ""process.isapprovalrequired + client approval + job-type nature"", ""partyRoutingDepartment"": 9999}","NORMAL",True,True,222,"SYSTEM","2026-04-16 08:57:33.887592",NULL,"2026-04-16 08:57:33.887592"
"2139",1020,"PACKAGING",22,22,"POST_PRESS","POST_PRESS","1011","TASK_OVERDUE","Post Press Finishing Overdue",NULL,0,"INTERNAL",True,False,False,False,False,False,False,False,False,True,True,False,"P_POST","[PACKAGING] Post Press [TASK_OVERDUE] - {job_no}","Process: Post Press Finishing (POST_PRESS)
Event: TASK_OVERDUE
Job No: {job_no}
Work Note: Update step status and part-wise completion in workspace.","8.00","2.00",NULL,"2.00","OVERDUE",False,NULL,"{""channels"": {""push"": true, ""email"": true, ""workspace"": true}, ""eventType"": ""TASK_OVERDUE"", ""jobTypeCode"": ""PACKAGING"", ""jobTypeName"": ""Packaging"", ""processCode"": ""POST_PRESS"", ""printingMode"": null, ""isFullProcess"": false, ""isOutsourceJob"": false, ""isSingleProcess"": true, ""isInhouseMaterial"": false, ""isCustomerMaterial"": true, ""allowAdvancePayment"": true, ""requireCostingApproval"": false}","{""model"": ""agentic-workspace-v1"", ""enabled"": true, ""purpose"": ""process-work-guidance""}","{""seededFrom"": ""mst_process + mst_job_type + mst_department"", ""taskTypeLogic"": ""process.isapprovalrequired + client approval + job-type nature"", ""partyRoutingDepartment"": 9999}","NORMAL",True,True,223,"SYSTEM","2026-04-16 08:57:33.887592",NULL,"2026-04-16 08:57:33.887592"
"2140",1020,"PACKAGING",22,22,"POST_PRESS","POST_PRESS","1011","TASK_COMPLETED","Post Press Finishing Completed",NULL,0,"INTERNAL",True,False,False,False,False,False,False,False,False,True,True,False,"P_POST","[PACKAGING] Post Press [TASK_COMPLETED] - {job_no}","Process: Post Press Finishing (POST_PRESS)
Event: TASK_COMPLETED
Job No: {job_no}
Work Note: Update step status and part-wise completion in workspace.","8.00","2.00",NULL,"2.00","COMPLETED",False,NULL,"{""channels"": {""push"": true, ""email"": true, ""workspace"": true}, ""eventType"": ""TASK_COMPLETED"", ""jobTypeCode"": ""PACKAGING"", ""jobTypeName"": ""Packaging"", ""processCode"": ""POST_PRESS"", ""printingMode"": null, ""isFullProcess"": false, ""isOutsourceJob"": false, ""isSingleProcess"": true, ""isInhouseMaterial"": false, ""isCustomerMaterial"": true, ""allowAdvancePayment"": true, ""requireCostingApproval"": false}","{""model"": ""agentic-workspace-v1"", ""enabled"": true, ""purpose"": ""process-work-guidance""}","{""seededFrom"": ""mst_process + mst_job_type + mst_department"", ""taskTypeLogic"": ""process.isapprovalrequired + client approval + job-type nature"", ""partyRoutingDepartment"": 9999}","NORMAL",True,True,224,"SYSTEM","2026-04-16 08:57:33.887592",NULL,"2026-04-16 08:57:33.887592"
"2141",1021,"OUT_PRINT",11,11,"PROC","PROC","1015","PROC_START","Material Procurement Started",NULL,1,"INTERNAL",True,True,False,True,False,False,False,False,False,True,True,False,"P_PROC","[OUT_PRINT] Procurement [PROC_START] - {job_no}","Process: Material Procurement (PROC)
Event: PROC_START
Job No: {job_no}
Work Note: Update step status and part-wise completion in workspace.","8.00","2.00","DEPT_HEAD","2.00","PENDING",True,NULL,"{""channels"": {""push"": true, ""email"": true, ""workspace"": true}, ""eventType"": ""PROC_START"", ""jobTypeCode"": ""OUT_PRINT"", ""jobTypeName"": ""Outsource Printing Job"", ""processCode"": ""PROC"", ""printingMode"": ""MULTI"", ""isFullProcess"": false, ""isOutsourceJob"": true, ""isSingleProcess"": false, ""isInhouseMaterial"": true, ""isCustomerMaterial"": false, ""allowAdvancePayment"": true, ""requireCostingApproval"": true}","{""model"": ""agentic-workspace-v1"", ""enabled"": true, ""purpose"": ""process-work-guidance""}","{""seededFrom"": ""mst_process + mst_job_type + mst_department"", ""taskTypeLogic"": ""process.isapprovalrequired + client approval + job-type nature"", ""partyRoutingDepartment"": 9999}","HIGH",True,True,111,"SYSTEM","2026-04-16 08:57:33.887592",NULL,"2026-04-16 08:57:33.887592"
"2142",1021,"OUT_PRINT",11,11,"PROC","PROC","1015","TASK_ASSIGNED","Material Procurement Assigned",NULL,1,"INTERNAL",True,True,False,True,False,False,False,False,False,True,True,False,"P_PROC","[OUT_PRINT] Procurement [TASK_ASSIGNED] - {job_no}","Process: Material Procurement (PROC)
Event: TASK_ASSIGNED
Job No: {job_no}
Work Note: Update step status and part-wise completion in workspace.","8.00","2.00","DEPT_HEAD","2.00","PENDING",True,NULL,"{""channels"": {""push"": true, ""email"": true, ""workspace"": true}, ""eventType"": ""TASK_ASSIGNED"", ""jobTypeCode"": ""OUT_PRINT"", ""jobTypeName"": ""Outsource Printing Job"", ""processCode"": ""PROC"", ""printingMode"": ""MULTI"", ""isFullProcess"": false, ""isOutsourceJob"": true, ""isSingleProcess"": false, ""isInhouseMaterial"": true, ""isCustomerMaterial"": false, ""allowAdvancePayment"": true, ""requireCostingApproval"": true}","{""model"": ""agentic-workspace-v1"", ""enabled"": true, ""purpose"": ""process-work-guidance""}","{""seededFrom"": ""mst_process + mst_job_type + mst_department"", ""taskTypeLogic"": ""process.isapprovalrequired + client approval + job-type nature"", ""partyRoutingDepartment"": 9999}","HIGH",True,True,112,"SYSTEM","2026-04-16 08:57:33.887592",NULL,"2026-04-16 08:57:33.887592"
"2143",1021,"OUT_PRINT",11,11,"PROC","PROC","1015","TASK_OVERDUE","Material Procurement Overdue",NULL,1,"INTERNAL",True,True,False,True,False,False,False,False,False,True,True,False,"P_PROC","[OUT_PRINT] Procurement [TASK_OVERDUE] - {job_no}","Process: Material Procurement (PROC)
Event: TASK_OVERDUE
Job No: {job_no}
Work Note: Update step status and part-wise completion in workspace.","8.00","2.00","DEPT_HEAD","2.00","OVERDUE",False,NULL,"{""channels"": {""push"": true, ""email"": true, ""workspace"": true}, ""eventType"": ""TASK_OVERDUE"", ""jobTypeCode"": ""OUT_PRINT"", ""jobTypeName"": ""Outsource Printing Job"", ""processCode"": ""PROC"", ""printingMode"": ""MULTI"", ""isFullProcess"": false, ""isOutsourceJob"": true, ""isSingleProcess"": false, ""isInhouseMaterial"": true, ""isCustomerMaterial"": false, ""allowAdvancePayment"": true, ""requireCostingApproval"": true}","{""model"": ""agentic-workspace-v1"", ""enabled"": true, ""purpose"": ""process-work-guidance""}","{""seededFrom"": ""mst_process + mst_job_type + mst_department"", ""taskTypeLogic"": ""process.isapprovalrequired + client approval + job-type nature"", ""partyRoutingDepartment"": 9999}","HIGH",True,True,113,"SYSTEM","2026-04-16 08:57:33.887592",NULL,"2026-04-16 08:57:33.887592"
"2144",1021,"OUT_PRINT",11,11,"PROC","PROC","1015","TASK_COMPLETED","Material Procurement Completed",NULL,1,"INTERNAL",True,True,False,True,False,False,False,False,False,True,True,False,"P_PROC","[OUT_PRINT] Procurement [TASK_COMPLETED] - {job_no}","Process: Material Procurement (PROC)
Event: TASK_COMPLETED
Job No: {job_no}
Work Note: Update step status and part-wise completion in workspace.","8.00","2.00","DEPT_HEAD","2.00","COMPLETED",False,NULL,"{""channels"": {""push"": true, ""email"": true, ""workspace"": true}, ""eventType"": ""TASK_COMPLETED"", ""jobTypeCode"": ""OUT_PRINT"", ""jobTypeName"": ""Outsource Printing Job"", ""processCode"": ""PROC"", ""printingMode"": ""MULTI"", ""isFullProcess"": false, ""isOutsourceJob"": true, ""isSingleProcess"": false, ""isInhouseMaterial"": true, ""isCustomerMaterial"": false, ""allowAdvancePayment"": true, ""requireCostingApproval"": true}","{""model"": ""agentic-workspace-v1"", ""enabled"": true, ""purpose"": ""process-work-guidance""}","{""seededFrom"": ""mst_process + mst_job_type + mst_department"", ""taskTypeLogic"": ""process.isapprovalrequired + client approval + job-type nature"", ""partyRoutingDepartment"": 9999}","HIGH",True,True,114,"SYSTEM","2026-04-16 08:57:33.887592",NULL,"2026-04-16 08:57:33.887592"
"2145",1021,"OUT_PRINT",12,12,"GRN","GRN","1014","PROC_START","Goods Receipt Note Started",NULL,1,"INTERNAL",True,True,False,True,False,False,False,False,False,True,True,False,"P_GRN","[OUT_PRINT] Material Receipt [PROC_START] - {job_no}","Process: Goods Receipt Note (GRN)
Event: PROC_START
Job No: {job_no}
Work Note: Update step status and part-wise completion in workspace.","4.00","2.00","DEPT_HEAD","2.00","PENDING",True,NULL,"{""channels"": {""push"": true, ""email"": true, ""workspace"": true}, ""eventType"": ""PROC_START"", ""jobTypeCode"": ""OUT_PRINT"", ""jobTypeName"": ""Outsource Printing Job"", ""processCode"": ""GRN"", ""printingMode"": ""MULTI"", ""isFullProcess"": false, ""isOutsourceJob"": true, ""isSingleProcess"": false, ""isInhouseMaterial"": true, ""isCustomerMaterial"": false, ""allowAdvancePayment"": true, ""requireCostingApproval"": true}","{""model"": ""agentic-workspace-v1"", ""enabled"": true, ""purpose"": ""process-work-guidance""}","{""seededFrom"": ""mst_process + mst_job_type + mst_department"", ""taskTypeLogic"": ""process.isapprovalrequired + client approval + job-type nature"", ""partyRoutingDepartment"": 9999}","HIGH",True,True,121,"SYSTEM","2026-04-16 08:57:33.887592",NULL,"2026-04-16 08:57:33.887592"
"2146",1021,"OUT_PRINT",12,12,"GRN","GRN","1014","TASK_ASSIGNED","Goods Receipt Note Assigned",NULL,1,"INTERNAL",True,True,False,True,False,False,False,False,False,True,True,False,"P_GRN","[OUT_PRINT] Material Receipt [TASK_ASSIGNED] - {job_no}","Process: Goods Receipt Note (GRN)
Event: TASK_ASSIGNED
Job No: {job_no}
Work Note: Update step status and part-wise completion in workspace.","4.00","2.00","DEPT_HEAD","2.00","PENDING",True,NULL,"{""channels"": {""push"": true, ""email"": true, ""workspace"": true}, ""eventType"": ""TASK_ASSIGNED"", ""jobTypeCode"": ""OUT_PRINT"", ""jobTypeName"": ""Outsource Printing Job"", ""processCode"": ""GRN"", ""printingMode"": ""MULTI"", ""isFullProcess"": false, ""isOutsourceJob"": true, ""isSingleProcess"": false, ""isInhouseMaterial"": true, ""isCustomerMaterial"": false, ""allowAdvancePayment"": true, ""requireCostingApproval"": true}","{""model"": ""agentic-workspace-v1"", ""enabled"": true, ""purpose"": ""process-work-guidance""}","{""seededFrom"": ""mst_process + mst_job_type + mst_department"", ""taskTypeLogic"": ""process.isapprovalrequired + client approval + job-type nature"", ""partyRoutingDepartment"": 9999}","HIGH",True,True,122,"SYSTEM","2026-04-16 08:57:33.887592",NULL,"2026-04-16 08:57:33.887592"
"2147",1021,"OUT_PRINT",12,12,"GRN","GRN","1014","TASK_OVERDUE","Goods Receipt Note Overdue",NULL,1,"INTERNAL",True,True,False,True,False,False,False,False,False,True,True,False,"P_GRN","[OUT_PRINT] Material Receipt [TASK_OVERDUE] - {job_no}","Process: Goods Receipt Note (GRN)
Event: TASK_OVERDUE
Job No: {job_no}
Work Note: Update step status and part-wise completion in workspace.","4.00","2.00","DEPT_HEAD","2.00","OVERDUE",False,NULL,"{""channels"": {""push"": true, ""email"": true, ""workspace"": true}, ""eventType"": ""TASK_OVERDUE"", ""jobTypeCode"": ""OUT_PRINT"", ""jobTypeName"": ""Outsource Printing Job"", ""processCode"": ""GRN"", ""printingMode"": ""MULTI"", ""isFullProcess"": false, ""isOutsourceJob"": true, ""isSingleProcess"": false, ""isInhouseMaterial"": true, ""isCustomerMaterial"": false, ""allowAdvancePayment"": true, ""requireCostingApproval"": true}","{""model"": ""agentic-workspace-v1"", ""enabled"": true, ""purpose"": ""process-work-guidance""}","{""seededFrom"": ""mst_process + mst_job_type + mst_department"", ""taskTypeLogic"": ""process.isapprovalrequired + client approval + job-type nature"", ""partyRoutingDepartment"": 9999}","HIGH",True,True,123,"SYSTEM","2026-04-16 08:57:33.887592",NULL,"2026-04-16 08:57:33.887592"
"2148",1021,"OUT_PRINT",12,12,"GRN","GRN","1014","TASK_COMPLETED","Goods Receipt Note Completed",NULL,1,"INTERNAL",True,True,False,True,False,False,False,False,False,True,True,False,"P_GRN","[OUT_PRINT] Material Receipt [TASK_COMPLETED] - {job_no}","Process: Goods Receipt Note (GRN)
Event: TASK_COMPLETED
Job No: {job_no}
Work Note: Update step status and part-wise completion in workspace.","4.00","2.00","DEPT_HEAD","2.00","COMPLETED",False,NULL,"{""channels"": {""push"": true, ""email"": true, ""workspace"": true}, ""eventType"": ""TASK_COMPLETED"", ""jobTypeCode"": ""OUT_PRINT"", ""jobTypeName"": ""Outsource Printing Job"", ""processCode"": ""GRN"", ""printingMode"": ""MULTI"", ""isFullProcess"": false, ""isOutsourceJob"": true, ""isSingleProcess"": false, ""isInhouseMaterial"": true, ""isCustomerMaterial"": false, ""allowAdvancePayment"": true, ""requireCostingApproval"": true}","{""model"": ""agentic-workspace-v1"", ""enabled"": true, ""purpose"": ""process-work-guidance""}","{""seededFrom"": ""mst_process + mst_job_type + mst_department"", ""taskTypeLogic"": ""process.isapprovalrequired + client approval + job-type nature"", ""partyRoutingDepartment"": 9999}","HIGH",True,True,124,"SYSTEM","2026-04-16 08:57:33.887592",NULL,"2026-04-16 08:57:33.887592"
"2149",1022,"OUT_BIND",11,11,"PROC","PROC","1015","PROC_START","Material Procurement Started",NULL,1,"INTERNAL",True,True,False,True,False,False,False,False,False,True,True,False,"P_PROC","[OUT_BIND] Procurement [PROC_START] - {job_no}","Process: Material Procurement (PROC)
Event: PROC_START
Job No: {job_no}
Work Note: Update step status and part-wise completion in workspace.","8.00","2.00","DEPT_HEAD","2.00","PENDING",True,NULL,"{""channels"": {""push"": true, ""email"": true, ""workspace"": true}, ""eventType"": ""PROC_START"", ""jobTypeCode"": ""OUT_BIND"", ""jobTypeName"": ""Outsource Binding Job"", ""processCode"": ""PROC"", ""printingMode"": null, ""isFullProcess"": false, ""isOutsourceJob"": true, ""isSingleProcess"": false, ""isInhouseMaterial"": true, ""isCustomerMaterial"": false, ""allowAdvancePayment"": true, ""requireCostingApproval"": false}","{""model"": ""agentic-workspace-v1"", ""enabled"": true, ""purpose"": ""process-work-guidance""}","{""seededFrom"": ""mst_process + mst_job_type + mst_department"", ""taskTypeLogic"": ""process.isapprovalrequired + client approval + job-type nature"", ""partyRoutingDepartment"": 9999}","HIGH",True,True,111,"SYSTEM","2026-04-16 08:57:33.887592",NULL,"2026-04-16 08:57:33.887592"
"2150",1022,"OUT_BIND",11,11,"PROC","PROC","1015","TASK_ASSIGNED","Material Procurement Assigned",NULL,1,"INTERNAL",True,True,False,True,False,False,False,False,False,True,True,False,"P_PROC","[OUT_BIND] Procurement [TASK_ASSIGNED] - {job_no}","Process: Material Procurement (PROC)
Event: TASK_ASSIGNED
Job No: {job_no}
Work Note: Update step status and part-wise completion in workspace.","8.00","2.00","DEPT_HEAD","2.00","PENDING",True,NULL,"{""channels"": {""push"": true, ""email"": true, ""workspace"": true}, ""eventType"": ""TASK_ASSIGNED"", ""jobTypeCode"": ""OUT_BIND"", ""jobTypeName"": ""Outsource Binding Job"", ""processCode"": ""PROC"", ""printingMode"": null, ""isFullProcess"": false, ""isOutsourceJob"": true, ""isSingleProcess"": false, ""isInhouseMaterial"": true, ""isCustomerMaterial"": false, ""allowAdvancePayment"": true, ""requireCostingApproval"": false}","{""model"": ""agentic-workspace-v1"", ""enabled"": true, ""purpose"": ""process-work-guidance""}","{""seededFrom"": ""mst_process + mst_job_type + mst_department"", ""taskTypeLogic"": ""process.isapprovalrequired + client approval + job-type nature"", ""partyRoutingDepartment"": 9999}","HIGH",True,True,112,"SYSTEM","2026-04-16 08:57:33.887592",NULL,"2026-04-16 08:57:33.887592"
"2151",1022,"OUT_BIND",11,11,"PROC","PROC","1015","TASK_OVERDUE","Material Procurement Overdue",NULL,1,"INTERNAL",True,True,False,True,False,False,False,False,False,True,True,False,"P_PROC","[OUT_BIND] Procurement [TASK_OVERDUE] - {job_no}","Process: Material Procurement (PROC)
Event: TASK_OVERDUE
Job No: {job_no}
Work Note: Update step status and part-wise completion in workspace.","8.00","2.00","DEPT_HEAD","2.00","OVERDUE",False,NULL,"{""channels"": {""push"": true, ""email"": true, ""workspace"": true}, ""eventType"": ""TASK_OVERDUE"", ""jobTypeCode"": ""OUT_BIND"", ""jobTypeName"": ""Outsource Binding Job"", ""processCode"": ""PROC"", ""printingMode"": null, ""isFullProcess"": false, ""isOutsourceJob"": true, ""isSingleProcess"": false, ""isInhouseMaterial"": true, ""isCustomerMaterial"": false, ""allowAdvancePayment"": true, ""requireCostingApproval"": false}","{""model"": ""agentic-workspace-v1"", ""enabled"": true, ""purpose"": ""process-work-guidance""}","{""seededFrom"": ""mst_process + mst_job_type + mst_department"", ""taskTypeLogic"": ""process.isapprovalrequired + client approval + job-type nature"", ""partyRoutingDepartment"": 9999}","HIGH",True,True,113,"SYSTEM","2026-04-16 08:57:33.887592",NULL,"2026-04-16 08:57:33.887592"
"2152",1022,"OUT_BIND",11,11,"PROC","PROC","1015","TASK_COMPLETED","Material Procurement Completed",NULL,1,"INTERNAL",True,True,False,True,False,False,False,False,False,True,True,False,"P_PROC","[OUT_BIND] Procurement [TASK_COMPLETED] - {job_no}","Process: Material Procurement (PROC)
Event: TASK_COMPLETED
Job No: {job_no}
Work Note: Update step status and part-wise completion in workspace.","8.00","2.00","DEPT_HEAD","2.00","COMPLETED",False,NULL,"{""channels"": {""push"": true, ""email"": true, ""workspace"": true}, ""eventType"": ""TASK_COMPLETED"", ""jobTypeCode"": ""OUT_BIND"", ""jobTypeName"": ""Outsource Binding Job"", ""processCode"": ""PROC"", ""printingMode"": null, ""isFullProcess"": false, ""isOutsourceJob"": true, ""isSingleProcess"": false, ""isInhouseMaterial"": true, ""isCustomerMaterial"": false, ""allowAdvancePayment"": true, ""requireCostingApproval"": false}","{""model"": ""agentic-workspace-v1"", ""enabled"": true, ""purpose"": ""process-work-guidance""}","{""seededFrom"": ""mst_process + mst_job_type + mst_department"", ""taskTypeLogic"": ""process.isapprovalrequired + client approval + job-type nature"", ""partyRoutingDepartment"": 9999}","HIGH",True,True,114,"SYSTEM","2026-04-16 08:57:33.887592",NULL,"2026-04-16 08:57:33.887592"
"2153",1022,"OUT_BIND",12,12,"GRN","GRN","1014","PROC_START","Goods Receipt Note Started",NULL,1,"INTERNAL",True,True,False,True,False,False,False,False,False,True,True,False,"P_GRN","[OUT_BIND] Material Receipt [PROC_START] - {job_no}","Process: Goods Receipt Note (GRN)
Event: PROC_START
Job No: {job_no}
Work Note: Update step status and part-wise completion in workspace.","4.00","2.00","DEPT_HEAD","2.00","PENDING",True,NULL,"{""channels"": {""push"": true, ""email"": true, ""workspace"": true}, ""eventType"": ""PROC_START"", ""jobTypeCode"": ""OUT_BIND"", ""jobTypeName"": ""Outsource Binding Job"", ""processCode"": ""GRN"", ""printingMode"": null, ""isFullProcess"": false, ""isOutsourceJob"": true, ""isSingleProcess"": false, ""isInhouseMaterial"": true, ""isCustomerMaterial"": false, ""allowAdvancePayment"": true, ""requireCostingApproval"": false}","{""model"": ""agentic-workspace-v1"", ""enabled"": true, ""purpose"": ""process-work-guidance""}","{""seededFrom"": ""mst_process + mst_job_type + mst_department"", ""taskTypeLogic"": ""process.isapprovalrequired + client approval + job-type nature"", ""partyRoutingDepartment"": 9999}","HIGH",True,True,121,"SYSTEM","2026-04-16 08:57:33.887592",NULL,"2026-04-16 08:57:33.887592"
"2154",1022,"OUT_BIND",12,12,"GRN","GRN","1014","TASK_ASSIGNED","Goods Receipt Note Assigned",NULL,1,"INTERNAL",True,True,False,True,False,False,False,False,False,True,True,False,"P_GRN","[OUT_BIND] Material Receipt [TASK_ASSIGNED] - {job_no}","Process: Goods Receipt Note (GRN)
Event: TASK_ASSIGNED
Job No: {job_no}
Work Note: Update step status and part-wise completion in workspace.","4.00","2.00","DEPT_HEAD","2.00","PENDING",True,NULL,"{""channels"": {""push"": true, ""email"": true, ""workspace"": true}, ""eventType"": ""TASK_ASSIGNED"", ""jobTypeCode"": ""OUT_BIND"", ""jobTypeName"": ""Outsource Binding Job"", ""processCode"": ""GRN"", ""printingMode"": null, ""isFullProcess"": false, ""isOutsourceJob"": true, ""isSingleProcess"": false, ""isInhouseMaterial"": true, ""isCustomerMaterial"": false, ""allowAdvancePayment"": true, ""requireCostingApproval"": false}","{""model"": ""agentic-workspace-v1"", ""enabled"": true, ""purpose"": ""process-work-guidance""}","{""seededFrom"": ""mst_process + mst_job_type + mst_department"", ""taskTypeLogic"": ""process.isapprovalrequired + client approval + job-type nature"", ""partyRoutingDepartment"": 9999}","HIGH",True,True,122,"SYSTEM","2026-04-16 08:57:33.887592",NULL,"2026-04-16 08:57:33.887592"
"2155",1022,"OUT_BIND",12,12,"GRN","GRN","1014","TASK_OVERDUE","Goods Receipt Note Overdue",NULL,1,"INTERNAL",True,True,False,True,False,False,False,False,False,True,True,False,"P_GRN","[OUT_BIND] Material Receipt [TASK_OVERDUE] - {job_no}","Process: Goods Receipt Note (GRN)
Event: TASK_OVERDUE
Job No: {job_no}
Work Note: Update step status and part-wise completion in workspace.","4.00","2.00","DEPT_HEAD","2.00","OVERDUE",False,NULL,"{""channels"": {""push"": true, ""email"": true, ""workspace"": true}, ""eventType"": ""TASK_OVERDUE"", ""jobTypeCode"": ""OUT_BIND"", ""jobTypeName"": ""Outsource Binding Job"", ""processCode"": ""GRN"", ""printingMode"": null, ""isFullProcess"": false, ""isOutsourceJob"": true, ""isSingleProcess"": false, ""isInhouseMaterial"": true, ""isCustomerMaterial"": false, ""allowAdvancePayment"": true, ""requireCostingApproval"": false}","{""model"": ""agentic-workspace-v1"", ""enabled"": true, ""purpose"": ""process-work-guidance""}","{""seededFrom"": ""mst_process + mst_job_type + mst_department"", ""taskTypeLogic"": ""process.isapprovalrequired + client approval + job-type nature"", ""partyRoutingDepartment"": 9999}","HIGH",True,True,123,"SYSTEM","2026-04-16 08:57:33.887592",NULL,"2026-04-16 08:57:33.887592"
"2156",1022,"OUT_BIND",12,12,"GRN","GRN","1014","TASK_COMPLETED","Goods Receipt Note Completed",NULL,1,"INTERNAL",True,True,False,True,False,False,False,False,False,True,True,False,"P_GRN","[OUT_BIND] Material Receipt [TASK_COMPLETED] - {job_no}","Process: Goods Receipt Note (GRN)
Event: TASK_COMPLETED
Job No: {job_no}
Work Note: Update step status and part-wise completion in workspace.","4.00","2.00","DEPT_HEAD","2.00","COMPLETED",False,NULL,"{""channels"": {""push"": true, ""email"": true, ""workspace"": true}, ""eventType"": ""TASK_COMPLETED"", ""jobTypeCode"": ""OUT_BIND"", ""jobTypeName"": ""Outsource Binding Job"", ""processCode"": ""GRN"", ""printingMode"": null, ""isFullProcess"": false, ""isOutsourceJob"": true, ""isSingleProcess"": false, ""isInhouseMaterial"": true, ""isCustomerMaterial"": false, ""allowAdvancePayment"": true, ""requireCostingApproval"": false}","{""model"": ""agentic-workspace-v1"", ""enabled"": true, ""purpose"": ""process-work-guidance""}","{""seededFrom"": ""mst_process + mst_job_type + mst_department"", ""taskTypeLogic"": ""process.isapprovalrequired + client approval + job-type nature"", ""partyRoutingDepartment"": 9999}","HIGH",True,True,124,"SYSTEM","2026-04-16 08:57:33.887592",NULL,"2026-04-16 08:57:33.887592"
"2157",1023,"OUT_FINISH",11,11,"PROC","PROC","1015","PROC_START","Material Procurement Started",NULL,1,"INTERNAL",True,True,False,True,False,False,False,False,False,True,True,False,"P_PROC","[OUT_FINISH] Procurement [PROC_START] - {job_no}","Process: Material Procurement (PROC)
Event: PROC_START
Job No: {job_no}
Work Note: Update step status and part-wise completion in workspace.","8.00","2.00","DEPT_HEAD","2.00","PENDING",True,NULL,"{""channels"": {""push"": true, ""email"": true, ""workspace"": true}, ""eventType"": ""PROC_START"", ""jobTypeCode"": ""OUT_FINISH"", ""jobTypeName"": ""Outsource Finishing Job"", ""processCode"": ""PROC"", ""printingMode"": null, ""isFullProcess"": false, ""isOutsourceJob"": true, ""isSingleProcess"": false, ""isInhouseMaterial"": true, ""isCustomerMaterial"": false, ""allowAdvancePayment"": true, ""requireCostingApproval"": false}","{""model"": ""agentic-workspace-v1"", ""enabled"": true, ""purpose"": ""process-work-guidance""}","{""seededFrom"": ""mst_process + mst_job_type + mst_department"", ""taskTypeLogic"": ""process.isapprovalrequired + client approval + job-type nature"", ""partyRoutingDepartment"": 9999}","HIGH",True,True,111,"SYSTEM","2026-04-16 08:57:33.887592",NULL,"2026-04-16 08:57:33.887592"
"2158",1023,"OUT_FINISH",11,11,"PROC","PROC","1015","TASK_ASSIGNED","Material Procurement Assigned",NULL,1,"INTERNAL",True,True,False,True,False,False,False,False,False,True,True,False,"P_PROC","[OUT_FINISH] Procurement [TASK_ASSIGNED] - {job_no}","Process: Material Procurement (PROC)
Event: TASK_ASSIGNED
Job No: {job_no}
Work Note: Update step status and part-wise completion in workspace.","8.00","2.00","DEPT_HEAD","2.00","PENDING",True,NULL,"{""channels"": {""push"": true, ""email"": true, ""workspace"": true}, ""eventType"": ""TASK_ASSIGNED"", ""jobTypeCode"": ""OUT_FINISH"", ""jobTypeName"": ""Outsource Finishing Job"", ""processCode"": ""PROC"", ""printingMode"": null, ""isFullProcess"": false, ""isOutsourceJob"": true, ""isSingleProcess"": false, ""isInhouseMaterial"": true, ""isCustomerMaterial"": false, ""allowAdvancePayment"": true, ""requireCostingApproval"": false}","{""model"": ""agentic-workspace-v1"", ""enabled"": true, ""purpose"": ""process-work-guidance""}","{""seededFrom"": ""mst_process + mst_job_type + mst_department"", ""taskTypeLogic"": ""process.isapprovalrequired + client approval + job-type nature"", ""partyRoutingDepartment"": 9999}","HIGH",True,True,112,"SYSTEM","2026-04-16 08:57:33.887592",NULL,"2026-04-16 08:57:33.887592"
"2159",1023,"OUT_FINISH",11,11,"PROC","PROC","1015","TASK_OVERDUE","Material Procurement Overdue",NULL,1,"INTERNAL",True,True,False,True,False,False,False,False,False,True,True,False,"P_PROC","[OUT_FINISH] Procurement [TASK_OVERDUE] - {job_no}","Process: Material Procurement (PROC)
Event: TASK_OVERDUE
Job No: {job_no}
Work Note: Update step status and part-wise completion in workspace.","8.00","2.00","DEPT_HEAD","2.00","OVERDUE",False,NULL,"{""channels"": {""push"": true, ""email"": true, ""workspace"": true}, ""eventType"": ""TASK_OVERDUE"", ""jobTypeCode"": ""OUT_FINISH"", ""jobTypeName"": ""Outsource Finishing Job"", ""processCode"": ""PROC"", ""printingMode"": null, ""isFullProcess"": false, ""isOutsourceJob"": true, ""isSingleProcess"": false, ""isInhouseMaterial"": true, ""isCustomerMaterial"": false, ""allowAdvancePayment"": true, ""requireCostingApproval"": false}","{""model"": ""agentic-workspace-v1"", ""enabled"": true, ""purpose"": ""process-work-guidance""}","{""seededFrom"": ""mst_process + mst_job_type + mst_department"", ""taskTypeLogic"": ""process.isapprovalrequired + client approval + job-type nature"", ""partyRoutingDepartment"": 9999}","HIGH",True,True,113,"SYSTEM","2026-04-16 08:57:33.887592",NULL,"2026-04-16 08:57:33.887592"
"2160",1023,"OUT_FINISH",11,11,"PROC","PROC","1015","TASK_COMPLETED","Material Procurement Completed",NULL,1,"INTERNAL",True,True,False,True,False,False,False,False,False,True,True,False,"P_PROC","[OUT_FINISH] Procurement [TASK_COMPLETED] - {job_no}","Process: Material Procurement (PROC)
Event: TASK_COMPLETED
Job No: {job_no}
Work Note: Update step status and part-wise completion in workspace.","8.00","2.00","DEPT_HEAD","2.00","COMPLETED",False,NULL,"{""channels"": {""push"": true, ""email"": true, ""workspace"": true}, ""eventType"": ""TASK_COMPLETED"", ""jobTypeCode"": ""OUT_FINISH"", ""jobTypeName"": ""Outsource Finishing Job"", ""processCode"": ""PROC"", ""printingMode"": null, ""isFullProcess"": false, ""isOutsourceJob"": true, ""isSingleProcess"": false, ""isInhouseMaterial"": true, ""isCustomerMaterial"": false, ""allowAdvancePayment"": true, ""requireCostingApproval"": false}","{""model"": ""agentic-workspace-v1"", ""enabled"": true, ""purpose"": ""process-work-guidance""}","{""seededFrom"": ""mst_process + mst_job_type + mst_department"", ""taskTypeLogic"": ""process.isapprovalrequired + client approval + job-type nature"", ""partyRoutingDepartment"": 9999}","HIGH",True,True,114,"SYSTEM","2026-04-16 08:57:33.887592",NULL,"2026-04-16 08:57:33.887592"
"2161",1023,"OUT_FINISH",12,12,"GRN","GRN","1014","PROC_START","Goods Receipt Note Started",NULL,1,"INTERNAL",True,True,False,True,False,False,False,False,False,True,True,False,"P_GRN","[OUT_FINISH] Material Receipt [PROC_START] - {job_no}","Process: Goods Receipt Note (GRN)
Event: PROC_START
Job No: {job_no}
Work Note: Update step status and part-wise completion in workspace.","4.00","2.00","DEPT_HEAD","2.00","PENDING",True,NULL,"{""channels"": {""push"": true, ""email"": true, ""workspace"": true}, ""eventType"": ""PROC_START"", ""jobTypeCode"": ""OUT_FINISH"", ""jobTypeName"": ""Outsource Finishing Job"", ""processCode"": ""GRN"", ""printingMode"": null, ""isFullProcess"": false, ""isOutsourceJob"": true, ""isSingleProcess"": false, ""isInhouseMaterial"": true, ""isCustomerMaterial"": false, ""allowAdvancePayment"": true, ""requireCostingApproval"": false}","{""model"": ""agentic-workspace-v1"", ""enabled"": true, ""purpose"": ""process-work-guidance""}","{""seededFrom"": ""mst_process + mst_job_type + mst_department"", ""taskTypeLogic"": ""process.isapprovalrequired + client approval + job-type nature"", ""partyRoutingDepartment"": 9999}","HIGH",True,True,121,"SYSTEM","2026-04-16 08:57:33.887592",NULL,"2026-04-16 08:57:33.887592"
"2162",1023,"OUT_FINISH",12,12,"GRN","GRN","1014","TASK_ASSIGNED","Goods Receipt Note Assigned",NULL,1,"INTERNAL",True,True,False,True,False,False,False,False,False,True,True,False,"P_GRN","[OUT_FINISH] Material Receipt [TASK_ASSIGNED] - {job_no}","Process: Goods Receipt Note (GRN)
Event: TASK_ASSIGNED
Job No: {job_no}
Work Note: Update step status and part-wise completion in workspace.","4.00","2.00","DEPT_HEAD","2.00","PENDING",True,NULL,"{""channels"": {""push"": true, ""email"": true, ""workspace"": true}, ""eventType"": ""TASK_ASSIGNED"", ""jobTypeCode"": ""OUT_FINISH"", ""jobTypeName"": ""Outsource Finishing Job"", ""processCode"": ""GRN"", ""printingMode"": null, ""isFullProcess"": false, ""isOutsourceJob"": true, ""isSingleProcess"": false, ""isInhouseMaterial"": true, ""isCustomerMaterial"": false, ""allowAdvancePayment"": true, ""requireCostingApproval"": false}","{""model"": ""agentic-workspace-v1"", ""enabled"": true, ""purpose"": ""process-work-guidance""}","{""seededFrom"": ""mst_process + mst_job_type + mst_department"", ""taskTypeLogic"": ""process.isapprovalrequired + client approval + job-type nature"", ""partyRoutingDepartment"": 9999}","HIGH",True,True,122,"SYSTEM","2026-04-16 08:57:33.887592",NULL,"2026-04-16 08:57:33.887592"
"2163",1023,"OUT_FINISH",12,12,"GRN","GRN","1014","TASK_OVERDUE","Goods Receipt Note Overdue",NULL,1,"INTERNAL",True,True,False,True,False,False,False,False,False,True,True,False,"P_GRN","[OUT_FINISH] Material Receipt [TASK_OVERDUE] - {job_no}","Process: Goods Receipt Note (GRN)
Event: TASK_OVERDUE
Job No: {job_no}
Work Note: Update step status and part-wise completion in workspace.","4.00","2.00","DEPT_HEAD","2.00","OVERDUE",False,NULL,"{""channels"": {""push"": true, ""email"": true, ""workspace"": true}, ""eventType"": ""TASK_OVERDUE"", ""jobTypeCode"": ""OUT_FINISH"", ""jobTypeName"": ""Outsource Finishing Job"", ""processCode"": ""GRN"", ""printingMode"": null, ""isFullProcess"": false, ""isOutsourceJob"": true, ""isSingleProcess"": false, ""isInhouseMaterial"": true, ""isCustomerMaterial"": false, ""allowAdvancePayment"": true, ""requireCostingApproval"": false}","{""model"": ""agentic-workspace-v1"", ""enabled"": true, ""purpose"": ""process-work-guidance""}","{""seededFrom"": ""mst_process + mst_job_type + mst_department"", ""taskTypeLogic"": ""process.isapprovalrequired + client approval + job-type nature"", ""partyRoutingDepartment"": 9999}","HIGH",True,True,123,"SYSTEM","2026-04-16 08:57:33.887592",NULL,"2026-04-16 08:57:33.887592"
"2164",1023,"OUT_FINISH",12,12,"GRN","GRN","1014","TASK_COMPLETED","Goods Receipt Note Completed",NULL,1,"INTERNAL",True,True,False,True,False,False,False,False,False,True,True,False,"P_GRN","[OUT_FINISH] Material Receipt [TASK_COMPLETED] - {job_no}","Process: Goods Receipt Note (GRN)
Event: TASK_COMPLETED
Job No: {job_no}
Work Note: Update step status and part-wise completion in workspace.","4.00","2.00","DEPT_HEAD","2.00","COMPLETED",False,NULL,"{""channels"": {""push"": true, ""email"": true, ""workspace"": true}, ""eventType"": ""TASK_COMPLETED"", ""jobTypeCode"": ""OUT_FINISH"", ""jobTypeName"": ""Outsource Finishing Job"", ""processCode"": ""GRN"", ""printingMode"": null, ""isFullProcess"": false, ""isOutsourceJob"": true, ""isSingleProcess"": false, ""isInhouseMaterial"": true, ""isCustomerMaterial"": false, ""allowAdvancePayment"": true, ""requireCostingApproval"": false}","{""model"": ""agentic-workspace-v1"", ""enabled"": true, ""purpose"": ""process-work-guidance""}","{""seededFrom"": ""mst_process + mst_job_type + mst_department"", ""taskTypeLogic"": ""process.isapprovalrequired + client approval + job-type nature"", ""partyRoutingDepartment"": 9999}","HIGH",True,True,124,"SYSTEM","2026-04-16 08:57:33.887592",NULL,"2026-04-16 08:57:33.887592"
"2165",1024,"JOB_WORK",2,2,"ENQ_JOB","ENQ_JOB","9999","PROC_START","Enquiry Creation Started",NULL,1,"PARTY",True,True,False,True,False,True,True,False,False,True,True,False,"P_ENQ_JOB","[JOB_WORK] Enquiry Workflow [PROC_START] - {job_no}","Process: Enquiry Creation (ENQ_JOB)
Event: PROC_START
Job No: {job_no}
Work Note: Update step status and part-wise completion in workspace.","2.00","2.00","DEPT_HEAD","2.00","PENDING",True,NULL,"{""channels"": {""push"": true, ""email"": true, ""workspace"": true}, ""eventType"": ""PROC_START"", ""jobTypeCode"": ""JOB_WORK"", ""jobTypeName"": ""Job Work / Labour Job"", ""processCode"": ""ENQ_JOB"", ""printingMode"": null, ""isFullProcess"": false, ""isOutsourceJob"": false, ""isSingleProcess"": true, ""isInhouseMaterial"": false, ""isCustomerMaterial"": true, ""allowAdvancePayment"": true, ""requireCostingApproval"": false}","{""model"": ""agentic-workspace-v1"", ""enabled"": true, ""purpose"": ""process-work-guidance""}","{""seededFrom"": ""mst_process + mst_job_type + mst_department"", ""taskTypeLogic"": ""process.isapprovalrequired + client approval + job-type nature"", ""partyRoutingDepartment"": 9999}","HIGH",True,True,21,"SYSTEM","2026-04-16 08:57:33.887592",NULL,"2026-04-16 08:57:33.887592"
"2166",1024,"JOB_WORK",2,2,"ENQ_JOB","ENQ_JOB","9999","TASK_ASSIGNED","Enquiry Creation Assigned",NULL,1,"PARTY",True,True,False,True,False,True,True,False,False,True,True,False,"P_ENQ_JOB","[JOB_WORK] Enquiry Workflow [TASK_ASSIGNED] - {job_no}","Process: Enquiry Creation (ENQ_JOB)
Event: TASK_ASSIGNED
Job No: {job_no}
Work Note: Update step status and part-wise completion in workspace.","2.00","2.00","DEPT_HEAD","2.00","PENDING",True,NULL,"{""channels"": {""push"": true, ""email"": true, ""workspace"": true}, ""eventType"": ""TASK_ASSIGNED"", ""jobTypeCode"": ""JOB_WORK"", ""jobTypeName"": ""Job Work / Labour Job"", ""processCode"": ""ENQ_JOB"", ""printingMode"": null, ""isFullProcess"": false, ""isOutsourceJob"": false, ""isSingleProcess"": true, ""isInhouseMaterial"": false, ""isCustomerMaterial"": true, ""allowAdvancePayment"": true, ""requireCostingApproval"": false}","{""model"": ""agentic-workspace-v1"", ""enabled"": true, ""purpose"": ""process-work-guidance""}","{""seededFrom"": ""mst_process + mst_job_type + mst_department"", ""taskTypeLogic"": ""process.isapprovalrequired + client approval + job-type nature"", ""partyRoutingDepartment"": 9999}","HIGH",True,True,22,"SYSTEM","2026-04-16 08:57:33.887592",NULL,"2026-04-16 08:57:33.887592"
"2167",1024,"JOB_WORK",2,2,"ENQ_JOB","ENQ_JOB","9999","TASK_OVERDUE","Enquiry Creation Overdue",NULL,1,"PARTY",True,True,False,True,False,True,True,False,False,True,True,False,"P_ENQ_JOB","[JOB_WORK] Enquiry Workflow [TASK_OVERDUE] - {job_no}","Process: Enquiry Creation (ENQ_JOB)
Event: TASK_OVERDUE
Job No: {job_no}
Work Note: Update step status and part-wise completion in workspace.","2.00","2.00","DEPT_HEAD","2.00","OVERDUE",False,NULL,"{""channels"": {""push"": true, ""email"": true, ""workspace"": true}, ""eventType"": ""TASK_OVERDUE"", ""jobTypeCode"": ""JOB_WORK"", ""jobTypeName"": ""Job Work / Labour Job"", ""processCode"": ""ENQ_JOB"", ""printingMode"": null, ""isFullProcess"": false, ""isOutsourceJob"": false, ""isSingleProcess"": true, ""isInhouseMaterial"": false, ""isCustomerMaterial"": true, ""allowAdvancePayment"": true, ""requireCostingApproval"": false}","{""model"": ""agentic-workspace-v1"", ""enabled"": true, ""purpose"": ""process-work-guidance""}","{""seededFrom"": ""mst_process + mst_job_type + mst_department"", ""taskTypeLogic"": ""process.isapprovalrequired + client approval + job-type nature"", ""partyRoutingDepartment"": 9999}","HIGH",True,True,23,"SYSTEM","2026-04-16 08:57:33.887592",NULL,"2026-04-16 08:57:33.887592"
"2168",1024,"JOB_WORK",2,2,"ENQ_JOB","ENQ_JOB","9999","TASK_COMPLETED","Enquiry Creation Completed",NULL,1,"PARTY",True,True,False,True,False,True,True,False,False,True,True,False,"P_ENQ_JOB","[JOB_WORK] Enquiry Workflow [TASK_COMPLETED] - {job_no}","Process: Enquiry Creation (ENQ_JOB)
Event: TASK_COMPLETED
Job No: {job_no}
Work Note: Update step status and part-wise completion in workspace.","2.00","2.00","DEPT_HEAD","2.00","COMPLETED",False,NULL,"{""channels"": {""push"": true, ""email"": true, ""workspace"": true}, ""eventType"": ""TASK_COMPLETED"", ""jobTypeCode"": ""JOB_WORK"", ""jobTypeName"": ""Job Work / Labour Job"", ""processCode"": ""ENQ_JOB"", ""printingMode"": null, ""isFullProcess"": false, ""isOutsourceJob"": false, ""isSingleProcess"": true, ""isInhouseMaterial"": false, ""isCustomerMaterial"": true, ""allowAdvancePayment"": true, ""requireCostingApproval"": false}","{""model"": ""agentic-workspace-v1"", ""enabled"": true, ""purpose"": ""process-work-guidance""}","{""seededFrom"": ""mst_process + mst_job_type + mst_department"", ""taskTypeLogic"": ""process.isapprovalrequired + client approval + job-type nature"", ""partyRoutingDepartment"": 9999}","HIGH",True,True,24,"SYSTEM","2026-04-16 08:57:33.887592",NULL,"2026-04-16 08:57:33.887592"
"2169",1024,"JOB_WORK",3,3,"ENQ_EST","ENQ_EST","1008","PROC_START","Estimation / Costing Started",NULL,1,"INTERNAL",True,True,False,True,False,False,False,False,False,True,True,False,"P_EST","[JOB_WORK] Estimation [PROC_START] - {job_no}","Process: Estimation / Costing (ENQ_EST)
Event: PROC_START
Job No: {job_no}
Work Note: Update step status and part-wise completion in workspace.","6.00","2.00","DEPT_HEAD","2.00","PENDING",True,NULL,"{""channels"": {""push"": true, ""email"": true, ""workspace"": true}, ""eventType"": ""PROC_START"", ""jobTypeCode"": ""JOB_WORK"", ""jobTypeName"": ""Job Work / Labour Job"", ""processCode"": ""ENQ_EST"", ""printingMode"": null, ""isFullProcess"": false, ""isOutsourceJob"": false, ""isSingleProcess"": true, ""isInhouseMaterial"": false, ""isCustomerMaterial"": true, ""allowAdvancePayment"": true, ""requireCostingApproval"": false}","{""model"": ""agentic-workspace-v1"", ""enabled"": true, ""purpose"": ""process-work-guidance""}","{""seededFrom"": ""mst_process + mst_job_type + mst_department"", ""taskTypeLogic"": ""process.isapprovalrequired + client approval + job-type nature"", ""partyRoutingDepartment"": 9999}","HIGH",True,True,31,"SYSTEM","2026-04-16 08:57:33.887592",NULL,"2026-04-16 08:57:33.887592"
"2170",1024,"JOB_WORK",3,3,"ENQ_EST","ENQ_EST","1008","TASK_ASSIGNED","Estimation / Costing Assigned",NULL,1,"INTERNAL",True,True,False,True,False,False,False,False,False,True,True,False,"P_EST","[JOB_WORK] Estimation [TASK_ASSIGNED] - {job_no}","Process: Estimation / Costing (ENQ_EST)
Event: TASK_ASSIGNED
Job No: {job_no}
Work Note: Update step status and part-wise completion in workspace.","6.00","2.00","DEPT_HEAD","2.00","PENDING",True,NULL,"{""channels"": {""push"": true, ""email"": true, ""workspace"": true}, ""eventType"": ""TASK_ASSIGNED"", ""jobTypeCode"": ""JOB_WORK"", ""jobTypeName"": ""Job Work / Labour Job"", ""processCode"": ""ENQ_EST"", ""printingMode"": null, ""isFullProcess"": false, ""isOutsourceJob"": false, ""isSingleProcess"": true, ""isInhouseMaterial"": false, ""isCustomerMaterial"": true, ""allowAdvancePayment"": true, ""requireCostingApproval"": false}","{""model"": ""agentic-workspace-v1"", ""enabled"": true, ""purpose"": ""process-work-guidance""}","{""seededFrom"": ""mst_process + mst_job_type + mst_department"", ""taskTypeLogic"": ""process.isapprovalrequired + client approval + job-type nature"", ""partyRoutingDepartment"": 9999}","HIGH",True,True,32,"SYSTEM","2026-04-16 08:57:33.887592",NULL,"2026-04-16 08:57:33.887592"
"2171",1024,"JOB_WORK",3,3,"ENQ_EST","ENQ_EST","1008","TASK_OVERDUE","Estimation / Costing Overdue",NULL,1,"INTERNAL",True,True,False,True,False,False,False,False,False,True,True,False,"P_EST","[JOB_WORK] Estimation [TASK_OVERDUE] - {job_no}","Process: Estimation / Costing (ENQ_EST)
Event: TASK_OVERDUE
Job No: {job_no}
Work Note: Update step status and part-wise completion in workspace.","6.00","2.00","DEPT_HEAD","2.00","OVERDUE",False,NULL,"{""channels"": {""push"": true, ""email"": true, ""workspace"": true}, ""eventType"": ""TASK_OVERDUE"", ""jobTypeCode"": ""JOB_WORK"", ""jobTypeName"": ""Job Work / Labour Job"", ""processCode"": ""ENQ_EST"", ""printingMode"": null, ""isFullProcess"": false, ""isOutsourceJob"": false, ""isSingleProcess"": true, ""isInhouseMaterial"": false, ""isCustomerMaterial"": true, ""allowAdvancePayment"": true, ""requireCostingApproval"": false}","{""model"": ""agentic-workspace-v1"", ""enabled"": true, ""purpose"": ""process-work-guidance""}","{""seededFrom"": ""mst_process + mst_job_type + mst_department"", ""taskTypeLogic"": ""process.isapprovalrequired + client approval + job-type nature"", ""partyRoutingDepartment"": 9999}","HIGH",True,True,33,"SYSTEM","2026-04-16 08:57:33.887592",NULL,"2026-04-16 08:57:33.887592"
"2172",1024,"JOB_WORK",3,3,"ENQ_EST","ENQ_EST","1008","TASK_COMPLETED","Estimation / Costing Completed",NULL,1,"INTERNAL",True,True,False,True,False,False,False,False,False,True,True,False,"P_EST","[JOB_WORK] Estimation [TASK_COMPLETED] - {job_no}","Process: Estimation / Costing (ENQ_EST)
Event: TASK_COMPLETED
Job No: {job_no}
Work Note: Update step status and part-wise completion in workspace.","6.00","2.00","DEPT_HEAD","2.00","COMPLETED",False,NULL,"{""channels"": {""push"": true, ""email"": true, ""workspace"": true}, ""eventType"": ""TASK_COMPLETED"", ""jobTypeCode"": ""JOB_WORK"", ""jobTypeName"": ""Job Work / Labour Job"", ""processCode"": ""ENQ_EST"", ""printingMode"": null, ""isFullProcess"": false, ""isOutsourceJob"": false, ""isSingleProcess"": true, ""isInhouseMaterial"": false, ""isCustomerMaterial"": true, ""allowAdvancePayment"": true, ""requireCostingApproval"": false}","{""model"": ""agentic-workspace-v1"", ""enabled"": true, ""purpose"": ""process-work-guidance""}","{""seededFrom"": ""mst_process + mst_job_type + mst_department"", ""taskTypeLogic"": ""process.isapprovalrequired + client approval + job-type nature"", ""partyRoutingDepartment"": 9999}","HIGH",True,True,34,"SYSTEM","2026-04-16 08:57:33.887592",NULL,"2026-04-16 08:57:33.887592"
"2173",1024,"JOB_WORK",4,4,"QUOT","QUOT","9999","PROC_START","Quotation Generation Started",NULL,1,"PARTY",True,True,False,True,False,True,True,False,False,True,True,False,"P_QUOT","[JOB_WORK] Quotation [PROC_START] - {job_no}","Process: Quotation Generation (QUOT)
Event: PROC_START
Job No: {job_no}
Work Note: Update step status and part-wise completion in workspace.","4.00","2.00","DEPT_HEAD","2.00","PENDING",True,NULL,"{""channels"": {""push"": true, ""email"": true, ""workspace"": true}, ""eventType"": ""PROC_START"", ""jobTypeCode"": ""JOB_WORK"", ""jobTypeName"": ""Job Work / Labour Job"", ""processCode"": ""QUOT"", ""printingMode"": null, ""isFullProcess"": false, ""isOutsourceJob"": false, ""isSingleProcess"": true, ""isInhouseMaterial"": false, ""isCustomerMaterial"": true, ""allowAdvancePayment"": true, ""requireCostingApproval"": false}","{""model"": ""agentic-workspace-v1"", ""enabled"": true, ""purpose"": ""process-work-guidance""}","{""seededFrom"": ""mst_process + mst_job_type + mst_department"", ""taskTypeLogic"": ""process.isapprovalrequired + client approval + job-type nature"", ""partyRoutingDepartment"": 9999}","HIGH",True,True,41,"SYSTEM","2026-04-16 08:57:33.887592",NULL,"2026-04-16 08:57:33.887592"
"2174",1024,"JOB_WORK",4,4,"QUOT","QUOT","9999","TASK_ASSIGNED","Quotation Generation Assigned",NULL,1,"PARTY",True,True,False,True,False,True,True,False,False,True,True,False,"P_QUOT","[JOB_WORK] Quotation [TASK_ASSIGNED] - {job_no}","Process: Quotation Generation (QUOT)
Event: TASK_ASSIGNED
Job No: {job_no}
Work Note: Update step status and part-wise completion in workspace.","4.00","2.00","DEPT_HEAD","2.00","PENDING",True,NULL,"{""channels"": {""push"": true, ""email"": true, ""workspace"": true}, ""eventType"": ""TASK_ASSIGNED"", ""jobTypeCode"": ""JOB_WORK"", ""jobTypeName"": ""Job Work / Labour Job"", ""processCode"": ""QUOT"", ""printingMode"": null, ""isFullProcess"": false, ""isOutsourceJob"": false, ""isSingleProcess"": true, ""isInhouseMaterial"": false, ""isCustomerMaterial"": true, ""allowAdvancePayment"": true, ""requireCostingApproval"": false}","{""model"": ""agentic-workspace-v1"", ""enabled"": true, ""purpose"": ""process-work-guidance""}","{""seededFrom"": ""mst_process + mst_job_type + mst_department"", ""taskTypeLogic"": ""process.isapprovalrequired + client approval + job-type nature"", ""partyRoutingDepartment"": 9999}","HIGH",True,True,42,"SYSTEM","2026-04-16 08:57:33.887592",NULL,"2026-04-16 08:57:33.887592"
"2175",1024,"JOB_WORK",4,4,"QUOT","QUOT","9999","TASK_OVERDUE","Quotation Generation Overdue",NULL,1,"PARTY",True,True,False,True,False,True,True,False,False,True,True,False,"P_QUOT","[JOB_WORK] Quotation [TASK_OVERDUE] - {job_no}","Process: Quotation Generation (QUOT)
Event: TASK_OVERDUE
Job No: {job_no}
Work Note: Update step status and part-wise completion in workspace.","4.00","2.00","DEPT_HEAD","2.00","OVERDUE",False,NULL,"{""channels"": {""push"": true, ""email"": true, ""workspace"": true}, ""eventType"": ""TASK_OVERDUE"", ""jobTypeCode"": ""JOB_WORK"", ""jobTypeName"": ""Job Work / Labour Job"", ""processCode"": ""QUOT"", ""printingMode"": null, ""isFullProcess"": false, ""isOutsourceJob"": false, ""isSingleProcess"": true, ""isInhouseMaterial"": false, ""isCustomerMaterial"": true, ""allowAdvancePayment"": true, ""requireCostingApproval"": false}","{""model"": ""agentic-workspace-v1"", ""enabled"": true, ""purpose"": ""process-work-guidance""}","{""seededFrom"": ""mst_process + mst_job_type + mst_department"", ""taskTypeLogic"": ""process.isapprovalrequired + client approval + job-type nature"", ""partyRoutingDepartment"": 9999}","HIGH",True,True,43,"SYSTEM","2026-04-16 08:57:33.887592",NULL,"2026-04-16 08:57:33.887592"
"2176",1024,"JOB_WORK",4,4,"QUOT","QUOT","9999","TASK_COMPLETED","Quotation Generation Completed",NULL,1,"PARTY",True,True,False,True,False,True,True,False,False,True,True,False,"P_QUOT","[JOB_WORK] Quotation [TASK_COMPLETED] - {job_no}","Process: Quotation Generation (QUOT)
Event: TASK_COMPLETED
Job No: {job_no}
Work Note: Update step status and part-wise completion in workspace.","4.00","2.00","DEPT_HEAD","2.00","COMPLETED",False,NULL,"{""channels"": {""push"": true, ""email"": true, ""workspace"": true}, ""eventType"": ""TASK_COMPLETED"", ""jobTypeCode"": ""JOB_WORK"", ""jobTypeName"": ""Job Work / Labour Job"", ""processCode"": ""QUOT"", ""printingMode"": null, ""isFullProcess"": false, ""isOutsourceJob"": false, ""isSingleProcess"": true, ""isInhouseMaterial"": false, ""isCustomerMaterial"": true, ""allowAdvancePayment"": true, ""requireCostingApproval"": false}","{""model"": ""agentic-workspace-v1"", ""enabled"": true, ""purpose"": ""process-work-guidance""}","{""seededFrom"": ""mst_process + mst_job_type + mst_department"", ""taskTypeLogic"": ""process.isapprovalrequired + client approval + job-type nature"", ""partyRoutingDepartment"": 9999}","HIGH",True,True,44,"SYSTEM","2026-04-16 08:57:33.887592",NULL,"2026-04-16 08:57:33.887592"
"2177",1024,"JOB_WORK",5,5,"QUOT_APPR","QUOT_APPR","1001","PROC_START","Quotation Approval Started",NULL,1,"INTERNAL",True,True,False,True,False,False,False,False,False,True,True,False,"P_QUOT_APPR","[JOB_WORK] Quotation Approval [PROC_START] - {job_no}","Process: Quotation Approval (QUOT_APPR)
Event: PROC_START
Job No: {job_no}
Work Note: Update step status and part-wise completion in workspace.","8.00","2.00","DEPT_HEAD","2.00","PENDING",True,NULL,"{""channels"": {""push"": true, ""email"": true, ""workspace"": true}, ""eventType"": ""PROC_START"", ""jobTypeCode"": ""JOB_WORK"", ""jobTypeName"": ""Job Work / Labour Job"", ""processCode"": ""QUOT_APPR"", ""printingMode"": null, ""isFullProcess"": false, ""isOutsourceJob"": false, ""isSingleProcess"": true, ""isInhouseMaterial"": false, ""isCustomerMaterial"": true, ""allowAdvancePayment"": true, ""requireCostingApproval"": false}","{""model"": ""agentic-workspace-v1"", ""enabled"": true, ""purpose"": ""process-work-guidance""}","{""seededFrom"": ""mst_process + mst_job_type + mst_department"", ""taskTypeLogic"": ""process.isapprovalrequired + client approval + job-type nature"", ""partyRoutingDepartment"": 9999}","HIGH",True,True,51,"SYSTEM","2026-04-16 08:57:33.887592",NULL,"2026-04-16 08:57:33.887592"
"2178",1024,"JOB_WORK",5,5,"QUOT_APPR","QUOT_APPR","1001","TASK_ASSIGNED","Quotation Approval Assigned",NULL,1,"INTERNAL",True,True,False,True,False,False,False,False,False,True,True,False,"P_QUOT_APPR","[JOB_WORK] Quotation Approval [TASK_ASSIGNED] - {job_no}","Process: Quotation Approval (QUOT_APPR)
Event: TASK_ASSIGNED
Job No: {job_no}
Work Note: Update step status and part-wise completion in workspace.","8.00","2.00","DEPT_HEAD","2.00","PENDING",True,NULL,"{""channels"": {""push"": true, ""email"": true, ""workspace"": true}, ""eventType"": ""TASK_ASSIGNED"", ""jobTypeCode"": ""JOB_WORK"", ""jobTypeName"": ""Job Work / Labour Job"", ""processCode"": ""QUOT_APPR"", ""printingMode"": null, ""isFullProcess"": false, ""isOutsourceJob"": false, ""isSingleProcess"": true, ""isInhouseMaterial"": false, ""isCustomerMaterial"": true, ""allowAdvancePayment"": true, ""requireCostingApproval"": false}","{""model"": ""agentic-workspace-v1"", ""enabled"": true, ""purpose"": ""process-work-guidance""}","{""seededFrom"": ""mst_process + mst_job_type + mst_department"", ""taskTypeLogic"": ""process.isapprovalrequired + client approval + job-type nature"", ""partyRoutingDepartment"": 9999}","HIGH",True,True,52,"SYSTEM","2026-04-16 08:57:33.887592",NULL,"2026-04-16 08:57:33.887592"
"2179",1024,"JOB_WORK",5,5,"QUOT_APPR","QUOT_APPR","1001","TASK_OVERDUE","Quotation Approval Overdue",NULL,1,"INTERNAL",True,True,False,True,False,False,False,False,False,True,True,False,"P_QUOT_APPR","[JOB_WORK] Quotation Approval [TASK_OVERDUE] - {job_no}","Process: Quotation Approval (QUOT_APPR)
Event: TASK_OVERDUE
Job No: {job_no}
Work Note: Update step status and part-wise completion in workspace.","8.00","2.00","DEPT_HEAD","2.00","OVERDUE",False,NULL,"{""channels"": {""push"": true, ""email"": true, ""workspace"": true}, ""eventType"": ""TASK_OVERDUE"", ""jobTypeCode"": ""JOB_WORK"", ""jobTypeName"": ""Job Work / Labour Job"", ""processCode"": ""QUOT_APPR"", ""printingMode"": null, ""isFullProcess"": false, ""isOutsourceJob"": false, ""isSingleProcess"": true, ""isInhouseMaterial"": false, ""isCustomerMaterial"": true, ""allowAdvancePayment"": true, ""requireCostingApproval"": false}","{""model"": ""agentic-workspace-v1"", ""enabled"": true, ""purpose"": ""process-work-guidance""}","{""seededFrom"": ""mst_process + mst_job_type + mst_department"", ""taskTypeLogic"": ""process.isapprovalrequired + client approval + job-type nature"", ""partyRoutingDepartment"": 9999}","HIGH",True,True,53,"SYSTEM","2026-04-16 08:57:33.887592",NULL,"2026-04-16 08:57:33.887592"
"2180",1024,"JOB_WORK",5,5,"QUOT_APPR","QUOT_APPR","1001","TASK_COMPLETED","Quotation Approval Completed",NULL,1,"INTERNAL",True,True,False,True,False,False,False,False,False,True,True,False,"P_QUOT_APPR","[JOB_WORK] Quotation Approval [TASK_COMPLETED] - {job_no}","Process: Quotation Approval (QUOT_APPR)
Event: TASK_COMPLETED
Job No: {job_no}
Work Note: Update step status and part-wise completion in workspace.","8.00","2.00","DEPT_HEAD","2.00","COMPLETED",False,NULL,"{""channels"": {""push"": true, ""email"": true, ""workspace"": true}, ""eventType"": ""TASK_COMPLETED"", ""jobTypeCode"": ""JOB_WORK"", ""jobTypeName"": ""Job Work / Labour Job"", ""processCode"": ""QUOT_APPR"", ""printingMode"": null, ""isFullProcess"": false, ""isOutsourceJob"": false, ""isSingleProcess"": true, ""isInhouseMaterial"": false, ""isCustomerMaterial"": true, ""allowAdvancePayment"": true, ""requireCostingApproval"": false}","{""model"": ""agentic-workspace-v1"", ""enabled"": true, ""purpose"": ""process-work-guidance""}","{""seededFrom"": ""mst_process + mst_job_type + mst_department"", ""taskTypeLogic"": ""process.isapprovalrequired + client approval + job-type nature"", ""partyRoutingDepartment"": 9999}","HIGH",True,True,54,"SYSTEM","2026-04-16 08:57:33.887592",NULL,"2026-04-16 08:57:33.887592"
"2181",1024,"JOB_WORK",6,6,"JOB_CREATE","JOB_CREATE","1007","PROC_START","Job Creation Started",NULL,1,"INTERNAL",True,True,False,True,False,False,False,False,False,True,True,False,"P_JOB_CREATE","[JOB_WORK] Job Creation [PROC_START] - {job_no}","Process: Job Creation (JOB_CREATE)
Event: PROC_START
Job No: {job_no}
Work Note: Update step status and part-wise completion in workspace.","2.00","2.00","DEPT_HEAD","2.00","PENDING",True,NULL,"{""channels"": {""push"": true, ""email"": true, ""workspace"": true}, ""eventType"": ""PROC_START"", ""jobTypeCode"": ""JOB_WORK"", ""jobTypeName"": ""Job Work / Labour Job"", ""processCode"": ""JOB_CREATE"", ""printingMode"": null, ""isFullProcess"": false, ""isOutsourceJob"": false, ""isSingleProcess"": true, ""isInhouseMaterial"": false, ""isCustomerMaterial"": true, ""allowAdvancePayment"": true, ""requireCostingApproval"": false}","{""model"": ""agentic-workspace-v1"", ""enabled"": true, ""purpose"": ""process-work-guidance""}","{""seededFrom"": ""mst_process + mst_job_type + mst_department"", ""taskTypeLogic"": ""process.isapprovalrequired + client approval + job-type nature"", ""partyRoutingDepartment"": 9999}","HIGH",True,True,61,"SYSTEM","2026-04-16 08:57:33.887592",NULL,"2026-04-16 08:57:33.887592"
"2182",1024,"JOB_WORK",6,6,"JOB_CREATE","JOB_CREATE","1007","TASK_ASSIGNED","Job Creation Assigned",NULL,1,"INTERNAL",True,True,False,True,False,False,False,False,False,True,True,False,"P_JOB_CREATE","[JOB_WORK] Job Creation [TASK_ASSIGNED] - {job_no}","Process: Job Creation (JOB_CREATE)
Event: TASK_ASSIGNED
Job No: {job_no}
Work Note: Update step status and part-wise completion in workspace.","2.00","2.00","DEPT_HEAD","2.00","PENDING",True,NULL,"{""channels"": {""push"": true, ""email"": true, ""workspace"": true}, ""eventType"": ""TASK_ASSIGNED"", ""jobTypeCode"": ""JOB_WORK"", ""jobTypeName"": ""Job Work / Labour Job"", ""processCode"": ""JOB_CREATE"", ""printingMode"": null, ""isFullProcess"": false, ""isOutsourceJob"": false, ""isSingleProcess"": true, ""isInhouseMaterial"": false, ""isCustomerMaterial"": true, ""allowAdvancePayment"": true, ""requireCostingApproval"": false}","{""model"": ""agentic-workspace-v1"", ""enabled"": true, ""purpose"": ""process-work-guidance""}","{""seededFrom"": ""mst_process + mst_job_type + mst_department"", ""taskTypeLogic"": ""process.isapprovalrequired + client approval + job-type nature"", ""partyRoutingDepartment"": 9999}","HIGH",True,True,62,"SYSTEM","2026-04-16 08:57:33.887592",NULL,"2026-04-16 08:57:33.887592"
"2183",1024,"JOB_WORK",6,6,"JOB_CREATE","JOB_CREATE","1007","TASK_OVERDUE","Job Creation Overdue",NULL,1,"INTERNAL",True,True,False,True,False,False,False,False,False,True,True,False,"P_JOB_CREATE","[JOB_WORK] Job Creation [TASK_OVERDUE] - {job_no}","Process: Job Creation (JOB_CREATE)
Event: TASK_OVERDUE
Job No: {job_no}
Work Note: Update step status and part-wise completion in workspace.","2.00","2.00","DEPT_HEAD","2.00","OVERDUE",False,NULL,"{""channels"": {""push"": true, ""email"": true, ""workspace"": true}, ""eventType"": ""TASK_OVERDUE"", ""jobTypeCode"": ""JOB_WORK"", ""jobTypeName"": ""Job Work / Labour Job"", ""processCode"": ""JOB_CREATE"", ""printingMode"": null, ""isFullProcess"": false, ""isOutsourceJob"": false, ""isSingleProcess"": true, ""isInhouseMaterial"": false, ""isCustomerMaterial"": true, ""allowAdvancePayment"": true, ""requireCostingApproval"": false}","{""model"": ""agentic-workspace-v1"", ""enabled"": true, ""purpose"": ""process-work-guidance""}","{""seededFrom"": ""mst_process + mst_job_type + mst_department"", ""taskTypeLogic"": ""process.isapprovalrequired + client approval + job-type nature"", ""partyRoutingDepartment"": 9999}","HIGH",True,True,63,"SYSTEM","2026-04-16 08:57:33.887592",NULL,"2026-04-16 08:57:33.887592"
"2184",1024,"JOB_WORK",6,6,"JOB_CREATE","JOB_CREATE","1007","TASK_COMPLETED","Job Creation Completed",NULL,1,"INTERNAL",True,True,False,True,False,False,False,False,False,True,True,False,"P_JOB_CREATE","[JOB_WORK] Job Creation [TASK_COMPLETED] - {job_no}","Process: Job Creation (JOB_CREATE)
Event: TASK_COMPLETED
Job No: {job_no}
Work Note: Update step status and part-wise completion in workspace.","2.00","2.00","DEPT_HEAD","2.00","COMPLETED",False,NULL,"{""channels"": {""push"": true, ""email"": true, ""workspace"": true}, ""eventType"": ""TASK_COMPLETED"", ""jobTypeCode"": ""JOB_WORK"", ""jobTypeName"": ""Job Work / Labour Job"", ""processCode"": ""JOB_CREATE"", ""printingMode"": null, ""isFullProcess"": false, ""isOutsourceJob"": false, ""isSingleProcess"": true, ""isInhouseMaterial"": false, ""isCustomerMaterial"": true, ""allowAdvancePayment"": true, ""requireCostingApproval"": false}","{""model"": ""agentic-workspace-v1"", ""enabled"": true, ""purpose"": ""process-work-guidance""}","{""seededFrom"": ""mst_process + mst_job_type + mst_department"", ""taskTypeLogic"": ""process.isapprovalrequired + client approval + job-type nature"", ""partyRoutingDepartment"": 9999}","HIGH",True,True,64,"SYSTEM","2026-04-16 08:57:33.887592",NULL,"2026-04-16 08:57:33.887592"
"2185",1024,"JOB_WORK",7,7,"JOB_APPROVAL","JOB_APPROVAL","9999","PROC_START","Job Approval Started",NULL,1,"PARTY",True,True,False,True,False,True,True,False,False,True,True,False,"P_PRE_DES","[JOB_WORK] Job Approval [PROC_START] - {job_no}","Process: Job Approval (JOB_APPROVAL)
Event: PROC_START
Job No: {job_no}
Work Note: Update step status and part-wise completion in workspace.","4.00","2.00","DEPT_HEAD","2.00","PENDING",True,NULL,"{""channels"": {""push"": true, ""email"": true, ""workspace"": true}, ""eventType"": ""PROC_START"", ""jobTypeCode"": ""JOB_WORK"", ""jobTypeName"": ""Job Work / Labour Job"", ""processCode"": ""JOB_APPROVAL"", ""printingMode"": null, ""isFullProcess"": false, ""isOutsourceJob"": false, ""isSingleProcess"": true, ""isInhouseMaterial"": false, ""isCustomerMaterial"": true, ""allowAdvancePayment"": true, ""requireCostingApproval"": false}","{""model"": ""agentic-workspace-v1"", ""enabled"": true, ""purpose"": ""process-work-guidance""}","{""seededFrom"": ""mst_process + mst_job_type + mst_department"", ""taskTypeLogic"": ""process.isapprovalrequired + client approval + job-type nature"", ""partyRoutingDepartment"": 9999}","HIGH",False,True,71,"SYSTEM","2026-04-16 08:57:33.887592",NULL,"2026-04-16 08:57:33.887592"
"2186",1024,"JOB_WORK",7,7,"JOB_APPROVAL","JOB_APPROVAL","9999","TASK_ASSIGNED","Job Approval Assigned",NULL,1,"PARTY",True,True,False,True,False,True,True,False,False,True,True,False,"P_PRE_DES","[JOB_WORK] Job Approval [TASK_ASSIGNED] - {job_no}","Process: Job Approval (JOB_APPROVAL)
Event: TASK_ASSIGNED
Job No: {job_no}
Work Note: Update step status and part-wise completion in workspace.","4.00","2.00","DEPT_HEAD","2.00","PENDING",True,NULL,"{""channels"": {""push"": true, ""email"": true, ""workspace"": true}, ""eventType"": ""TASK_ASSIGNED"", ""jobTypeCode"": ""JOB_WORK"", ""jobTypeName"": ""Job Work / Labour Job"", ""processCode"": ""JOB_APPROVAL"", ""printingMode"": null, ""isFullProcess"": false, ""isOutsourceJob"": false, ""isSingleProcess"": true, ""isInhouseMaterial"": false, ""isCustomerMaterial"": true, ""allowAdvancePayment"": true, ""requireCostingApproval"": false}","{""model"": ""agentic-workspace-v1"", ""enabled"": true, ""purpose"": ""process-work-guidance""}","{""seededFrom"": ""mst_process + mst_job_type + mst_department"", ""taskTypeLogic"": ""process.isapprovalrequired + client approval + job-type nature"", ""partyRoutingDepartment"": 9999}","HIGH",False,True,72,"SYSTEM","2026-04-16 08:57:33.887592",NULL,"2026-04-16 08:57:33.887592"
"2187",1024,"JOB_WORK",7,7,"JOB_APPROVAL","JOB_APPROVAL","9999","TASK_OVERDUE","Job Approval Overdue",NULL,1,"PARTY",True,True,False,True,False,True,True,False,False,True,True,False,"P_PRE_DES","[JOB_WORK] Job Approval [TASK_OVERDUE] - {job_no}","Process: Job Approval (JOB_APPROVAL)
Event: TASK_OVERDUE
Job No: {job_no}
Work Note: Update step status and part-wise completion in workspace.","4.00","2.00","DEPT_HEAD","2.00","OVERDUE",False,NULL,"{""channels"": {""push"": true, ""email"": true, ""workspace"": true}, ""eventType"": ""TASK_OVERDUE"", ""jobTypeCode"": ""JOB_WORK"", ""jobTypeName"": ""Job Work / Labour Job"", ""processCode"": ""JOB_APPROVAL"", ""printingMode"": null, ""isFullProcess"": false, ""isOutsourceJob"": false, ""isSingleProcess"": true, ""isInhouseMaterial"": false, ""isCustomerMaterial"": true, ""allowAdvancePayment"": true, ""requireCostingApproval"": false}","{""model"": ""agentic-workspace-v1"", ""enabled"": true, ""purpose"": ""process-work-guidance""}","{""seededFrom"": ""mst_process + mst_job_type + mst_department"", ""taskTypeLogic"": ""process.isapprovalrequired + client approval + job-type nature"", ""partyRoutingDepartment"": 9999}","HIGH",False,True,73,"SYSTEM","2026-04-16 08:57:33.887592",NULL,"2026-04-16 08:57:33.887592"
"2188",1024,"JOB_WORK",7,7,"JOB_APPROVAL","JOB_APPROVAL","9999","TASK_COMPLETED","Job Approval Completed",NULL,1,"PARTY",True,True,False,True,False,True,True,False,False,True,True,False,"P_PRE_DES","[JOB_WORK] Job Approval [TASK_COMPLETED] - {job_no}","Process: Job Approval (JOB_APPROVAL)
Event: TASK_COMPLETED
Job No: {job_no}
Work Note: Update step status and part-wise completion in workspace.","4.00","2.00","DEPT_HEAD","2.00","COMPLETED",False,NULL,"{""channels"": {""push"": true, ""email"": true, ""workspace"": true}, ""eventType"": ""TASK_COMPLETED"", ""jobTypeCode"": ""JOB_WORK"", ""jobTypeName"": ""Job Work / Labour Job"", ""processCode"": ""JOB_APPROVAL"", ""printingMode"": null, ""isFullProcess"": false, ""isOutsourceJob"": false, ""isSingleProcess"": true, ""isInhouseMaterial"": false, ""isCustomerMaterial"": true, ""allowAdvancePayment"": true, ""requireCostingApproval"": false}","{""model"": ""agentic-workspace-v1"", ""enabled"": true, ""purpose"": ""process-work-guidance""}","{""seededFrom"": ""mst_process + mst_job_type + mst_department"", ""taskTypeLogic"": ""process.isapprovalrequired + client approval + job-type nature"", ""partyRoutingDepartment"": 9999}","HIGH",False,True,74,"SYSTEM","2026-04-16 08:57:33.887592",NULL,"2026-04-16 08:57:33.887592"
"2189",1024,"JOB_WORK",27,27,"PACK","PACK","1012","PROC_START","Packing Started",NULL,0,"INTERNAL",True,False,False,False,False,False,False,False,False,True,True,False,"P_PACK","[JOB_WORK] Packing [PROC_START] - {job_no}","Process: Packing (PACK)
Event: PROC_START
Job No: {job_no}
Work Note: Update step status and part-wise completion in workspace.","3.00","2.00",NULL,"2.00","PENDING",True,NULL,"{""channels"": {""push"": true, ""email"": true, ""workspace"": true}, ""eventType"": ""PROC_START"", ""jobTypeCode"": ""JOB_WORK"", ""jobTypeName"": ""Job Work / Labour Job"", ""processCode"": ""PACK"", ""printingMode"": null, ""isFullProcess"": false, ""isOutsourceJob"": false, ""isSingleProcess"": true, ""isInhouseMaterial"": false, ""isCustomerMaterial"": true, ""allowAdvancePayment"": true, ""requireCostingApproval"": false}","{""model"": ""agentic-workspace-v1"", ""enabled"": true, ""purpose"": ""process-work-guidance""}","{""seededFrom"": ""mst_process + mst_job_type + mst_department"", ""taskTypeLogic"": ""process.isapprovalrequired + client approval + job-type nature"", ""partyRoutingDepartment"": 9999}","NORMAL",True,True,271,"SYSTEM","2026-04-16 08:57:33.887592",NULL,"2026-04-16 08:57:33.887592"
"2190",1024,"JOB_WORK",27,27,"PACK","PACK","1012","TASK_ASSIGNED","Packing Assigned",NULL,0,"INTERNAL",True,False,False,False,False,False,False,False,False,True,True,False,"P_PACK","[JOB_WORK] Packing [TASK_ASSIGNED] - {job_no}","Process: Packing (PACK)
Event: TASK_ASSIGNED
Job No: {job_no}
Work Note: Update step status and part-wise completion in workspace.","3.00","2.00",NULL,"2.00","PENDING",True,NULL,"{""channels"": {""push"": true, ""email"": true, ""workspace"": true}, ""eventType"": ""TASK_ASSIGNED"", ""jobTypeCode"": ""JOB_WORK"", ""jobTypeName"": ""Job Work / Labour Job"", ""processCode"": ""PACK"", ""printingMode"": null, ""isFullProcess"": false, ""isOutsourceJob"": false, ""isSingleProcess"": true, ""isInhouseMaterial"": false, ""isCustomerMaterial"": true, ""allowAdvancePayment"": true, ""requireCostingApproval"": false}","{""model"": ""agentic-workspace-v1"", ""enabled"": true, ""purpose"": ""process-work-guidance""}","{""seededFrom"": ""mst_process + mst_job_type + mst_department"", ""taskTypeLogic"": ""process.isapprovalrequired + client approval + job-type nature"", ""partyRoutingDepartment"": 9999}","NORMAL",True,True,272,"SYSTEM","2026-04-16 08:57:33.887592",NULL,"2026-04-16 08:57:33.887592"
"2191",1024,"JOB_WORK",27,27,"PACK","PACK","1012","TASK_OVERDUE","Packing Overdue",NULL,0,"INTERNAL",True,False,False,False,False,False,False,False,False,True,True,False,"P_PACK","[JOB_WORK] Packing [TASK_OVERDUE] - {job_no}","Process: Packing (PACK)
Event: TASK_OVERDUE
Job No: {job_no}
Work Note: Update step status and part-wise completion in workspace.","3.00","2.00",NULL,"2.00","OVERDUE",False,NULL,"{""channels"": {""push"": true, ""email"": true, ""workspace"": true}, ""eventType"": ""TASK_OVERDUE"", ""jobTypeCode"": ""JOB_WORK"", ""jobTypeName"": ""Job Work / Labour Job"", ""processCode"": ""PACK"", ""printingMode"": null, ""isFullProcess"": false, ""isOutsourceJob"": false, ""isSingleProcess"": true, ""isInhouseMaterial"": false, ""isCustomerMaterial"": true, ""allowAdvancePayment"": true, ""requireCostingApproval"": false}","{""model"": ""agentic-workspace-v1"", ""enabled"": true, ""purpose"": ""process-work-guidance""}","{""seededFrom"": ""mst_process + mst_job_type + mst_department"", ""taskTypeLogic"": ""process.isapprovalrequired + client approval + job-type nature"", ""partyRoutingDepartment"": 9999}","NORMAL",True,True,273,"SYSTEM","2026-04-16 08:57:33.887592",NULL,"2026-04-16 08:57:33.887592"
"2192",1024,"JOB_WORK",27,27,"PACK","PACK","1012","TASK_COMPLETED","Packing Completed",NULL,0,"INTERNAL",True,False,False,False,False,False,False,False,False,True,True,False,"P_PACK","[JOB_WORK] Packing [TASK_COMPLETED] - {job_no}","Process: Packing (PACK)
Event: TASK_COMPLETED
Job No: {job_no}
Work Note: Update step status and part-wise completion in workspace.","3.00","2.00",NULL,"2.00","COMPLETED",False,NULL,"{""channels"": {""push"": true, ""email"": true, ""workspace"": true}, ""eventType"": ""TASK_COMPLETED"", ""jobTypeCode"": ""JOB_WORK"", ""jobTypeName"": ""Job Work / Labour Job"", ""processCode"": ""PACK"", ""printingMode"": null, ""isFullProcess"": false, ""isOutsourceJob"": false, ""isSingleProcess"": true, ""isInhouseMaterial"": false, ""isCustomerMaterial"": true, ""allowAdvancePayment"": true, ""requireCostingApproval"": false}","{""model"": ""agentic-workspace-v1"", ""enabled"": true, ""purpose"": ""process-work-guidance""}","{""seededFrom"": ""mst_process + mst_job_type + mst_department"", ""taskTypeLogic"": ""process.isapprovalrequired + client approval + job-type nature"", ""partyRoutingDepartment"": 9999}","NORMAL",True,True,274,"SYSTEM","2026-04-16 08:57:33.887592",NULL,"2026-04-16 08:57:33.887592"
"2193",1024,"JOB_WORK",28,28,"LOAD","LOAD","1013","PROC_START","Loading Started",NULL,0,"INTERNAL",True,False,False,False,False,False,False,False,False,True,True,False,"P_LOAD","[JOB_WORK] Loading [PROC_START] - {job_no}","Process: Loading (LOAD)
Event: PROC_START
Job No: {job_no}
Work Note: Update step status and part-wise completion in workspace.","2.00","2.00",NULL,"2.00","PENDING",True,NULL,"{""channels"": {""push"": true, ""email"": true, ""workspace"": true}, ""eventType"": ""PROC_START"", ""jobTypeCode"": ""JOB_WORK"", ""jobTypeName"": ""Job Work / Labour Job"", ""processCode"": ""LOAD"", ""printingMode"": null, ""isFullProcess"": false, ""isOutsourceJob"": false, ""isSingleProcess"": true, ""isInhouseMaterial"": false, ""isCustomerMaterial"": true, ""allowAdvancePayment"": true, ""requireCostingApproval"": false}","{""model"": ""agentic-workspace-v1"", ""enabled"": true, ""purpose"": ""process-work-guidance""}","{""seededFrom"": ""mst_process + mst_job_type + mst_department"", ""taskTypeLogic"": ""process.isapprovalrequired + client approval + job-type nature"", ""partyRoutingDepartment"": 9999}","NORMAL",True,True,281,"SYSTEM","2026-04-16 08:57:33.887592",NULL,"2026-04-16 08:57:33.887592"
"2194",1024,"JOB_WORK",28,28,"LOAD","LOAD","1013","TASK_ASSIGNED","Loading Assigned",NULL,0,"INTERNAL",True,False,False,False,False,False,False,False,False,True,True,False,"P_LOAD","[JOB_WORK] Loading [TASK_ASSIGNED] - {job_no}","Process: Loading (LOAD)
Event: TASK_ASSIGNED
Job No: {job_no}
Work Note: Update step status and part-wise completion in workspace.","2.00","2.00",NULL,"2.00","PENDING",True,NULL,"{""channels"": {""push"": true, ""email"": true, ""workspace"": true}, ""eventType"": ""TASK_ASSIGNED"", ""jobTypeCode"": ""JOB_WORK"", ""jobTypeName"": ""Job Work / Labour Job"", ""processCode"": ""LOAD"", ""printingMode"": null, ""isFullProcess"": false, ""isOutsourceJob"": false, ""isSingleProcess"": true, ""isInhouseMaterial"": false, ""isCustomerMaterial"": true, ""allowAdvancePayment"": true, ""requireCostingApproval"": false}","{""model"": ""agentic-workspace-v1"", ""enabled"": true, ""purpose"": ""process-work-guidance""}","{""seededFrom"": ""mst_process + mst_job_type + mst_department"", ""taskTypeLogic"": ""process.isapprovalrequired + client approval + job-type nature"", ""partyRoutingDepartment"": 9999}","NORMAL",True,True,282,"SYSTEM","2026-04-16 08:57:33.887592",NULL,"2026-04-16 08:57:33.887592"
"2195",1024,"JOB_WORK",28,28,"LOAD","LOAD","1013","TASK_OVERDUE","Loading Overdue",NULL,0,"INTERNAL",True,False,False,False,False,False,False,False,False,True,True,False,"P_LOAD","[JOB_WORK] Loading [TASK_OVERDUE] - {job_no}","Process: Loading (LOAD)
Event: TASK_OVERDUE
Job No: {job_no}
Work Note: Update step status and part-wise completion in workspace.","2.00","2.00",NULL,"2.00","OVERDUE",False,NULL,"{""channels"": {""push"": true, ""email"": true, ""workspace"": true}, ""eventType"": ""TASK_OVERDUE"", ""jobTypeCode"": ""JOB_WORK"", ""jobTypeName"": ""Job Work / Labour Job"", ""processCode"": ""LOAD"", ""printingMode"": null, ""isFullProcess"": false, ""isOutsourceJob"": false, ""isSingleProcess"": true, ""isInhouseMaterial"": false, ""isCustomerMaterial"": true, ""allowAdvancePayment"": true, ""requireCostingApproval"": false}","{""model"": ""agentic-workspace-v1"", ""enabled"": true, ""purpose"": ""process-work-guidance""}","{""seededFrom"": ""mst_process + mst_job_type + mst_department"", ""taskTypeLogic"": ""process.isapprovalrequired + client approval + job-type nature"", ""partyRoutingDepartment"": 9999}","NORMAL",True,True,283,"SYSTEM","2026-04-16 08:57:33.887592",NULL,"2026-04-16 08:57:33.887592"
"2196",1024,"JOB_WORK",28,28,"LOAD","LOAD","1013","TASK_COMPLETED","Loading Completed",NULL,0,"INTERNAL",True,False,False,False,False,False,False,False,False,True,True,False,"P_LOAD","[JOB_WORK] Loading [TASK_COMPLETED] - {job_no}","Process: Loading (LOAD)
Event: TASK_COMPLETED
Job No: {job_no}
Work Note: Update step status and part-wise completion in workspace.","2.00","2.00",NULL,"2.00","COMPLETED",False,NULL,"{""channels"": {""push"": true, ""email"": true, ""workspace"": true}, ""eventType"": ""TASK_COMPLETED"", ""jobTypeCode"": ""JOB_WORK"", ""jobTypeName"": ""Job Work / Labour Job"", ""processCode"": ""LOAD"", ""printingMode"": null, ""isFullProcess"": false, ""isOutsourceJob"": false, ""isSingleProcess"": true, ""isInhouseMaterial"": false, ""isCustomerMaterial"": true, ""allowAdvancePayment"": true, ""requireCostingApproval"": false}","{""model"": ""agentic-workspace-v1"", ""enabled"": true, ""purpose"": ""process-work-guidance""}","{""seededFrom"": ""mst_process + mst_job_type + mst_department"", ""taskTypeLogic"": ""process.isapprovalrequired + client approval + job-type nature"", ""partyRoutingDepartment"": 9999}","NORMAL",True,True,284,"SYSTEM","2026-04-16 08:57:33.887592",NULL,"2026-04-16 08:57:33.887592"
"2197",1024,"JOB_WORK",29,29,"CHALLAN","CHALLAN","1004","PROC_START","Delivery Challan Started",NULL,1,"INTERNAL",True,True,False,True,False,False,False,False,False,True,True,False,"P_CHALLAN","[JOB_WORK] Challan [PROC_START] - {job_no}","Process: Delivery Challan (CHALLAN)
Event: PROC_START
Job No: {job_no}
Work Note: Update step status and part-wise completion in workspace.","2.00","1.00","DEPT_HEAD","2.00","PENDING",True,NULL,"{""channels"": {""push"": true, ""email"": true, ""workspace"": true}, ""eventType"": ""PROC_START"", ""jobTypeCode"": ""JOB_WORK"", ""jobTypeName"": ""Job Work / Labour Job"", ""processCode"": ""CHALLAN"", ""printingMode"": null, ""isFullProcess"": false, ""isOutsourceJob"": false, ""isSingleProcess"": true, ""isInhouseMaterial"": false, ""isCustomerMaterial"": true, ""allowAdvancePayment"": true, ""requireCostingApproval"": false}","{""model"": ""agentic-workspace-v1"", ""enabled"": true, ""purpose"": ""process-work-guidance""}","{""seededFrom"": ""mst_process + mst_job_type + mst_department"", ""taskTypeLogic"": ""process.isapprovalrequired + client approval + job-type nature"", ""partyRoutingDepartment"": 9999}","HIGH",True,True,291,"SYSTEM","2026-04-16 08:57:33.887592",NULL,"2026-04-16 08:57:33.887592"
"2198",1024,"JOB_WORK",29,29,"CHALLAN","CHALLAN","1004","TASK_ASSIGNED","Delivery Challan Assigned",NULL,1,"INTERNAL",True,True,False,True,False,False,False,False,False,True,True,False,"P_CHALLAN","[JOB_WORK] Challan [TASK_ASSIGNED] - {job_no}","Process: Delivery Challan (CHALLAN)
Event: TASK_ASSIGNED
Job No: {job_no}
Work Note: Update step status and part-wise completion in workspace.","2.00","1.00","DEPT_HEAD","2.00","PENDING",True,NULL,"{""channels"": {""push"": true, ""email"": true, ""workspace"": true}, ""eventType"": ""TASK_ASSIGNED"", ""jobTypeCode"": ""JOB_WORK"", ""jobTypeName"": ""Job Work / Labour Job"", ""processCode"": ""CHALLAN"", ""printingMode"": null, ""isFullProcess"": false, ""isOutsourceJob"": false, ""isSingleProcess"": true, ""isInhouseMaterial"": false, ""isCustomerMaterial"": true, ""allowAdvancePayment"": true, ""requireCostingApproval"": false}","{""model"": ""agentic-workspace-v1"", ""enabled"": true, ""purpose"": ""process-work-guidance""}","{""seededFrom"": ""mst_process + mst_job_type + mst_department"", ""taskTypeLogic"": ""process.isapprovalrequired + client approval + job-type nature"", ""partyRoutingDepartment"": 9999}","HIGH",True,True,292,"SYSTEM","2026-04-16 08:57:33.887592",NULL,"2026-04-16 08:57:33.887592"
"2199",1024,"JOB_WORK",29,29,"CHALLAN","CHALLAN","1004","TASK_OVERDUE","Delivery Challan Overdue",NULL,1,"INTERNAL",True,True,False,True,False,False,False,False,False,True,True,False,"P_CHALLAN","[JOB_WORK] Challan [TASK_OVERDUE] - {job_no}","Process: Delivery Challan (CHALLAN)
Event: TASK_OVERDUE
Job No: {job_no}
Work Note: Update step status and part-wise completion in workspace.","2.00","1.00","DEPT_HEAD","2.00","OVERDUE",False,NULL,"{""channels"": {""push"": true, ""email"": true, ""workspace"": true}, ""eventType"": ""TASK_OVERDUE"", ""jobTypeCode"": ""JOB_WORK"", ""jobTypeName"": ""Job Work / Labour Job"", ""processCode"": ""CHALLAN"", ""printingMode"": null, ""isFullProcess"": false, ""isOutsourceJob"": false, ""isSingleProcess"": true, ""isInhouseMaterial"": false, ""isCustomerMaterial"": true, ""allowAdvancePayment"": true, ""requireCostingApproval"": false}","{""model"": ""agentic-workspace-v1"", ""enabled"": true, ""purpose"": ""process-work-guidance""}","{""seededFrom"": ""mst_process + mst_job_type + mst_department"", ""taskTypeLogic"": ""process.isapprovalrequired + client approval + job-type nature"", ""partyRoutingDepartment"": 9999}","HIGH",True,True,293,"SYSTEM","2026-04-16 08:57:33.887592",NULL,"2026-04-16 08:57:33.887592"
"2200",1024,"JOB_WORK",29,29,"CHALLAN","CHALLAN","1004","TASK_COMPLETED","Delivery Challan Completed",NULL,1,"INTERNAL",True,True,False,True,False,False,False,False,False,True,True,False,"P_CHALLAN","[JOB_WORK] Challan [TASK_COMPLETED] - {job_no}","Process: Delivery Challan (CHALLAN)
Event: TASK_COMPLETED
Job No: {job_no}
Work Note: Update step status and part-wise completion in workspace.","2.00","1.00","DEPT_HEAD","2.00","COMPLETED",False,NULL,"{""channels"": {""push"": true, ""email"": true, ""workspace"": true}, ""eventType"": ""TASK_COMPLETED"", ""jobTypeCode"": ""JOB_WORK"", ""jobTypeName"": ""Job Work / Labour Job"", ""processCode"": ""CHALLAN"", ""printingMode"": null, ""isFullProcess"": false, ""isOutsourceJob"": false, ""isSingleProcess"": true, ""isInhouseMaterial"": false, ""isCustomerMaterial"": true, ""allowAdvancePayment"": true, ""requireCostingApproval"": false}","{""model"": ""agentic-workspace-v1"", ""enabled"": true, ""purpose"": ""process-work-guidance""}","{""seededFrom"": ""mst_process + mst_job_type + mst_department"", ""taskTypeLogic"": ""process.isapprovalrequired + client approval + job-type nature"", ""partyRoutingDepartment"": 9999}","HIGH",True,True,294,"SYSTEM","2026-04-16 08:57:33.887592",NULL,"2026-04-16 08:57:33.887592"
"2201",1024,"JOB_WORK",30,30,"GATE_PASS","GATE_PASS","1018","PROC_START","Gate Pass Started",NULL,1,"INTERNAL",True,True,False,True,False,False,False,False,False,True,True,False,"P_GATE","[JOB_WORK] Gate Pass [PROC_START] - {job_no}","Process: Gate Pass (GATE_PASS)
Event: PROC_START
Job No: {job_no}
Work Note: Update step status and part-wise completion in workspace.","1.00","1.00","DEPT_HEAD","2.00","PENDING",True,NULL,"{""channels"": {""push"": true, ""email"": true, ""workspace"": true}, ""eventType"": ""PROC_START"", ""jobTypeCode"": ""JOB_WORK"", ""jobTypeName"": ""Job Work / Labour Job"", ""processCode"": ""GATE_PASS"", ""printingMode"": null, ""isFullProcess"": false, ""isOutsourceJob"": false, ""isSingleProcess"": true, ""isInhouseMaterial"": false, ""isCustomerMaterial"": true, ""allowAdvancePayment"": true, ""requireCostingApproval"": false}","{""model"": ""agentic-workspace-v1"", ""enabled"": true, ""purpose"": ""process-work-guidance""}","{""seededFrom"": ""mst_process + mst_job_type + mst_department"", ""taskTypeLogic"": ""process.isapprovalrequired + client approval + job-type nature"", ""partyRoutingDepartment"": 9999}","HIGH",True,True,301,"SYSTEM","2026-04-16 08:57:33.887592",NULL,"2026-04-16 08:57:33.887592"
"2202",1024,"JOB_WORK",30,30,"GATE_PASS","GATE_PASS","1018","TASK_ASSIGNED","Gate Pass Assigned",NULL,1,"INTERNAL",True,True,False,True,False,False,False,False,False,True,True,False,"P_GATE","[JOB_WORK] Gate Pass [TASK_ASSIGNED] - {job_no}","Process: Gate Pass (GATE_PASS)
Event: TASK_ASSIGNED
Job No: {job_no}
Work Note: Update step status and part-wise completion in workspace.","1.00","1.00","DEPT_HEAD","2.00","PENDING",True,NULL,"{""channels"": {""push"": true, ""email"": true, ""workspace"": true}, ""eventType"": ""TASK_ASSIGNED"", ""jobTypeCode"": ""JOB_WORK"", ""jobTypeName"": ""Job Work / Labour Job"", ""processCode"": ""GATE_PASS"", ""printingMode"": null, ""isFullProcess"": false, ""isOutsourceJob"": false, ""isSingleProcess"": true, ""isInhouseMaterial"": false, ""isCustomerMaterial"": true, ""allowAdvancePayment"": true, ""requireCostingApproval"": false}","{""model"": ""agentic-workspace-v1"", ""enabled"": true, ""purpose"": ""process-work-guidance""}","{""seededFrom"": ""mst_process + mst_job_type + mst_department"", ""taskTypeLogic"": ""process.isapprovalrequired + client approval + job-type nature"", ""partyRoutingDepartment"": 9999}","HIGH",True,True,302,"SYSTEM","2026-04-16 08:57:33.887592",NULL,"2026-04-16 08:57:33.887592"
"2203",1024,"JOB_WORK",30,30,"GATE_PASS","GATE_PASS","1018","TASK_OVERDUE","Gate Pass Overdue",NULL,1,"INTERNAL",True,True,False,True,False,False,False,False,False,True,True,False,"P_GATE","[JOB_WORK] Gate Pass [TASK_OVERDUE] - {job_no}","Process: Gate Pass (GATE_PASS)
Event: TASK_OVERDUE
Job No: {job_no}
Work Note: Update step status and part-wise completion in workspace.","1.00","1.00","DEPT_HEAD","2.00","OVERDUE",False,NULL,"{""channels"": {""push"": true, ""email"": true, ""workspace"": true}, ""eventType"": ""TASK_OVERDUE"", ""jobTypeCode"": ""JOB_WORK"", ""jobTypeName"": ""Job Work / Labour Job"", ""processCode"": ""GATE_PASS"", ""printingMode"": null, ""isFullProcess"": false, ""isOutsourceJob"": false, ""isSingleProcess"": true, ""isInhouseMaterial"": false, ""isCustomerMaterial"": true, ""allowAdvancePayment"": true, ""requireCostingApproval"": false}","{""model"": ""agentic-workspace-v1"", ""enabled"": true, ""purpose"": ""process-work-guidance""}","{""seededFrom"": ""mst_process + mst_job_type + mst_department"", ""taskTypeLogic"": ""process.isapprovalrequired + client approval + job-type nature"", ""partyRoutingDepartment"": 9999}","HIGH",True,True,303,"SYSTEM","2026-04-16 08:57:33.887592",NULL,"2026-04-16 08:57:33.887592"
"2204",1024,"JOB_WORK",30,30,"GATE_PASS","GATE_PASS","1018","TASK_COMPLETED","Gate Pass Completed",NULL,1,"INTERNAL",True,True,False,True,False,False,False,False,False,True,True,False,"P_GATE","[JOB_WORK] Gate Pass [TASK_COMPLETED] - {job_no}","Process: Gate Pass (GATE_PASS)
Event: TASK_COMPLETED
Job No: {job_no}
Work Note: Update step status and part-wise completion in workspace.","1.00","1.00","DEPT_HEAD","2.00","COMPLETED",False,NULL,"{""channels"": {""push"": true, ""email"": true, ""workspace"": true}, ""eventType"": ""TASK_COMPLETED"", ""jobTypeCode"": ""JOB_WORK"", ""jobTypeName"": ""Job Work / Labour Job"", ""processCode"": ""GATE_PASS"", ""printingMode"": null, ""isFullProcess"": false, ""isOutsourceJob"": false, ""isSingleProcess"": true, ""isInhouseMaterial"": false, ""isCustomerMaterial"": true, ""allowAdvancePayment"": true, ""requireCostingApproval"": false}","{""model"": ""agentic-workspace-v1"", ""enabled"": true, ""purpose"": ""process-work-guidance""}","{""seededFrom"": ""mst_process + mst_job_type + mst_department"", ""taskTypeLogic"": ""process.isapprovalrequired + client approval + job-type nature"", ""partyRoutingDepartment"": 9999}","HIGH",True,True,304,"SYSTEM","2026-04-16 08:57:33.887592",NULL,"2026-04-16 08:57:33.887592"
"2205",1024,"JOB_WORK",31,31,"DISPATCH","DISPATCH","1013","PROC_START","Dispatch Started",NULL,0,"INTERNAL",True,False,False,False,False,False,False,False,False,True,True,False,"P_DISPATCH","[JOB_WORK] Dispatch [PROC_START] - {job_no}","Process: Dispatch (DISPATCH)
Event: PROC_START
Job No: {job_no}
Work Note: Update step status and part-wise completion in workspace.","2.00","1.00",NULL,"2.00","PENDING",True,NULL,"{""channels"": {""push"": true, ""email"": true, ""workspace"": true}, ""eventType"": ""PROC_START"", ""jobTypeCode"": ""JOB_WORK"", ""jobTypeName"": ""Job Work / Labour Job"", ""processCode"": ""DISPATCH"", ""printingMode"": null, ""isFullProcess"": false, ""isOutsourceJob"": false, ""isSingleProcess"": true, ""isInhouseMaterial"": false, ""isCustomerMaterial"": true, ""allowAdvancePayment"": true, ""requireCostingApproval"": false}","{""model"": ""agentic-workspace-v1"", ""enabled"": true, ""purpose"": ""process-work-guidance""}","{""seededFrom"": ""mst_process + mst_job_type + mst_department"", ""taskTypeLogic"": ""process.isapprovalrequired + client approval + job-type nature"", ""partyRoutingDepartment"": 9999}","NORMAL",True,True,311,"SYSTEM","2026-04-16 08:57:33.887592",NULL,"2026-04-16 08:57:33.887592"
"2206",1024,"JOB_WORK",31,31,"DISPATCH","DISPATCH","1013","TASK_ASSIGNED","Dispatch Assigned",NULL,0,"INTERNAL",True,False,False,False,False,False,False,False,False,True,True,False,"P_DISPATCH","[JOB_WORK] Dispatch [TASK_ASSIGNED] - {job_no}","Process: Dispatch (DISPATCH)
Event: TASK_ASSIGNED
Job No: {job_no}
Work Note: Update step status and part-wise completion in workspace.","2.00","1.00",NULL,"2.00","PENDING",True,NULL,"{""channels"": {""push"": true, ""email"": true, ""workspace"": true}, ""eventType"": ""TASK_ASSIGNED"", ""jobTypeCode"": ""JOB_WORK"", ""jobTypeName"": ""Job Work / Labour Job"", ""processCode"": ""DISPATCH"", ""printingMode"": null, ""isFullProcess"": false, ""isOutsourceJob"": false, ""isSingleProcess"": true, ""isInhouseMaterial"": false, ""isCustomerMaterial"": true, ""allowAdvancePayment"": true, ""requireCostingApproval"": false}","{""model"": ""agentic-workspace-v1"", ""enabled"": true, ""purpose"": ""process-work-guidance""}","{""seededFrom"": ""mst_process + mst_job_type + mst_department"", ""taskTypeLogic"": ""process.isapprovalrequired + client approval + job-type nature"", ""partyRoutingDepartment"": 9999}","NORMAL",True,True,312,"SYSTEM","2026-04-16 08:57:33.887592",NULL,"2026-04-16 08:57:33.887592"
"2207",1024,"JOB_WORK",31,31,"DISPATCH","DISPATCH","1013","TASK_OVERDUE","Dispatch Overdue",NULL,0,"INTERNAL",True,False,False,False,False,False,False,False,False,True,True,False,"P_DISPATCH","[JOB_WORK] Dispatch [TASK_OVERDUE] - {job_no}","Process: Dispatch (DISPATCH)
Event: TASK_OVERDUE
Job No: {job_no}
Work Note: Update step status and part-wise completion in workspace.","2.00","1.00",NULL,"2.00","OVERDUE",False,NULL,"{""channels"": {""push"": true, ""email"": true, ""workspace"": true}, ""eventType"": ""TASK_OVERDUE"", ""jobTypeCode"": ""JOB_WORK"", ""jobTypeName"": ""Job Work / Labour Job"", ""processCode"": ""DISPATCH"", ""printingMode"": null, ""isFullProcess"": false, ""isOutsourceJob"": false, ""isSingleProcess"": true, ""isInhouseMaterial"": false, ""isCustomerMaterial"": true, ""allowAdvancePayment"": true, ""requireCostingApproval"": false}","{""model"": ""agentic-workspace-v1"", ""enabled"": true, ""purpose"": ""process-work-guidance""}","{""seededFrom"": ""mst_process + mst_job_type + mst_department"", ""taskTypeLogic"": ""process.isapprovalrequired + client approval + job-type nature"", ""partyRoutingDepartment"": 9999}","NORMAL",True,True,313,"SYSTEM","2026-04-16 08:57:33.887592",NULL,"2026-04-16 08:57:33.887592"
"2208",1024,"JOB_WORK",31,31,"DISPATCH","DISPATCH","1013","TASK_COMPLETED","Dispatch Completed",NULL,0,"INTERNAL",True,False,False,False,False,False,False,False,False,True,True,False,"P_DISPATCH","[JOB_WORK] Dispatch [TASK_COMPLETED] - {job_no}","Process: Dispatch (DISPATCH)
Event: TASK_COMPLETED
Job No: {job_no}
Work Note: Update step status and part-wise completion in workspace.","2.00","1.00",NULL,"2.00","COMPLETED",False,NULL,"{""channels"": {""push"": true, ""email"": true, ""workspace"": true}, ""eventType"": ""TASK_COMPLETED"", ""jobTypeCode"": ""JOB_WORK"", ""jobTypeName"": ""Job Work / Labour Job"", ""processCode"": ""DISPATCH"", ""printingMode"": null, ""isFullProcess"": false, ""isOutsourceJob"": false, ""isSingleProcess"": true, ""isInhouseMaterial"": false, ""isCustomerMaterial"": true, ""allowAdvancePayment"": true, ""requireCostingApproval"": false}","{""model"": ""agentic-workspace-v1"", ""enabled"": true, ""purpose"": ""process-work-guidance""}","{""seededFrom"": ""mst_process + mst_job_type + mst_department"", ""taskTypeLogic"": ""process.isapprovalrequired + client approval + job-type nature"", ""partyRoutingDepartment"": 9999}","NORMAL",True,True,314,"SYSTEM","2026-04-16 08:57:33.887592",NULL,"2026-04-16 08:57:33.887592"
